datetime,forecast_avg_wind_speed_wMean,forecast_avg_temperature_wMean,forecast_avg_dewpoint_wMean,forecast_avg_dswrf_wMean,forecast_avg_precipitation_wMean,avg_coal_production_forecast,avg_nat_gas_production_forecast,avg_wind_production_forecast
2023-01-01 00:00:00,7.705620689895653,284.7190214510705,281.7096803897461,0.0,0.1919833328885568,1492.7879,946.78002,227.81135
2023-01-01 01:00:00,7.666920985392883,285.0442567916974,282.0113855213709,0.0,0.1961757769371946,1482.86403,950.42503,225.687
2023-01-01 02:00:00,7.666920985392883,285.0442567916974,282.0113855213709,0.0,0.1961757769371946,1450.86041,947.94562,218.90735
2023-01-01 03:00:00,7.666920985392883,285.0442567916974,282.0113855213709,0.0,0.1961757769371946,1439.82182,951.13099,215.36752
2023-01-01 04:00:00,8.505633024566723,289.0984887336104,283.9520656923045,0.0,9.42304220229969e-05,1425.33417,933.38192,223.943
2023-01-01 05:00:00,8.505633024566723,289.0984887336104,283.9520656923045,0.0,9.42304220229969e-05,1429.37989,922.43095,226.43588
2023-01-01 06:00:00,8.350599330721968,288.842860152238,283.543293122356,0.0,0.0002821497178786,1452.32807,923.00766,222.70027
2023-01-01 07:00:00,6.991821970503183,287.771005393212,283.28263522360885,0.0,0.0038980736915731,1426.44528,915.74198,227.58493
2023-01-01 08:00:00,6.991821970503183,287.771005393212,283.28263522360885,0.0,0.0038980736915731,1428.68464,915.78573,227.81467
2023-01-01 09:00:00,6.991821970503183,287.771005393212,283.28263522360885,0.0,0.0038980736915731,1431.09903,924.29997,220.33633
2023-01-01 10:00:00,7.117508086658273,286.9861896156209,283.0857887285765,42.8692315683544,0.001006818532097,1430.70664,913.69704,228.38449
2023-01-01 11:00:00,7.117508086658273,286.9861896156209,283.0857887285765,42.8692315683544,0.001006818532097,1473.13219,904.98135,237.09463
2023-01-01 12:00:00,4.343405466696579,282.42107243976216,279.0443753005102,43.05550420688587,0.0008629878151446,1518.49479,894.35902,245.91838
2023-01-01 13:00:00,3.555398830567556,280.93205763367314,277.8498285135207,207.3766000429504,0.0042247437731114,1556.37268,902.51522,247.41682
2023-01-01 14:00:00,3.555398830567556,280.93205763367314,277.8498285135207,207.3766000429504,0.0042247437731114,1602.70275,913.03542,252.35455
2023-01-01 15:00:00,3.555398830567556,280.93205763367314,277.8498285135207,207.3766000429504,0.0042247437731114,1629.74688,934.13909,263.97013
2023-01-01 16:00:00,3.0606886031392886,279.7987728487923,277.0196593368539,408.6316742363514,0.0024962979237092,1638.27693,928.30407,270.7396
2023-01-01 17:00:00,3.0606886031392886,279.7987728487923,277.0196593368539,408.6316742363514,0.0024962979237092,1656.5086,906.48657,286.46418
2023-01-01 18:00:00,3.980608765119509,280.3724157182344,278.2046053955144,409.69853423228994,0.0023076788237177,1678.47119,906.78522,285.56053
2023-01-01 19:00:00,3.440043207863805,283.00360581118764,278.01442935240794,244.82057335817765,0.0063725335527274,1679.84212,898.44838,285.95926
2023-01-01 20:00:00,3.440043207863805,283.00360581118764,278.01442935240794,244.82057335817765,0.0063725335527274,1675.80129,891.28272,284.68083
2023-01-01 21:00:00,3.440043207863805,283.00360581118764,278.01442935240794,244.82057335817765,0.0063725335527274,1664.88506,885.90182,280.12831
2023-01-01 22:00:00,2.7122444131936394,283.9797864631947,277.7602081294027,0.0,0.0028109876469576,1649.1697,891.21657,271.64809
2023-01-01 23:00:00,2.7122444131936394,283.9797864631947,277.7602081294027,0.0,0.0028109876469576,1645.5122,902.41926,275.73629
2023-01-02 00:00:00,2.4985308486407103,280.2614755926073,277.1831278426847,0.0,0.0035800342798215,1667.18113,900.85818,283.43189
2023-01-02 01:00:00,2.5117131311510787,279.14318514318825,277.00990090238093,0.0,0.0073908526626729,1641.52132,906.23791,277.57929
2023-01-02 02:00:00,2.5117131311510787,279.14318514318825,277.00990090238093,0.0,0.0073908526626729,1590.09847,904.80895,267.35451
2023-01-02 03:00:00,2.5117131311510787,279.14318514318825,277.00990090238093,0.0,0.0073908526626729,1561.81727,908.18572,261.68015
2023-01-02 04:00:00,2.54468810824574,278.5986779658014,276.88798868049446,0.0,0.001566744908977,1527.28841,891.98126,270.39757
2023-01-02 05:00:00,2.54468810824574,278.5986779658014,276.88798868049446,0.0,0.001566744908977,1513.08447,881.95675,272.19259
2023-01-02 06:00:00,2.751396163471445,280.29028868218546,278.87079393698104,0.0,0.002230417647401,1526.68182,883.44121,266.44999
2023-01-02 07:00:00,2.411929712899392,280.4477684271402,279.3170795786249,0.0,0.0044085875170866,1482.07752,877.29115,269.7766
2023-01-02 08:00:00,2.411929712899392,280.4477684271402,279.3170795786249,0.0,0.0044085875170866,1475.14497,878.01203,268.35239
2023-01-02 09:00:00,2.411929712899392,280.4477684271402,279.3170795786249,0.0,0.0044085875170866,1476.05557,887.7392,257.70234
2023-01-02 10:00:00,2.359555030247636,281.2411219929145,280.0959283898514,43.69045655675534,0.0,1480.70097,878.67318,265.51935
2023-01-02 11:00:00,2.359555030247636,281.2411219929145,280.0959283898514,43.69045655675534,0.0,1546.13659,871.51299,273.54833
2023-01-02 12:00:00,3.219872897161022,284.54179516084986,280.64854896206054,43.39025796769597,0.0,1615.58584,862.55358,281.76953
2023-01-02 13:00:00,2.92565026658722,285.3840819054696,280.9487723322509,212.7358680737941,0.0,1676.90305,870.37627,282.36638
2023-01-02 14:00:00,2.92565026658722,285.3840819054696,280.9487723322509,212.7358680737941,0.0,1744.45107,879.66714,286.94689
2023-01-02 15:00:00,2.92565026658722,285.3840819054696,280.9487723322509,212.7358680737941,0.0,1783.51118,898.89996,298.84485
2023-01-02 16:00:00,2.3539906587268247,282.5728473564526,280.35209706090484,434.2422935036362,0.0,1799.61894,892.7666,305.91138
2023-01-02 17:00:00,2.3539906587268247,282.5728473564526,280.35209706090484,434.2422935036362,0.0,1827.72899,872.35442,321.76804
2023-01-02 18:00:00,2.599649817843762,280.93372408206346,278.270674149254,435.5276059316343,0.0,1863.5951,872.13004,319.49982
2023-01-02 19:00:00,2.679399914042065,279.9393653822026,277.1378416911648,260.14688666823565,0.0,1870.60783,863.19656,320.10352
2023-01-02 20:00:00,2.679399914042065,279.9393653822026,277.1378416911648,260.14688666823565,0.0,1864.37442,856.05406,318.92432
2023-01-02 21:00:00,2.679399914042065,279.9393653822026,277.1378416911648,260.14688666823565,0.0,1850.85134,851.7756,314.07199
2023-01-02 22:00:00,2.5160070736678417,279.0807445291964,276.0615947746013,0.0,0.0,1836.89571,857.26681,304.60056
2023-01-02 23:00:00,2.5160070736678417,279.0807445291964,276.0615947746013,0.0,0.0,1833.52869,869.09937,308.08349
2023-01-03 00:00:00,2.229310998885825,278.0973011684339,274.4629196432412,0.0,0.0,1794.71444,941.06514,329.05324
2023-01-03 01:00:00,2.0709403326887834,279.83429362928257,275.1682779658714,0.0,0.0,1762.48107,945.19854,320.14269
2023-01-03 02:00:00,2.0709403326887834,279.83429362928257,275.1682779658714,0.0,0.0,1705.71412,943.25114,307.09208
2023-01-03 03:00:00,2.0709403326887834,279.83429362928257,275.1682779658714,0.0,0.0,1675.22566,946.77191,299.66696
2023-01-03 04:00:00,3.11981139051169,285.0197926463218,276.2275087365507,0.0,0.0,1639.97074,929.54175,308.50083
2023-01-03 05:00:00,3.11981139051169,285.0197926463218,276.2275087365507,0.0,0.0,1631.12602,919.10558,309.7234
2023-01-03 06:00:00,3.5247774382904384,287.172895006232,278.8296014247516,0.0,0.0,1652.31764,920.08454,302.33466
2023-01-03 07:00:00,3.1456823676475,283.1304455337006,279.1755508114548,0.0,0.0,1612.34103,913.23752,304.38331
2023-01-03 08:00:00,3.1456823676475,283.1304455337006,279.1755508114548,0.0,0.0,1607.72931,913.46078,301.60248
2023-01-03 09:00:00,3.1456823676475,283.1304455337006,279.1755508114548,0.0,0.0,1606.96957,922.12002,288.35088
2023-01-03 10:00:00,3.728772439325128,282.69753910729213,279.82761298468614,46.90993839688784,0.0,1612.15735,911.54578,295.97832
2023-01-03 11:00:00,3.728772439325128,282.69753910729213,279.82761298468614,46.90993839688784,0.0,1677.44803,902.8375,303.44862
2023-01-03 12:00:00,3.6870535988211626,282.4966863859968,280.46396531469674,47.45022555052645,0.0,1745.64265,892.19341,311.17555
2023-01-03 13:00:00,3.994861971324713,282.93513103075446,281.5577386063492,217.3744323424031,0.0,1801.39378,900.0478,311.03287
2023-01-03 14:00:00,3.994861971324713,282.93513103075446,281.5577386063492,217.3744323424031,0.0,1864.9289,910.19515,315.3204
2023-01-03 15:00:00,3.994861971324713,282.93513103075446,281.5577386063492,217.3744323424031,0.0,1899.26257,930.83276,327.44994
2023-01-03 16:00:00,4.455048858118915,283.7882785472343,282.824198358953,391.6058091110714,0.0012597852300132,1913.39957,924.60232,334.76014
2023-01-03 17:00:00,4.455048858118915,283.7882785472343,282.824198358953,391.6058091110714,0.0012597852300132,1939.68785,902.59942,350.72515
2023-01-03 18:00:00,4.949471788347676,285.77478692089085,284.8614622041183,396.7643245060883,0.0032683443595164,1980.1926,902.53233,347.33766
2023-01-03 19:00:00,5.922294933462421,288.09955823149454,286.122001081,232.88725009489065,0.0691912584735746,1992.52453,893.9403,348.10957
2023-01-03 20:00:00,5.922294933462421,288.09955823149454,286.122001081,232.88725009489065,0.0691912584735746,1987.3628,886.66539,347.01172
2023-01-03 21:00:00,5.922294933462421,288.09955823149454,286.122001081,232.88725009489065,0.0691912584735746,1973.84159,881.29895,341.91346
2023-01-03 22:00:00,6.177753650392638,289.0104902971582,286.2585443614505,0.0,0.1887276988333091,1960.8953,886.56514,331.62904
2023-01-03 23:00:00,6.177753650392638,289.0104902971582,286.2585443614505,0.0,0.1887276988333091,1951.76644,897.85156,334.61549
2023-01-04 00:00:00,7.526267603758765,288.9210512641031,284.9703410402643,0.0,0.1296551663617445,1897.1388,965.40809,353.71877
2023-01-04 01:00:00,7.848419028090736,288.3826639296341,283.1805243053232,0.0,0.367119027761388,1859.33979,968.75958,343.15488
2023-01-04 02:00:00,7.848419028090736,288.3826639296341,283.1805243053232,0.0,0.367119027761388,1797.76723,966.45826,328.57649
2023-01-04 03:00:00,7.848419028090736,288.3826639296341,283.1805243053232,0.0,0.367119027761388,1764.90266,970.03506,320.20483
2023-01-04 04:00:00,7.499236883892674,287.23721454605027,281.3886662836103,0.0,0.2855942501992796,1728.25666,952.15128,329.10163
2023-01-04 05:00:00,7.499236883892674,287.23721454605027,281.3886662836103,0.0,0.2855942501992796,1722.63085,941.42593,330.01469
2023-01-04 06:00:00,7.045116820068147,283.8744841921471,277.59493626879055,0.0,0.2208813145733749,1749.08438,942.06991,321.73597
2023-01-04 07:00:00,6.195776236001018,281.7574276512329,276.04952341096515,0.0,0.4166069482341191,1711.76183,934.77301,323.09367
2023-01-04 08:00:00,6.195776236001018,281.7574276512329,276.04952341096515,0.0,0.4166069482341191,1708.48996,934.68551,319.57934
2023-01-04 09:00:00,6.195776236001018,281.7574276512329,276.04952341096515,0.0,0.4166069482341191,1706.4219,942.69872,304.92125
2023-01-04 10:00:00,5.8132847931351055,281.6337827996948,275.4516334800072,26.9086175736764,0.1233594724522831,1712.22778,931.22755,312.4462
2023-01-04 11:00:00,5.8132847931351055,281.6337827996948,275.4516334800072,26.9086175736764,0.1233594724522831,1778.38644,921.6007,319.6144
2023-01-04 12:00:00,6.36282892246485,284.530740465266,275.2971254239727,28.059014988531004,0.1390472574141051,1846.66786,909.95948,327.07416
2023-01-04 13:00:00,5.421345963827154,284.93561358817624,274.9051255015671,164.84016192259242,0.2148856091946325,1899.26617,917.85902,326.53163
2023-01-04 14:00:00,5.421345963827154,284.93561358817624,274.9051255015671,164.84016192259242,0.2148856091946325,1960.71149,928.54686,330.66073
2023-01-04 15:00:00,5.421345963827154,284.93561358817624,274.9051255015671,164.84016192259242,0.2148856091946325,1992.0331,950.05836,342.91552
2023-01-04 16:00:00,3.577448422764416,281.13042125428893,274.5676531270414,336.8222113410304,0.0704734180700123,2005.02329,943.80498,350.35746
2023-01-04 17:00:00,3.577448422764416,281.13042125428893,274.5676531270414,336.8222113410304,0.0704734180700123,2030.37305,920.87487,366.38104
2023-01-04 18:00:00,3.408309852600018,280.10537227915626,273.49626452031,325.45734569577263,0.0888326454709101,2074.92395,920.93308,362.38843
2023-01-04 19:00:00,3.1870966191668613,278.91898861224195,272.9988598265412,196.90359059723968,0.1953606439741114,2091.45865,912.56584,363.25121
2023-01-04 20:00:00,3.1870966191668613,278.91898861224195,272.9988598265412,196.90359059723968,0.1953606439741114,2087.0024,905.22196,362.19736
2023-01-04 21:00:00,3.1870966191668613,278.91898861224195,272.9988598265412,196.90359059723968,0.1953606439741114,2073.37208,899.20913,356.96615
2023-01-04 22:00:00,3.0830020182705944,277.56064248839533,272.6742215939786,0.0,0.0489295800578949,2061.25247,904.34608,346.24218
2023-01-04 23:00:00,3.0830020182705944,277.56064248839533,272.6742215939786,0.0,0.0489295800578949,2047.84268,915.30134,348.96022
2023-01-05 00:00:00,3.126860824812064,275.58456709947654,271.47295628314487,0.0,0.0384808684391701,1980.21635,980.24686,364.47186
2023-01-05 01:00:00,3.926069602274122,275.9188319875019,270.9671803242312,0.0,0.0472325186818804,1937.75597,983.12182,353.18719
2023-01-05 02:00:00,3.926069602274122,275.9188319875019,270.9671803242312,0.0,0.0472325186818804,1872.02166,980.60483,337.94275
2023-01-05 03:00:00,3.926069602274122,275.9188319875019,270.9671803242312,0.0,0.0472325186818804,1836.91946,984.21586,329.1584
2023-01-05 04:00:00,4.303926404152749,278.7741735366508,270.6892161106872,0.0,0.0038175186892608,1798.72993,965.93377,338.08264
2023-01-05 05:00:00,4.303926404152749,278.7741735366508,270.6892161106872,0.0,0.0038175186892608,1795.1575,955.03213,338.8608
2023-01-05 06:00:00,4.922680696821544,278.5109432834288,269.58320392221265,0.0,0.0034950505339478,1825.44876,955.47196,330.19406
2023-01-05 07:00:00,3.486758928798483,275.2320287175414,269.59003997924185,0.0,0.0048117979693706,1789.73307,947.90087,331.25056
2023-01-05 08:00:00,3.486758928798483,275.2320287175414,269.59003997924185,0.0,0.0048117979693706,1787.27895,947.62392,327.41648
2023-01-05 09:00:00,3.486758928798483,275.2320287175414,269.59003997924185,0.0,0.0048117979693706,1784.16685,955.2434,312.14518
2023-01-05 10:00:00,3.2807150067339217,273.58025658868013,269.11652717218544,40.906679036827605,0.0,1790.56766,943.22545,319.62544
2023-01-05 11:00:00,3.2807150067339217,273.58025658868013,269.11652717218544,40.906679036827605,0.0,1857.93604,933.03859,326.66198
2023-01-05 12:00:00,2.79977078711127,273.2862697172501,269.5958872600777,41.16114665653501,0.0,1926.85039,920.78949,334.00524
2023-01-05 13:00:00,2.7310602769724115,272.48603171804336,269.2532376644008,203.8069543116505,0.0,1977.56805,928.71655,333.28841
2023-01-05 14:00:00,2.7310602769724115,272.48603171804336,269.2532376644008,203.8069543116505,0.0,2037.90038,939.73385,337.34846
2023-01-05 15:00:00,2.7310602769724115,272.48603171804336,269.2532376644008,203.8069543116505,0.0,2067.18172,961.77802,349.65785
2023-01-05 16:00:00,2.690392984056544,271.826784277284,268.91352160920883,407.5912629348968,0.0,2079.46557,955.51053,357.15719
2023-01-05 17:00:00,2.690392984056544,271.826784277284,268.91352160920883,407.5912629348968,0.0,2104.3239,932.01523,373.20632
2023-01-05 18:00:00,2.754744483664849,271.1495465316532,266.2102813935348,412.3376291039136,0.0,2152.32143,932.14977,368.94988
2023-01-05 19:00:00,2.6622234646079663,274.95735480842666,266.04362356603053,247.6734583012734,0.0,2172.22948,923.91959,369.85229
2023-01-05 20:00:00,2.6622234646079663,274.95735480842666,266.04362356603053,247.6734583012734,0.0,2168.26581,916.53361,368.81764
2023-01-05 21:00:00,2.6622234646079663,274.95735480842666,266.04362356603053,247.6734583012734,0.0,2154.48996,910.1267,363.52847
2023-01-05 22:00:00,2.8232221282535166,276.4804732124056,266.1233611173219,0.0,0.0,2143.04905,915.18491,352.61285
2023-01-05 23:00:00,2.8232221282535166,276.4804732124056,266.1233611173219,0.0,0.0,2126.34507,925.93825,355.21387
2023-01-06 00:00:00,2.1771805523155727,273.6520167157595,266.58446755532754,0.0,0.0,2047.96849,989.37544,368.16113
2023-01-06 01:00:00,2.2668213696707573,272.4860392611228,266.4634915567146,0.0,0.0,2001.63137,991.9584,356.62917
2023-01-06 02:00:00,2.2668213696707573,272.4860392611228,266.4634915567146,0.0,0.0,1932.36723,989.31029,341.15623
2023-01-06 03:00:00,2.2668213696707573,272.4860392611228,266.4634915567146,0.0,0.0,1895.28148,992.94365,332.2303
2023-01-06 04:00:00,2.444773060067186,271.95334338395065,266.621828948058,0.0,0.0,1855.61996,974.41772,341.16395
2023-01-06 05:00:00,2.444773060067186,271.95334338395065,266.621828948058,0.0,0.0,1853.43631,963.40936,341.89585
2023-01-06 06:00:00,2.326968126775707,272.13398844666995,268.15388366524473,0.0,0.0,1886.63656,963.72489,333.09594
2023-01-06 07:00:00,2.308679781509528,271.7147100035096,268.16008388264174,0.0,0.0,1851.95109,955.98622,334.04911
2023-01-06 08:00:00,2.308679781509528,271.7147100035096,268.16008388264174,0.0,0.0,1850.02567,955.59308,330.10532
2023-01-06 09:00:00,2.308679781509528,271.7147100035096,268.16008388264174,0.0,0.0,1846.07092,962.97031,314.62365
2023-01-06 10:00:00,2.5835259400096025,273.9748465329426,268.78017091718675,41.95673620490612,0.0,1853.00476,950.61537,322.08856
2023-01-06 11:00:00,2.5835259400096025,273.9748465329426,268.78017091718675,41.95673620490612,0.0,1921.61942,940.08318,329.07992
2023-01-06 12:00:00,3.544601312635698,274.8414312520006,272.1221167726876,42.103053538200086,0.0,1991.33857,927.45929,336.38322
2023-01-06 13:00:00,3.932447235786186,276.2804706968092,272.5405464623858,200.91433772016725,0.0,2040.86983,935.40217,335.60659
2023-01-06 14:00:00,3.932447235786186,276.2804706968092,272.5405464623858,200.91433772016725,0.0,2100.59313,946.62121,339.64296
2023-01-06 15:00:00,3.932447235786186,276.2804706968092,272.5405464623858,200.91433772016725,0.0,2128.41716,968.99213,351.97103
2023-01-06 16:00:00,4.674007271105555,280.4311435463183,273.6451597806073,387.6283167350135,0.0,2140.23982,962.71453,359.49012
2023-01-06 17:00:00,4.674007271105555,280.4311435463183,273.6451597806073,387.6283167350135,0.0,2164.83574,938.87002,375.548
2023-01-06 18:00:00,4.438145474614959,282.31200987289145,276.1227992719373,390.0029842325696,0.0,2215.72857,939.05024,371.20106
2023-01-06 19:00:00,3.3889094438703458,280.2258061682837,276.4888186942728,231.9256029815275,0.0,2238.36943,930.90362,372.11707
2023-01-06 20:00:00,3.3889094438703458,280.2258061682837,276.4888186942728,231.9256029815275,0.0,2234.76648,923.49135,371.08898
2023-01-06 21:00:00,3.3889094438703458,280.2258061682837,276.4888186942728,231.9256029815275,0.0,2220.84295,916.84154,365.77994
2023-01-06 22:00:00,3.286188585540491,279.5111771721282,276.4711154787565,0.0,0.0034249337453395,2209.95983,921.85095,354.79858
2023-01-06 23:00:00,3.286188585540491,279.5111771721282,276.4711154787565,0.0,0.0034249337453395,2190.6608,932.4801,357.35943
2023-01-07 00:00:00,4.152078407629434,276.27764517965534,273.55750628957423,0.0,0.0539457704667404,2103.35745,995.06375,355.17894
2023-01-07 01:00:00,4.560867972691717,277.7492452224973,274.2463560837474,0.0,0.1133200390382778,2053.81151,997.46561,344.51716
2023-01-07 02:00:00,4.560867972691717,277.7492452224973,274.2463560837474,0.0,0.1133200390382778,1981.59132,994.73717,329.84835
2023-01-07 03:00:00,4.560867972691717,277.7492452224973,274.2463560837474,0.0,0.1133200390382778,1942.80096,998.38536,321.42065
2023-01-07 04:00:00,5.158416428707817,281.09354927758113,275.19262032844006,0.0,0.0390802334045211,1901.82522,979.70872,330.32112
2023-01-07 05:00:00,5.158416428707817,281.09354927758113,275.19262032844006,0.0,0.0390802334045211,1900.62774,968.63515,331.21594
2023-01-07 06:00:00,5.158416428707817,281.09354927758113,275.19262032844006,0.0,0.0390802334045211,1936.09138,968.874,322.88449
2023-01-07 07:00:00,4.683245773412986,281.9716215558653,275.80415749663587,0.0,0.0526605031570557,1902.10218,961.03185,324.2013
2023-01-07 08:00:00,4.683245773412986,281.9716215558653,275.80415749663587,0.0,0.0526605031570557,1900.53749,960.56674,320.64356
2023-01-07 09:00:00,4.683245773412986,281.9716215558653,275.80415749663587,0.0,0.0526605031570557,1895.89814,967.7929,305.90218
2023-01-07 10:00:00,3.4086948815681763,279.81800600652053,275.9337024246964,387.4675710379792,0.0,1903.29275,955.22746,313.42105
2023-01-07 11:00:00,3.4086948815681763,279.81800600652053,275.9337024246964,387.4675710379792,0.0,1973.06155,944.47953,320.57141
2023-01-07 12:00:00,3.4086948815681763,279.81800600652053,275.9337024246964,387.4675710379792,0.0,2043.58881,931.62127,328.01535
2023-01-07 13:00:00,3.07573706860785,278.8846545599189,275.7021608248158,229.89676162836727,0.0,2092.33096,939.5732,327.44915
2023-01-07 14:00:00,3.07573706860785,278.8846545599189,275.7021608248158,229.89676162836727,0.0,2151.71182,950.91725,331.56888
2023-01-07 15:00:00,3.07573706860785,278.8846545599189,275.7021608248158,229.89676162836727,0.0,2178.45223,973.49097,343.83105
2023-01-07 16:00:00,2.9668008764938145,278.1316035452463,275.3749204444005,0.0,0.0018160667250147,2189.95763,967.20596,351.2808
2023-01-07 17:00:00,2.9668008764938145,278.1316035452463,275.3749204444005,0.0,0.0018160667250147,2214.41104,943.14266,367.30784
2023-01-07 18:00:00,2.9668008764938145,278.1316035452463,275.3749204444005,0.0,0.0018160667250147,2267.71497,943.35034,363.27941
2023-01-07 19:00:00,2.86245264017632,277.2729543576645,274.812083214468,0.0,0.0066284065362298,2292.58049,935.25523,364.14757
2023-01-07 20:00:00,2.86245264017632,277.2729543576645,274.812083214468,0.0,0.0066284065362298,2289.25104,927.8262,363.09633
2023-01-07 21:00:00,2.86245264017632,277.2729543576645,274.812083214468,0.0,0.0066284065362298,2275.19148,921.02457,357.85726
2023-01-07 22:00:00,2.74494043853551,276.5062236358193,274.03411156577425,0.0,0.0162219141915422,2264.76668,926.00346,347.10724
2023-01-07 23:00:00,2.74494043853551,276.5062236358193,274.03411156577425,0.0,0.0162219141915422,2243.39355,936.5553,349.80941
2023-01-08 00:00:00,2.2373168516504816,278.79667298991944,276.59044468817854,0.0,0.0106521759382985,2130.05555,932.51515,325.9529
2023-01-08 01:00:00,2.3390107373903453,282.435965950922,277.6074294693342,0.0,0.0644082019803441,2075.39062,936.90962,317.25014
2023-01-08 02:00:00,2.3390107373903453,282.435965950922,277.6074294693342,0.0,0.0644082019803441,1995.33362,935.06683,304.39159
2023-01-08 03:00:00,2.3390107373903453,282.435965950922,277.6074294693342,0.0,0.0644082019803441,1948.19113,938.55261,297.08544
2023-01-08 04:00:00,2.8204312344162346,283.9774808073172,280.38588958533194,18.762432692491693,0.0948065753171039,1896.49752,921.53602,305.91138
2023-01-08 05:00:00,2.8204312344162346,283.9774808073172,280.38588958533194,18.762432692491693,0.0948065753171039,1882.23399,911.18169,307.17288
2023-01-08 06:00:00,2.502237924513876,276.5575661560789,265.9407839263505,0.0,0.0119670765416746,1908.34047,912.26414,299.89601
2023-01-08 07:00:00,2.341519383545321,278.401682039084,266.70735670714305,0.0,0.0576649724613671,1861.42513,905.56135,302.03151
2023-01-08 08:00:00,2.341519383545321,278.401682039084,266.70735670714305,0.0,0.0576649724613671,1853.4985,905.88911,299.34286
2023-01-08 09:00:00,2.341519383545321,278.401682039084,266.70735670714305,0.0,0.0576649724613671,1848.9422,914.77555,286.26806
2023-01-08 10:00:00,2.5062921554748847,274.5173082646296,267.36196619922487,19.173280059710287,0.0803727627159376,1858.83339,904.5243,293.90838
2023-01-08 11:00:00,2.5062921554748847,274.5173082646296,267.36196619922487,19.173280059710287,0.0803727627159376,1941.44528,896.14783,301.41664
2023-01-08 12:00:00,2.5062921554748847,274.5173082646296,267.36196619922487,19.173280059710287,0.0803727627159376,2026.02217,885.86524,309.17718
2023-01-08 13:00:00,3.121637573659412,282.7603847726665,280.7946132121634,115.45729797918032,0.1636722996369571,2090.82256,893.71657,309.08476
2023-01-08 14:00:00,3.121637573659412,282.7603847726665,280.7946132121634,115.45729797918032,0.1636722996369571,2164.17661,903.68481,313.39217
2023-01-08 15:00:00,3.121637573659412,282.7603847726665,280.7946132121634,115.45729797918032,0.1636722996369571,2200.1776,924.02702,325.50601
2023-01-08 16:00:00,3.031847688689722,282.733032206575,281.1208685771121,247.71271669874463,0.1091957518961074,2216.96852,917.82227,332.79965
2023-01-08 17:00:00,3.031847688689722,282.733032206575,281.1208685771121,247.71271669874463,0.1091957518961074,2247.90177,896.16277,348.75727
2023-01-08 18:00:00,3.4340459249256057,282.9417670013203,281.4834341750843,250.58077975993768,0.1503197656534687,2306.37059,896.06639,345.44589
2023-01-08 19:00:00,3.910391494143221,284.14735337551883,282.33242265940794,149.82418819481208,0.3852409466731591,2331.44441,887.40427,346.20633
2023-01-08 20:00:00,3.910391494143221,284.14735337551883,282.33242265940794,149.82418819481208,0.3852409466731591,2326.31003,880.15906,345.10296
2023-01-08 21:00:00,3.910391494143221,284.14735337551883,282.33242265940794,149.82418819481208,0.3852409466731591,2310.80353,875.02576,340.02142
2023-01-08 22:00:00,4.848167235922157,286.9479443186096,284.12096996374555,0.0,0.4511143015390616,2300.80063,880.34081,329.79223
2023-01-08 23:00:00,4.848167235922157,286.9479443186096,284.12096996374555,0.0,0.4511143015390616,2282.75292,891.74324,332.81242
2023-01-09 00:00:00,4.845217785573025,287.6676372805281,285.1659653634472,0.0,0.4231185525939964,2267.45831,895.44646,352.70099
2023-01-09 01:00:00,5.017533275426545,286.4948313006048,285.03925466449687,0.0,1.2800859173001928,2202.68627,901.04428,342.20531
2023-01-09 02:00:00,5.017533275426545,286.4948313006048,285.03925466449687,0.0,1.2800859173001928,2111.4417,899.75921,327.68998
2023-01-09 03:00:00,5.017533275426545,286.4948313006048,285.03925466449687,0.0,1.2800859173001928,2055.54403,903.17431,319.35735
2023-01-09 04:00:00,5.80662962899789,286.2854900340775,284.76800814420625,0.0,1.661212974166603,1994.52854,887.16813,328.25155
2023-01-09 05:00:00,5.80662962899789,286.2854900340775,284.76800814420625,0.0,1.661212974166603,1974.57154,877.27292,329.17743
2023-01-09 06:00:00,5.216026786793705,285.58181777496293,283.9005644222101,0.0,2.0414983283938684,2000.01227,878.87892,320.93541
2023-01-09 07:00:00,4.979243471645034,284.7999059157497,282.9135444972588,0.0,3.690446008756626,1946.85244,872.87433,322.32161
2023-01-09 08:00:00,4.979243471645034,284.7999059157497,282.9135444972588,0.0,3.690446008756626,1935.8913,873.67989,318.83755
2023-01-09 09:00:00,4.979243471645034,284.7999059157497,282.9135444972588,0.0,3.690446008756626,1929.88533,883.5497,304.23751
2023-01-09 10:00:00,4.986785936548349,283.641636973409,281.5420216452915,20.79765895060721,0.8095071753798726,1942.28693,874.65661,311.76666
2023-01-09 11:00:00,4.986785936548349,283.641636973409,281.5420216452915,20.79765895060721,0.8095071753798726,2035.14743,867.67035,318.94735
2023-01-09 12:00:00,5.190042018896115,283.03957179171067,280.3419227274588,20.372436779723,0.6193654651651999,2129.94039,858.89545,326.41813
2023-01-09 13:00:00,6.3709151571037,284.83416988917804,278.63754188210623,127.58242759404008,1.0247133176778662,2202.66439,866.66575,325.8921
2023-01-09 14:00:00,6.3709151571037,284.83416988917804,278.63754188210623,127.58242759404008,1.0247133176778662,2283.66769,875.80068,330.02775
2023-01-09 15:00:00,6.3709151571037,284.83416988917804,278.63754188210623,127.58242759404008,1.0247133176778662,2322.86124,894.80131,342.27736
2023-01-09 16:00:00,6.277878666277285,284.78135243914045,277.3239610453851,292.26844937730993,0.2583923108050276,2342.13436,888.61473,349.71386
2023-01-09 17:00:00,6.277878666277285,284.78135243914045,277.3239610453851,292.26844937730993,0.2583923108050276,2376.65026,868.3502,365.73502
2023-01-09 18:00:00,4.99344137225275,281.08906200682054,275.7318579900418,282.5307192317203,0.5445497834867251,2443.50634,868.04908,361.76738
2023-01-09 19:00:00,4.686089184844024,278.939490078577,274.15031885732446,171.48016602518874,0.818553767084079,2473.57937,859.0361,362.6264
2023-01-09 20:00:00,4.686089184844024,278.939490078577,274.15031885732446,171.48016602518874,0.818553767084079,2467.95946,851.89073,361.57076
2023-01-09 21:00:00,4.686089184844024,278.939490078577,274.15031885732446,171.48016602518874,0.818553767084079,2451.28542,847.73604,356.34502
2023-01-09 22:00:00,4.259318565915516,277.1853944629734,272.8916314906382,0.0,0.2565650116641389,2442.54017,853.24454,345.63919
2023-01-09 23:00:00,4.259318565915516,277.1853944629734,272.8916314906382,0.0,0.2565650116641389,2421.9468,865.15154,348.3683
2023-01-10 00:00:00,4.032740400013269,275.4567711033306,271.66683225073365,0.0,0.2012035499944149,2356.90889,940.14868,374.23353
2023-01-10 01:00:00,4.10369744460427,274.3168520219112,271.0016726004779,0.0,0.2719484650679539,2289.51345,944.33712,362.29454
2023-01-10 02:00:00,4.10369744460427,274.3168520219112,271.0016726004779,0.0,0.2719484650679539,2198.08766,942.44094,346.44548
2023-01-10 03:00:00,4.10369744460427,274.3168520219112,271.0016726004779,0.0,0.2719484650679539,2144.83124,945.98905,337.2865
2023-01-10 04:00:00,4.768415117864649,275.1030399425078,270.5467080173665,0.0,0.0151700799187448,2088.91658,928.81428,346.23566
2023-01-10 05:00:00,4.768415117864649,275.1030399425078,270.5467080173665,0.0,0.0151700799187448,2080.25165,918.42667,346.89133
2023-01-10 06:00:00,5.716992081821623,278.3469148477525,270.14483318726815,0.0,0.0087806399036341,2116.8313,919.44556,337.87236
2023-01-10 07:00:00,5.632230644265651,279.57231383724064,270.4965592289252,0.0,0.0130418704985939,2074.2952,912.64187,338.65541
2023-01-10 08:00:00,5.632230644265651,279.57231383724064,270.4965592289252,0.0,0.0130418704985939,2068.59756,912.88583,334.53103
2023-01-10 09:00:00,5.632230644265651,279.57231383724064,270.4965592289252,0.0,0.0130418704985939,2061.19043,921.56883,318.7031
2023-01-10 10:00:00,3.865814140041426,276.54467816015426,270.9095583715002,29.35457565564015,0.0133862874292245,2072.7072,911.01299,326.14281
2023-01-10 11:00:00,3.865814140041426,276.54467816015426,270.9095583715002,29.35457565564015,0.0133862874292245,2158.63055,902.32177,333.05977
2023-01-10 12:00:00,4.04106654681007,275.2278661590822,270.6870623764902,0.0,0.0682408065826639,2244.94413,891.69367,340.29729
2023-01-10 13:00:00,4.054286103048069,274.2572219795756,270.26863752174813,0.0,0.069886917883709,2304.61935,899.52177,339.42224
2023-01-10 14:00:00,4.054286103048069,274.2572219795756,270.26863752174813,0.0,0.069886917883709,2374.94292,909.62796,343.41958
2023-01-10 15:00:00,4.054286103048069,274.2572219795756,270.26863752174813,0.0,0.069886917883709,2405.3787,930.21078,355.77851
2023-01-10 16:00:00,4.22388514907994,273.4287146755902,269.7988986367006,36.12074636221184,0.0,2420.24421,923.94734,363.33001
2023-01-10 17:00:00,4.22388514907994,273.4287146755902,269.7988986367006,36.12074636221184,0.0,2449.83935,901.94539,379.40232
2023-01-10 18:00:00,4.469074210701787,272.74699839284153,269.24179702762814,34.96737380603432,4.711521101149845e-05,2517.72219,901.8452,374.90639
2023-01-10 19:00:00,5.054197011513082,273.9798974253628,269.08079236720255,180.593890925333,4.711521101149845e-05,2552.00648,893.22759,375.84479
2023-01-10 20:00:00,5.054197011513082,273.9798974253628,269.08079236720255,180.593890925333,4.711521101149845e-05,2548.21612,885.94468,374.82754
2023-01-10 21:00:00,5.054197011513082,273.9798974253628,269.08079236720255,180.593890925333,4.711521101149845e-05,2532.31132,880.59106,369.48574
2023-01-10 22:00:00,5.980727448314146,278.0461982165473,268.8749521381859,372.9559461391056,0.0,2524.16229,885.85548,358.39619
2023-01-10 23:00:00,5.980727448314146,278.0461982165473,268.8749521381859,372.9559461391056,0.0,2497.1219,897.15484,360.89096
2023-01-11 00:00:00,5.392245028876488,279.2892846233997,269.48558787519147,365.1479080217693,0.0,2314.84292,973.19874,336.23595
2023-01-11 01:00:00,3.19867838058269,275.66524581482884,269.53930505838616,219.97507630532783,0.0,2251.44513,976.31714,326.84393
2023-01-11 02:00:00,3.19867838058269,275.66524581482884,269.53930505838616,219.97507630532783,0.0,2165.06648,973.92774,313.34845
2023-01-11 03:00:00,3.19867838058269,275.66524581482884,269.53930505838616,219.97507630532783,0.0,2116.39486,977.54206,305.64768
2023-01-11 04:00:00,2.911837854352828,274.30943217545166,269.3448510769506,0.0,0.0,2065.88491,959.46953,314.49984
2023-01-11 05:00:00,2.911837854352828,274.30943217545166,269.3448510769506,0.0,0.0,2062.38805,948.67674,315.63234
2023-01-11 06:00:00,2.7370867425206984,273.38071342950093,268.9391803189216,0.0,0.0,2101.81436,949.23175,307.98442
2023-01-11 07:00:00,2.5822350871656097,272.9261538960796,268.65361928319294,0.0,0.0014828460206405,2064.54406,941.80837,309.83185
2023-01-11 08:00:00,2.5822350871656097,272.9261538960796,268.65361928319294,0.0,0.0014828460206405,2061.42851,941.62738,306.83742
2023-01-11 09:00:00,2.5822350871656097,272.9261538960796,268.65361928319294,0.0,0.0014828460206405,2054.3608,949.43349,293.17624
2023-01-11 10:00:00,2.6101632874989544,272.7270811829176,268.49431729287335,0.0,0.0045549622976195,2064.5337,937.66509,300.77385
2023-01-11 11:00:00,2.6101632874989544,272.7270811829176,268.49431729287335,0.0,0.0045549622976195,2144.2117,927.73248,308.15617
2023-01-11 12:00:00,2.9777224991441607,274.9810761524662,269.02084525591533,0.0,0.0116252955295983,2223.94266,915.75786,315.80529
2023-01-11 13:00:00,4.081460114500128,280.0579325839934,270.6404669424144,0.0,0.0353312690166563,2277.03427,923.65552,315.5462
2023-01-11 14:00:00,4.081460114500128,280.0579325839934,270.6404669424144,0.0,0.0353312690166563,2341.43996,934.50247,319.78757
2023-01-11 15:00:00,4.081460114500128,280.0579325839934,270.6404669424144,0.0,0.0353312690166563,2368.42422,956.27904,331.95362
2023-01-11 16:00:00,4.070472088514434,281.6249584715748,272.6347596812525,13.70141730267369,0.0730470530697851,2381.15416,949.9958,339.30217
2023-01-11 17:00:00,4.070472088514434,281.6249584715748,272.6347596812525,13.70141730267369,0.0730470530697851,2407.9962,926.7464,355.28421
2023-01-11 18:00:00,3.4652415295779253,278.2601851625515,273.1853108402776,14.09971616562686,0.089701558693339,2472.29883,926.82578,351.72053
2023-01-11 19:00:00,3.696665222635848,277.36048546346336,273.61258822164314,63.6595086817003,0.3345776317018691,2505.27121,918.51922,352.51888
2023-01-11 20:00:00,3.696665222635848,277.36048546346336,273.61258822164314,63.6595086817003,0.3345776317018691,2502.1191,911.14618,351.43386
2023-01-11 21:00:00,3.696665222635848,277.36048546346336,273.61258822164314,63.6595086817003,0.3345776317018691,2486.92136,904.91879,346.29688
2023-01-11 22:00:00,3.771676567819525,277.021454831316,273.71886466591934,96.96035407982276,0.6736664745636106,2478.33647,910.00993,335.88443
2023-01-11 23:00:00,3.771676567819525,277.021454831316,273.71886466591934,96.96035407982276,0.6736664745636106,2450.98112,920.85946,338.79272
2023-01-12 00:00:00,4.059550134458326,276.9834110207593,273.9468451285206,120.640545824666,0.8846019305384855,2291.34357,999.52337,352.20648
2023-01-12 01:00:00,4.2758704478743,276.5892319591437,273.77631476825707,73.00705448001848,3.88909703486472,2230.12338,1001.78729,341.74397
2023-01-12 02:00:00,4.2758704478743,276.5892319591437,273.77631476825707,73.00705448001848,3.88909703486472,2146.46329,999.00205,327.25924
2023-01-12 03:00:00,4.2758704478743,276.5892319591437,273.77631476825707,73.00705448001848,3.88909703486472,2100.23528,1002.6667,318.94561
2023-01-12 04:00:00,4.4655114259804325,276.907628697272,273.6939740972203,0.0,3.890712976522365,2052.58639,983.87664,327.83855
2023-01-12 05:00:00,4.4655114259804325,276.907628697272,273.6939740972203,0.0,3.890712976522365,2051.76461,972.75797,328.77064
2023-01-12 06:00:00,4.636442420280143,279.4799289754054,274.3601182638665,0.0,4.653235640426134,2092.61727,972.94119,320.54644
2023-01-12 07:00:00,4.230045598290075,280.12735815677297,274.8725217140824,0.0,9.496607261873091,2058.08107,965.02213,321.94652
2023-01-12 08:00:00,4.230045598290075,280.12735815677297,274.8725217140824,0.0,9.496607261873091,2056.3055,964.50193,318.47715
2023-01-12 09:00:00,4.230045598290075,280.12735815677297,274.8725217140824,0.0,9.496607261873091,2049.43385,971.60961,303.90528
2023-01-12 10:00:00,3.394356992841847,277.695622690855,274.69148820209045,0.0,3.7751907901133945,2058.89177,958.87665,311.43651
2023-01-12 11:00:00,3.394356992841847,277.695622690855,274.69148820209045,0.0,3.7751907901133945,2135.27342,947.95679,318.62325
2023-01-12 12:00:00,2.734874323201433,276.8987392391784,274.4446416954081,0.0,4.372673486152045,2211.54092,934.91137,326.09939
2023-01-12 13:00:00,2.380265835341324,276.2544396955984,274.1824305421128,0.0,6.916133908405298,2261.2121,942.86641,325.5814
2023-01-12 14:00:00,2.380265835341324,276.2544396955984,274.1824305421128,0.0,6.916133908405298,2322.53362,954.30513,329.72021
2023-01-12 15:00:00,2.380265835341324,276.2544396955984,274.1824305421128,0.0,6.916133908405298,2347.74275,977.03438,341.9673
2023-01-12 16:00:00,2.309044569813489,275.61658864139287,273.81007037004827,24.64240951914003,1.2888413035778754,2359.36489,970.73808,349.40117
2023-01-12 17:00:00,2.309044569813489,275.61658864139287,273.81007037004827,24.64240951914003,1.2888413035778754,2384.7715,946.49784,365.42114
2023-01-12 18:00:00,2.679749617756433,274.2157307566389,272.44734548871384,24.29518909445861,1.1793919650932962,2447.13663,946.72252,361.46562
2023-01-12 19:00:00,2.901464752346787,275.14574734733606,272.2263405885196,145.93194713611544,1.5567401263913525,2479.3628,938.66504,362.32285
2023-01-12 20:00:00,2.901464752346787,275.14574734733606,272.2263405885196,145.93194713611544,1.5567401263913525,2476.53716,931.22114,361.2663
2023-01-12 21:00:00,2.901464752346787,275.14574734733606,272.2263405885196,145.93194713611544,1.5567401263913525,2461.71253,924.29873,356.04326
2023-01-12 22:00:00,3.537513809877173,279.27378033048853,273.0151749965248,337.32296435600347,0.1882995094461929,2452.88724,929.25251,345.34621
2023-01-12 23:00:00,3.537513809877173,279.27378033048853,273.0151749965248,337.32296435600347,0.1882995094461929,2425.42394,939.74378,348.08071
2023-01-13 00:00:00,3.554097452050782,281.3364803495974,273.58330123335577,335.7658496508326,0.2123104569205806,2310.66707,1004.40024,388.91081
2023-01-13 01:00:00,2.7595472851750724,277.6209176683782,273.3019171284277,202.41201467889465,0.2797595640342085,2248.67706,1006.50517,375.988
2023-01-13 02:00:00,2.7595472851750724,277.6209176683782,273.3019171284277,202.41201467889465,0.2797595640342085,2164.61377,1003.64537,359.22982
2023-01-13 03:00:00,2.7595472851750724,277.6209176683782,273.3019171284277,202.41201467889465,0.2797595640342085,2118.52842,1007.31837,349.5076
2023-01-13 04:00:00,2.744969368635977,276.34873974655966,273.0086338171361,0.0,0.02728836145871,2071.40852,988.39454,358.49419
2023-01-13 05:00:00,2.744969368635977,276.34873974655966,273.0086338171361,0.0,0.02728836145871,2072.25679,977.21431,358.96575
2023-01-13 06:00:00,2.759037017998707,275.3502736358,272.52808435674683,0.0,0.0201692110240993,2114.92216,977.32791,349.41717
2023-01-13 07:00:00,2.9249903975119373,275.0635571425264,272.56494829029293,0.0,0.0318858398808562,2081.92761,969.31618,349.78906
2023-01-13 08:00:00,2.9249903975119373,275.0635571425264,272.56494829029293,0.0,0.0318858398808562,2080.91783,968.73282,345.22824
2023-01-13 09:00:00,2.9249903975119373,275.0635571425264,272.56494829029293,0.0,0.0318858398808562,2073.76692,975.71114,328.56335
2023-01-13 10:00:00,3.0414641611034297,274.871424846687,272.52845128545545,0.0,0.0035079121366031,2083.1628,962.79996,335.94205
2023-01-13 11:00:00,3.0414641611034297,274.871424846687,272.52845128545545,0.0,0.0035079121366031,2158.74397,951.6977,342.67927
2023-01-13 12:00:00,3.1437260190029632,277.2388438975256,273.62901740164284,0.0,0.0020148324130844,2233.95578,938.45453,349.75778
2023-01-13 13:00:00,4.627832251624925,282.90106637328074,275.13215513105774,0.0,0.0126896308236788,2281.742,946.42099,348.64482
2023-01-13 14:00:00,4.627832251624925,282.90106637328074,275.13215513105774,0.0,0.0126896308236788,2341.55958,957.97001,352.5479
2023-01-13 15:00:00,4.627832251624925,282.90106637328074,275.13215513105774,0.0,0.0126896308236788,2365.43261,980.87637,364.98133
2023-01-13 16:00:00,4.487500985309733,284.4289973443987,276.09505371518094,38.92106969977732,0.0146756333403405,2376.4116,974.57866,372.61124
2023-01-13 17:00:00,4.487500985309733,284.4289973443987,276.09505371518094,38.92106969977732,0.0146756333403405,2401.12699,950.15597,388.71837
2023-01-13 18:00:00,3.2757712364997684,279.7735567161305,275.31102281411364,39.03416462975392,0.0174023044649631,2463.94137,950.40845,383.86236
2023-01-13 19:00:00,3.333742415950164,278.50642699625604,274.99837534909483,187.12887003171343,0.0284125669952247,2497.02833,942.39766,384.85485
2023-01-13 20:00:00,3.333742415950164,278.50642699625604,274.99837534909483,187.12887003171343,0.0284125669952247,2494.4877,934.94088,383.86378
2023-01-13 21:00:00,3.333742415950164,278.50642699625604,274.99837534909483,187.12887003171343,0.0284125669952247,2479.75116,927.89006,378.44289
2023-01-13 22:00:00,3.272468554232626,277.7937634954744,274.6722922237451,373.83083419376055,0.0136387130295251,2471.06609,932.81856,367.09175
2023-01-13 23:00:00,3.272468554232626,277.7937634954744,274.6722922237451,373.83083419376055,0.0136387130295251,2442.45553,943.24344,369.42681
2023-01-14 00:00:00,2.8922116919799468,277.20552709401045,274.20731085861416,368.57565532973103,0.0095415782080754,2251.49176,1011.28749,358.84116
2023-01-14 01:00:00,2.373430565930935,276.7169393917861,273.6429520701612,224.87439078341632,0.017955173091872,2193.01747,1013.16732,347.9339
2023-01-14 02:00:00,2.373430565930935,276.7169393917861,273.6429520701612,224.87439078341632,0.017955173091872,2112.26997,1010.20168,333.03824
2023-01-14 03:00:00,2.373430565930935,276.7169393917861,273.6429520701612,224.87439078341632,0.017955173091872,2068.19049,1013.88621,324.46999
2023-01-14 04:00:00,2.079597005889161,278.69830518763274,274.221967206522,0.0,0.0050983948562806,2022.72222,994.77269,333.37983
2023-01-14 05:00:00,2.079597005889161,278.69830518763274,274.221967206522,0.0,0.0050983948562806,2022.84933,983.50508,334.2287
2023-01-14 06:00:00,3.983593800655388,284.6492080910669,275.65291544868955,0.0,0.0071536912672156,2063.35306,983.51978,325.76508
2023-01-14 07:00:00,3.7526444707725344,286.6939986771257,276.5669527046117,0.0,0.0118747972206304,2029.94021,975.37681,326.97932
2023-01-14 08:00:00,3.7526444707725344,286.6939986771257,276.5669527046117,0.0,0.0118747972206304,2028.70574,974.70419,323.31269
2023-01-14 09:00:00,3.7526444707725344,286.6939986771257,276.5669527046117,0.0,0.0118747972206304,2022.27585,981.49988,308.36246
2023-01-14 10:00:00,2.797995393098368,282.5514965852111,277.0832744311583,0.0,0.0108530285775884,2031.12373,968.33716,315.86612
2023-01-14 11:00:00,2.797995393098368,282.5514965852111,277.0832744311583,0.0,0.0108530285775884,2105.17016,956.97771,322.9716
2023-01-14 12:00:00,3.2373573909185893,282.1177890387672,277.40480261869163,0.0,0.0124843023361151,2179.18348,943.45565,330.37588
2023-01-14 13:00:00,3.4593767772572983,281.7415529302989,277.66940979378126,0.0,0.0278244440876182,2227.40901,951.43863,329.75033
2023-01-14 14:00:00,3.4593767772572983,281.7415529302989,277.66940979378126,0.0,0.0278244440876182,2287.24517,963.14359,333.84655
2023-01-14 15:00:00,3.4593767772572983,281.7415529302989,277.66940979378126,0.0,0.0278244440876182,2312.03599,986.30055,346.12731
2023-01-14 16:00:00,3.5278353908191225,281.1477520753365,277.70328829352377,40.356760532775645,0.0282154217794904,2323.22024,980.00137,353.59662
2023-01-14 17:00:00,3.5278353908191225,281.1477520753365,277.70328829352377,40.356760532775645,0.0282154217794904,2347.92729,955.32143,369.63236
2023-01-14 18:00:00,3.083236757259372,280.5302765659594,277.65482511230084,39.82040519291788,0.0359706741492718,2408.0676,955.61366,365.51408
2023-01-14 19:00:00,2.7351206501482306,281.5822995828553,278.1717966224458,196.79552027196505,0.049640006406474,2438.79904,947.66896,366.39573
2023-01-14 20:00:00,2.7351206501482306,281.5822995828553,278.1717966224458,196.79552027196505,0.049640006406474,2436.0137,940.19431,365.35101
2023-01-14 21:00:00,2.7351206501482306,281.5822995828553,278.1717966224458,196.79552027196505,0.049640006406474,2421.45623,932.96232,360.0922
2023-01-14 22:00:00,3.765738323412098,285.81591436737875,278.4145776661235,392.0657962724498,0.0080093633957772,2412.27656,937.8553,349.27694
2023-01-14 23:00:00,3.765738323412098,285.81591436737875,278.4145776661235,392.0657962724498,0.0080093633957772,2385.77567,948.1864,351.93923
2023-01-15 00:00:00,4.040506110409148,286.9832141225168,278.05338261181214,390.503694018837,0.0082417133211092,2226.74931,936.13758,309.77211
2023-01-15 01:00:00,3.7210404835031,283.302091897097,278.4835045654212,240.2326339374092,0.0147267377989731,2166.28786,940.41422,302.15395
2023-01-15 02:00:00,3.7210404835031,283.302091897097,278.4835045654212,240.2326339374092,0.0147267377989731,2080.72005,938.51627,290.29762
2023-01-15 03:00:00,3.7210404835031,283.302091897097,278.4835045654212,240.2326339374092,0.0147267377989731,2030.19082,942.00852,283.61245
2023-01-15 04:00:00,4.799427833659868,282.2238762343667,278.417473915812,0.0,0.0035689498824969,1975.65242,924.89255,292.39711
2023-01-15 05:00:00,4.799427833659868,282.2238762343667,278.417473915812,0.0,0.0035689498824969,1962.37146,914.49284,293.86161
2023-01-15 06:00:00,7.1907467786307615,281.9803613485429,278.64758078997374,0.0,0.0041283639148254,1991.85864,915.52372,287.16861
2023-01-15 07:00:00,7.687393706655288,280.1719985719924,277.19644298194186,0.0,0.0061954149890961,1945.43487,908.75231,289.75735
2023-01-15 08:00:00,7.687393706655288,280.1719985719924,277.19644298194186,0.0,0.0061954149890961,1937.78058,909.0332,287.54985
2023-01-15 09:00:00,7.687393706655288,280.1719985719924,277.19644298194186,0.0,0.0061954149890961,1932.05199,917.8235,275.39779
2023-01-15 10:00:00,7.735923123613025,278.1671795599064,274.9275957439222,0.0,0.0,1942.87192,907.43978,283.10532
2023-01-15 11:00:00,7.735923123613025,278.1671795599064,274.9275957439222,0.0,0.0,2028.16911,898.92778,290.81174
2023-01-15 12:00:00,7.279541522858679,277.3315329471886,273.96875364968764,0.0,0.0,2114.90272,888.49819,298.74759
2023-01-15 13:00:00,7.831335199705463,278.2777626886126,272.3858691047982,0.0,0.0006076061317767,2179.22292,896.35775,298.91745
2023-01-15 14:00:00,7.831335199705463,278.2777626886126,272.3858691047982,0.0,0.0006076061317767,2252.751,906.40784,303.32879
2023-01-15 15:00:00,7.831335199705463,278.2777626886126,272.3858691047982,0.0,0.0006076061317767,2287.39429,926.88152,315.36046
2023-01-15 16:00:00,7.591573638427498,278.7668561473738,271.2626177994668,36.000800266496555,0.0,2303.92842,920.67548,322.5677
2023-01-15 17:00:00,7.591573638427498,278.7668561473738,271.2626177994668,36.000800266496555,0.0,2334.97035,898.88015,338.48689
2023-01-15 18:00:00,5.6981075477314285,275.8280102230631,269.65422033485675,36.42979724219754,0.0,2397.86678,898.8043,335.57247
2023-01-15 19:00:00,5.363582894498553,274.1646565693165,269.0942236980507,182.62956390100325,0.0,2426.77702,890.17669,336.27325
2023-01-15 20:00:00,5.363582894498553,274.1646565693165,269.0942236980507,182.62956390100325,0.0,2422.01445,882.92195,335.14102
2023-01-15 21:00:00,5.363582894498553,274.1646565693165,269.0942236980507,182.62956390100325,0.0,2406.19516,877.69322,330.14672
2023-01-15 22:00:00,5.174670380591532,272.9730476317052,268.4875281258034,364.1792728267629,0.0,2397.00311,882.98945,320.20588
2023-01-15 23:00:00,5.174670380591532,272.9730476317052,268.4875281258034,364.1792728267629,0.0,2375.57081,894.34255,323.40216
2023-01-16 00:00:00,4.298355898470671,271.6920138462924,267.7129483861692,370.32725556233993,0.0,2365.31817,899.5303,329.42236
2023-01-16 01:00:00,4.289767137695983,270.8038425572304,267.0136107865997,223.0868462320728,0.0,2294.69577,904.99011,320.48706
2023-01-16 02:00:00,4.289767137695983,270.8038425572304,267.0136107865997,223.0868462320728,0.0,2197.90269,903.63554,307.4136
2023-01-16 03:00:00,4.289767137695983,270.8038425572304,267.0136107865997,223.0868462320728,0.0,2138.61136,907.05217,299.97432
2023-01-16 04:00:00,4.846510953526811,276.0023496576983,266.9601614398012,0.0,0.0,2074.76187,890.92816,308.80911
2023-01-16 05:00:00,4.846510953526811,276.0023496576983,266.9601614398012,0.0,0.0,2055.85985,880.97438,310.02705
2023-01-16 06:00:00,3.782165297989672,276.217306506673,266.7125080197956,0.0,0.0,2084.76909,882.51694,302.62499
2023-01-16 07:00:00,2.5569798853234955,274.31939730234865,267.8595236046519,0.0,0.0041035288004136,2032.16632,876.42984,304.66331
2023-01-16 08:00:00,2.5569798853234955,274.31939730234865,267.8595236046519,0.0,0.0041035288004136,2021.5102,877.18078,301.87148
2023-01-16 09:00:00,2.5569798853234955,274.31939730234865,267.8595236046519,0.0,0.0041035288004136,2014.31596,886.94234,288.59886
2023-01-16 10:00:00,2.4450108125207244,272.9575638017985,267.7171630080545,0.0,0.0760423879353658,2027.64731,877.90296,296.22475
2023-01-16 11:00:00,2.4450108125207244,272.9575638017985,267.7171630080545,0.0,0.0760423879353658,2123.17036,870.76723,303.69053
2023-01-16 12:00:00,2.460600162410563,271.7403563721633,267.1976877457114,0.0,0.1029222041319324,2220.08465,861.83081,311.41349
2023-01-16 13:00:00,2.7499748473348484,271.41183597075474,267.14874548457186,0.0,0.3140503834019337,2292.24899,869.61528,311.26482
2023-01-16 14:00:00,2.7499748473348484,271.41183597075474,267.14874548457186,0.0,0.3140503834019337,2373.365,878.84641,315.54996
2023-01-16 15:00:00,2.7499748473348484,271.41183597075474,267.14874548457186,0.0,0.3140503834019337,2411.14054,897.9995,327.68139
2023-01-16 16:00:00,3.1112473808277183,271.37933988280776,267.2022254836797,20.89876402954048,0.1325728920772194,2430.12922,891.81809,334.99356
2023-01-16 17:00:00,3.1112473808277183,271.37933988280776,267.2022254836797,20.89876402954048,0.1325728920772194,2464.72588,871.40709,350.95943
2023-01-16 18:00:00,4.141534312638501,273.55380125257994,267.43349316582714,22.968039700710708,0.1162422392739147,2536.04468,871.13455,347.56291
2023-01-16 19:00:00,5.752754042473994,278.66119742421495,268.3293512389243,127.0591918515943,0.2036587962917008,2570.00424,862.16385,348.33615
2023-01-16 20:00:00,5.752754042473994,278.66119742421495,268.3293512389243,127.0591918515943,0.2036587962917008,2564.76982,855.00972,347.23896
2023-01-16 21:00:00,5.752754042473994,278.66119742421495,268.3293512389243,127.0591918515943,0.2036587962917008,2547.78514,850.74966,342.13873
2023-01-16 22:00:00,5.830279647639835,280.27721049332933,269.75665486813546,269.5674620241773,0.1714952028471632,2539.85952,856.23828,331.84771
2023-01-16 23:00:00,5.830279647639835,280.27721049332933,269.75665486813546,269.5674620241773,0.1714952028471632,2515.82153,868.08954,334.83016
2023-01-17 00:00:00,5.154266696728971,277.677537398774,270.6617311468607,270.9072812980809,0.1277019955641133,2338.40186,941.57105,366.60015
2023-01-17 01:00:00,5.691700887422366,276.9759472263209,271.0064173058807,164.38640980949077,0.3247836543784157,2272.28206,945.70293,355.17281
2023-01-17 02:00:00,5.691700887422366,276.9759472263209,271.0064173058807,164.38640980949077,0.3247836543784157,2182.2092,943.76988,339.79657
2023-01-17 03:00:00,5.691700887422366,276.9759472263209,271.0064173058807,164.38640980949077,0.3247836543784157,2129.95133,947.30864,330.93056
2023-01-17 04:00:00,5.812111312494233,276.614619427217,271.2761392785557,0.0,0.1830705808605841,2075.05005,930.08253,339.86019
2023-01-17 05:00:00,5.812111312494233,276.614619427217,271.2761392785557,0.0,0.1830705808605841,2066.82704,919.66194,340.61169
2023-01-17 06:00:00,6.087940889516748,276.4969876818935,271.3012420461461,0.0,0.130047078980053,2103.24561,920.64955,331.86814
2023-01-17 07:00:00,6.245724458286063,276.38122425424655,272.021845876146,0.0,0.190772120233608,2061.23203,913.80835,332.86502
2023-01-17 08:00:00,6.245724458286063,276.38122425424655,272.021845876146,0.0,0.190772120233608,2055.78629,914.03032,328.96765
2023-01-17 09:00:00,6.245724458286063,276.38122425424655,272.021845876146,0.0,0.190772120233608,2048.58428,922.67579,313.57498
2023-01-17 10:00:00,6.921751712342027,278.11520471443714,273.31160034416206,0.0,0.0761054810784529,2059.81762,912.0741,321.04639
2023-01-17 11:00:00,6.921751712342027,278.11520471443714,273.31160034416206,0.0,0.0761054810784529,2144.65548,903.33672,328.05688
2023-01-17 12:00:00,7.785414130635094,282.6090345951186,276.1171580233822,0.0,0.0413609277372032,2229.921,892.65958,335.37706
2023-01-17 13:00:00,7.300383616308867,284.2230714414463,277.7914858365685,0.0,0.0667964592934085,2288.92357,900.50079,334.62577
2023-01-17 14:00:00,7.300383616308867,284.2230714414463,277.7914858365685,0.0,0.0667964592934085,2358.5562,910.64744,338.67213
2023-01-17 15:00:00,7.300383616308867,284.2230714414463,277.7914858365685,0.0,0.0667964592934085,2388.79708,931.2907,350.99231
2023-01-17 16:00:00,6.829573003268542,283.1158732080978,278.64850473142866,32.95726425830222,0.0102019464992602,2403.45862,925.04038,358.50302
2023-01-17 17:00:00,6.829573003268542,283.1158732080978,278.64850473142866,32.95726425830222,0.0102019464992602,2432.72829,902.99873,374.55719
2023-01-17 18:00:00,7.128101482322311,284.1211804164884,280.2506684351802,32.620961458924455,0.0090371704983035,2499.5776,902.918,370.24855
2023-01-17 19:00:00,6.932364217589504,284.19692076574245,281.0972637042154,185.2217362273207,0.0244933368238718,2533.16808,894.32086,371.15882
2023-01-17 20:00:00,6.932364217589504,284.19692076574245,281.0972637042154,185.2217362273207,0.0244933368238718,2529.39614,887.03842,370.12795
2023-01-17 21:00:00,6.932364217589504,284.19692076574245,281.0972637042154,185.2217362273207,0.0244933368238718,2513.61572,881.65199,364.82729
2023-01-17 22:00:00,6.824139253920377,284.0922268111371,281.0807936995385,423.4020739175537,0.0025246814902162,2505.30202,886.91165,353.87375
2023-01-17 23:00:00,6.824139253920377,284.0922268111371,281.0807936995385,423.4020739175537,0.0025246814902162,2478.70843,898.19142,356.45163
2023-01-18 00:00:00,6.755453189116453,283.94787885324524,280.7803314656607,425.32994733290417,0.0019860267184039,2327.9569,965.81781,381.03831
2023-01-18 01:00:00,6.8555304297601705,283.8982156258203,280.6490196941302,262.94685127209056,0.0023325211691031,2263.82873,969.16024,368.64318
2023-01-18 02:00:00,6.8555304297601705,283.8982156258203,280.6490196941302,262.94685127209056,0.0023325211691031,2176.80291,966.85898,352.37263
2023-01-18 03:00:00,6.8555304297601705,283.8982156258203,280.6490196941302,262.94685127209056,0.0023325211691031,2127.78985,970.44137,342.95253
2023-01-18 04:00:00,7.22598748462149,285.5360251985795,280.5011880306283,0.0,0.0,2077.05146,952.55148,351.91904
2023-01-18 05:00:00,7.22598748462149,285.5360251985795,280.5011880306283,0.0,0.0,2073.8995,941.8273,352.48939
2023-01-18 06:00:00,7.35836262846696,286.92479399767365,280.27388054888473,0.0,0.0,2113.94736,942.46999,343.22485
2023-01-18 07:00:00,5.708078390180419,284.43948208789607,279.531485493183,0.0,0.0,2076.95099,935.16967,343.81728
2023-01-18 08:00:00,5.708078390180419,284.43948208789607,279.531485493183,0.0,0.0,2073.97449,935.07836,339.49056
2023-01-18 09:00:00,5.708078390180419,284.43948208789607,279.531485493183,0.0,0.0,2066.74124,943.08068,323.27457
2023-01-18 10:00:00,5.041514046379016,282.7125018732679,278.6668572361721,0.0,0.0,2077.00483,931.59199,330.68599
2023-01-18 11:00:00,5.041514046379016,282.7125018732679,278.6668572361721,0.0,0.0,2156.85498,921.94679,337.51966
2023-01-18 12:00:00,4.33809876855608,280.40450751915296,277.1413284059111,0.0,0.0,2236.66497,910.28546,344.68344
2023-01-18 13:00:00,3.90273056617265,278.9549254435289,276.1041747831894,0.0,0.0,2289.43457,918.18183,343.69807
2023-01-18 14:00:00,3.90273056617265,278.9549254435289,276.1041747831894,0.0,0.0,2353.64306,928.87543,347.65172
2023-01-18 15:00:00,3.90273056617265,278.9549254435289,276.1041747831894,0.0,0.0,2380.2902,950.39822,360.0452
2023-01-18 16:00:00,3.447355921917893,277.84270438323074,275.16775649596605,39.23337986101239,0.0,2392.90023,944.13896,367.63302
2023-01-18 17:00:00,3.447355921917893,277.84270438323074,275.16775649596605,39.23337986101239,0.0,2419.65461,921.18792,383.72147
2023-01-18 18:00:00,2.4215619493915943,279.2137586194407,275.4351918704625,39.88207046796347,0.0,2484.49502,921.24366,379.05863
2023-01-18 19:00:00,2.860781247935144,283.77224355164736,276.2496968272456,199.7490990615348,0.0,2518.00144,912.87754,380.02211
2023-01-18 20:00:00,2.860781247935144,283.77224355164736,276.2496968272456,199.7490990615348,0.0,2514.93022,905.53078,379.01697
2023-01-18 21:00:00,2.860781247935144,283.77224355164736,276.2496968272456,199.7490990615348,0.0,2499.71176,899.50525,373.6385
2023-01-18 22:00:00,3.153107537962194,285.66965906552286,276.79415535750127,412.2574236322456,0.0,2491.23339,904.63902,362.42768
2023-01-18 23:00:00,3.153107537962194,285.66965906552286,276.79415535750127,412.2574236322456,0.0,2463.35177,915.58875,364.84843
2023-01-19 00:00:00,3.0349045183282946,281.71208774288664,277.035286249672,417.5258165197062,0.0,2293.35319,996.09957,331.22937
2023-01-19 01:00:00,3.6862271139517815,280.8537264775075,277.4600547239724,255.823241866032,0.0,2231.72665,998.45404,322.17294
2023-01-19 02:00:00,3.6862271139517815,280.8537264775075,277.4600547239724,255.823241866032,0.0,2147.43952,995.68997,308.98756
2023-01-19 03:00:00,3.6862271139517815,280.8537264775075,277.4600547239724,255.823241866032,0.0,2100.53915,999.32451,301.47893
2023-01-19 04:00:00,4.505070004075139,280.8352414575844,278.5492847163584,0.0,0.0,2052.02472,980.60318,310.31832
2023-01-19 05:00:00,4.505070004075139,280.8352414575844,278.5492847163584,0.0,0.0,2050.14062,969.49675,311.51364
2023-01-19 06:00:00,3.922152283902115,279.2681058269785,277.6718556554275,0.0,0.0,2090.22821,969.70649,304.04636
2023-01-19 07:00:00,4.525623699833671,279.29534604473474,277.8327943139939,0.0,0.0,2054.64193,961.83076,306.03405
2023-01-19 08:00:00,4.525623699833671,279.29534604473474,277.8327943139939,0.0,0.0,2052.34931,961.34748,303.1885
2023-01-19 09:00:00,4.525623699833671,279.29534604473474,277.8327943139939,0.0,0.0,2045.48629,968.54648,289.81284
2023-01-19 10:00:00,5.038225494995692,280.183886909404,277.8978102493082,0.0,0.0001888200993701,2055.14545,955.95123,297.43121
2023-01-19 11:00:00,5.038225494995692,280.183886909404,277.8978102493082,0.0,0.0001888200993701,2132.56538,945.17384,304.87485
2023-01-19 12:00:00,4.418357250784586,284.02696669657803,277.9949909564464,0.0,0.0042044704630891,2209.9699,932.28489,312.57823
2023-01-19 13:00:00,4.753915951624798,285.4169776372079,278.46455985641137,0.0,0.0042515856741006,2260.94551,940.25217,312.40028
2023-01-19 14:00:00,4.753915951624798,285.4169776372079,278.46455985641137,0.0,0.0042515856741006,2323.40104,951.63055,316.67383
2023-01-19 15:00:00,4.753915951624798,285.4169776372079,278.46455985641137,0.0,0.0042515856741006,2349.36415,974.25343,328.81443
2023-01-19 16:00:00,4.361773996560975,282.2088639328533,278.35774036419025,40.01337049280857,0.0,2361.41582,967.98588,336.13624
2023-01-19 17:00:00,4.361773996560975,282.2088639328533,278.35774036419025,40.01337049280857,0.0,2387.34812,943.90176,352.10641
2023-01-19 18:00:00,5.560895154540139,277.3921145088997,275.8382713033428,40.4926646323006,0.0,2450.12551,944.1302,348.66556
2023-01-19 19:00:00,5.623461562719859,276.3641149872672,275.0116167157968,201.9576201042997,0.0,2482.36233,936.05397,349.44546
2023-01-19 20:00:00,5.623461562719859,276.3641149872672,275.0116167157968,201.9576201042997,0.0,2479.38929,928.62776,348.35147
2023-01-19 21:00:00,5.623461562719859,276.3641149872672,275.0116167157968,201.9576201042997,0.0,2464.44806,921.80497,343.24152
2023-01-19 22:00:00,5.500862224881358,275.3748471126876,274.0438838246803,407.88341172428807,0.0,2455.6556,926.78197,332.9183
2023-01-19 23:00:00,5.500862224881358,275.3748471126876,274.0438838246803,407.88341172428807,0.0,2428.4678,937.3194,335.88106
2023-01-20 00:00:00,2.6816999780345387,273.6173833076989,271.539665105828,405.3546260272096,0.0,2265.16397,1012.57462,355.22086
2023-01-20 01:00:00,2.608659469377492,274.4041443382158,271.2256643831889,243.8189730692576,0.0,2205.64003,1014.3886,344.5563
2023-01-20 02:00:00,2.608659469377492,274.4041443382158,271.2256643831889,243.8189730692576,0.0,2123.70008,1011.36804,329.88489
2023-01-20 03:00:00,2.608659469377492,274.4041443382158,271.2256643831889,243.8189730692576,0.0,2078.65674,1015.02752,321.45555
2023-01-20 04:00:00,2.66294374948611,277.64868872334023,271.5629237671831,0.0,0.0,2032.13653,995.85014,330.35619
2023-01-20 05:00:00,2.66294374948611,277.64868872334023,271.5629237671831,0.0,0.0,2031.53023,984.53114,331.25043
2023-01-20 06:00:00,4.31963120737858,280.02010198669234,274.53273922955265,0.0,0.0,2071.83892,984.50209,322.91746
2023-01-20 07:00:00,2.9493361019414417,277.43859503963404,273.74066521111337,0.0,0.0017466163604768,2037.64128,976.31008,324.2331
2023-01-20 08:00:00,2.9493361019414417,277.43859503963404,273.74066521111337,0.0,0.0017466163604768,2036.0242,975.61248,320.67413
2023-01-20 09:00:00,2.9493361019414417,277.43859503963404,273.74066521111337,0.0,0.0017466163604768,2029.45512,982.37459,305.93035
2023-01-20 10:00:00,2.548375791756694,276.12488127905635,273.1645908727852,0.0,0.0007068951486409,2038.58067,969.17905,313.44905
2023-01-20 11:00:00,2.548375791756694,276.12488127905635,273.1645908727852,0.0,0.0007068951486409,2113.79852,957.78779,320.5989
2023-01-20 12:00:00,2.4197127188227503,275.507706707458,272.57792036148834,0.0,0.0007126958739929,2188.99665,944.23357,328.04237
2023-01-20 13:00:00,2.200630107271039,275.0234006238412,272.41239157032874,0.0,0.005708806988759,2238.21339,952.24242,327.47549
2023-01-20 14:00:00,2.200630107271039,275.0234006238412,272.41239157032874,0.0,0.005708806988759,2298.98505,963.99578,331.59495
2023-01-20 15:00:00,2.200630107271039,275.0234006238412,272.41239157032874,0.0,0.005708806988759,2324.21404,987.21995,343.85736
2023-01-20 16:00:00,2.200602614811156,274.57671678763734,272.1992529723875,30.129614131268603,0.0034167093640492,2335.71238,980.95181,351.30732
2023-01-20 17:00:00,2.200602614811156,274.57671678763734,272.1992529723875,30.129614131268603,0.0034167093640492,2360.85659,956.25529,367.33447
2023-01-20 18:00:00,2.245200062624752,272.68067779554264,269.2047941040473,29.50672845880808,0.0047940349684383,2421.88087,956.58116,363.30499
2023-01-20 19:00:00,2.513916152745069,277.18738828179335,270.7390750442404,165.0185930277634,0.0094887050367409,2453.09884,948.66468,364.17331
2023-01-20 20:00:00,2.513916152745069,277.18738828179335,270.7390750442404,165.0185930277634,0.0094887050367409,2450.24124,941.1965,363.12214
2023-01-20 21:00:00,2.513916152745069,277.18738828179335,270.7390750442404,165.0185930277634,0.0094887050367409,2435.55077,933.94134,357.88283
2023-01-20 22:00:00,2.471845636739374,278.74628520464705,271.55892880188594,334.9170080374451,0.0005057772195529,2426.49863,938.83391,347.13211
2023-01-20 23:00:00,2.471845636739374,278.74628520464705,271.55892880188594,334.9170080374451,0.0005057772195529,2399.79809,949.14696,349.8338
2023-01-21 00:00:00,1.877979268002771,274.46142010770046,270.596345065229,336.35482114814727,0.0005588720301026,2051.78231,978.74464,408.7181
2023-01-21 01:00:00,1.94025979725262,273.62592581029224,270.7361396239006,199.9324527180317,0.0069268359588634,2005.0849,981.65018,394.46762
2023-01-21 02:00:00,1.94025979725262,273.62592581029224,270.7361396239006,199.9324527180317,0.0069268359588634,1935.36748,979.12895,376.48256
2023-01-21 03:00:00,1.94025979725262,273.62592581029224,270.7361396239006,199.9324527180317,0.0069268359588634,1897.87105,982.71634,366.00021
2023-01-21 04:00:00,1.983261873356965,273.39267783448764,270.9464586310225,0.0,0.1116147818584944,1857.72631,964.4533,375.03737
2023-01-21 05:00:00,1.983261873356965,273.39267783448764,270.9464586310225,0.0,0.1116147818584944,1855.08305,953.54367,375.26038
2023-01-21 06:00:00,2.653050908836782,275.3345299596856,271.9725909806077,0.0,0.1394342970246606,1888.03211,953.98549,364.9971
2023-01-21 07:00:00,2.436900733628298,275.23116603833614,272.8581578552712,0.0,0.699926149665626,1852.87795,946.42393,364.81415
2023-01-21 08:00:00,2.436900733628298,275.23116603833614,272.8581578552712,0.0,0.699926149665626,1850.72295,946.15998,359.66432
2023-01-21 09:00:00,2.436900733628298,275.23116603833614,272.8581578552712,0.0,0.699926149665626,1846.7371,953.81968,341.86993
2023-01-21 10:00:00,2.512114226573354,276.25777472974085,273.84743537119533,0.0,0.9311312623720668,1853.79128,941.86764,349.1663
2023-01-21 11:00:00,2.512114226573354,276.25777472974085,273.84743537119533,0.0,0.9311312623720668,1922.96401,931.74957,355.66099
2023-01-21 12:00:00,2.719407908738547,277.840476364774,272.77053736096514,0.0,1.1373812149897995,1993.27089,919.5768,362.52493
2023-01-21 13:00:00,2.507423779417633,278.8349537878394,273.6286110519638,0.0,2.017923623648518,2043.38815,927.51797,361.09087
2023-01-21 14:00:00,2.507423779417633,278.8349537878394,273.6286110519638,0.0,2.017923623648518,2103.63858,938.51616,364.86672
2023-01-21 15:00:00,2.507423779417633,278.8349537878394,273.6286110519638,0.0,2.017923623648518,2131.76907,960.52158,377.40074
2023-01-21 16:00:00,2.345112705818053,276.2871125994794,273.5341501478541,23.104010519710588,0.6863317935225994,2143.78173,954.27879,385.13643
2023-01-21 17:00:00,2.345112705818053,276.2871125994794,273.5341501478541,23.104010519710588,0.6863317935225994,2168.62279,930.86404,401.29059
2023-01-21 18:00:00,2.26900126380987,275.09244666437513,271.9986780286174,23.552725645524625,0.6886849753159707,2219.83764,931.01028,395.94866
2023-01-21 19:00:00,2.3861713345758018,274.6980025864138,272.40122019198793,128.96378953563314,1.0712780994397844,2242.59797,922.77799,397.01417
2023-01-21 20:00:00,2.3861713345758018,274.6980025864138,272.40122019198793,128.96378953563314,1.0712780994397844,2238.9383,915.40359,396.0584
2023-01-21 21:00:00,2.3861713345758018,274.6980025864138,272.40122019198793,128.96378953563314,1.0712780994397844,2224.95172,909.04455,390.53074
2023-01-21 22:00:00,2.63485604483725,274.6587202026859,272.903603246517,295.9787752203676,0.1388847967540664,2214.10804,914.11534,378.82661
2023-01-21 23:00:00,2.63485604483725,274.6587202026859,272.903603246517,295.9787752203676,0.1388847967540664,2194.83449,924.88873,380.94613
2023-01-22 00:00:00,2.2463818443327064,275.4287535470977,274.32738894867055,290.9660473726723,0.0618844854250311,2202.4944,918.20647,341.87756
2023-01-22 01:00:00,2.697385751155279,276.07033934261034,274.84351250199694,185.8946506991059,0.0941075749277739,2143.14564,923.02942,332.10739
2023-01-22 02:00:00,2.697385751155279,276.07033934261034,274.84351250199694,185.8946506991059,0.0941075749277739,2058.3478,921.3488,318.26245
2023-01-22 03:00:00,2.697385751155279,276.07033934261034,274.84351250199694,185.8946506991059,0.0941075749277739,2007.94884,924.76602,310.34519
2023-01-22 04:00:00,3.038107531103109,277.3975021594573,275.3428024262746,0.0,0.0163807108161086,1953.1607,908.09622,319.21176
2023-01-22 05:00:00,3.038107531103109,277.3975021594573,275.3428024262746,0.0,0.0163807108161086,1938.33952,897.8662,320.27343
2023-01-22 06:00:00,3.2094281788073813,276.9274383752455,275.15838198640546,0.0,0.0155592633440018,1965.98074,899.11241,312.42196
2023-01-22 07:00:00,3.451671485604388,275.55989160530106,274.1071072378454,0.0,0.0295618880636638,1918.16675,892.64218,314.11137
2023-01-22 08:00:00,3.451671485604388,275.55989160530106,274.1071072378454,0.0,0.0295618880636638,1909.8198,893.14174,310.94918
2023-01-22 09:00:00,3.451671485604388,275.55989160530106,274.1071072378454,0.0,0.0295618880636638,1904.42473,902.4085,296.96629
2023-01-22 10:00:00,7.738152807593345,283.66529183287224,279.04019627596074,0.0,0.0101041535521771,1915.22897,892.70309,304.54042
2023-01-22 11:00:00,7.738152807593345,283.66529183287224,279.04019627596074,0.0,0.0101041535521771,2001.02622,884.88787,311.85367
2023-01-22 12:00:00,4.034631165192228,274.94725648199983,273.0842948450984,0.0,0.0175387681419471,2088.5239,875.21751,319.4417
2023-01-22 13:00:00,4.100084179862882,273.47278617751215,271.7565486635372,0.0,0.0328435034113098,2154.53473,883.07201,319.09113
2023-01-22 14:00:00,4.100084179862882,273.47278617751215,271.7565486635372,0.0,0.0328435034113098,2229.36983,892.74772,323.29628
2023-01-22 15:00:00,4.100084179862882,273.47278617751215,271.7565486635372,0.0,0.0328435034113098,2265.28834,912.60295,335.49093
2023-01-22 16:00:00,3.802771098917892,272.3348399005538,270.58943014608417,0.0,0.0151328222101572,2282.4063,906.45264,342.86963
2023-01-22 17:00:00,3.802771098917892,272.3348399005538,270.58943014608417,0.0,0.0151328222101572,2314.04633,885.37926,358.86508
2023-01-22 18:00:00,3.802771098917892,272.3348399005538,270.58943014608417,0.0,0.0151328222101572,2376.21454,885.24373,355.16301
2023-01-22 19:00:00,7.170785995439722,283.24872771417824,279.0493603751881,0.0,0.0203288173224655,2404.07988,876.47012,355.98212
2023-01-22 20:00:00,7.170785995439722,283.24872771417824,279.0493603751881,0.0,0.0203288173224655,2399.03921,869.2783,354.90717
2023-01-22 21:00:00,7.170785995439722,283.24872771417824,279.0493603751881,0.0,0.0203288173224655,2383.16637,864.53896,349.7398
2023-01-22 22:00:00,7.1421300792184965,283.49524183741835,279.416067195831,43.16942048169656,0.0006293858374984,2373.79021,869.93803,339.22681
2023-01-22 23:00:00,7.1421300792184965,283.49524183741835,279.416067195831,43.16942048169656,0.0006293858374984,2353.62003,881.53451,342.0737
2023-01-23 00:00:00,7.650550427427695,286.10471565673146,279.55765058974794,43.43694040546295,0.0003330201045486,2255.33597,880.82232,320.52139
2023-01-23 01:00:00,7.077063954302927,287.11682967590764,279.3858387519507,216.87421920938056,0.001451259589013,2190.9094,886.84879,312.18271
2023-01-23 02:00:00,7.077063954302927,287.11682967590764,279.3858387519507,216.87421920938056,0.001451259589013,2099.67102,885.71583,299.6606
2023-01-23 03:00:00,7.077063954302927,287.11682967590764,279.3858387519507,216.87421920938056,0.001451259589013,2043.39391,889.0502,292.56289
2023-01-23 04:00:00,5.168053319681031,284.37166123984684,278.9007463494567,442.8522972866352,0.0,1981.65825,873.38753,301.37495
2023-01-23 05:00:00,5.168053319681031,284.37166123984684,278.9007463494567,442.8522972866352,0.0,1960.13225,863.60574,302.70461
2023-01-23 06:00:00,4.234368673624205,282.81300717788145,278.22352183806703,432.9149295334768,4.852705696038823e-05,1984.03363,865.36939,295.6237
2023-01-23 07:00:00,3.846408606249537,281.358784730943,277.4514870465449,270.0635822316424,0.000401917081327,1929.3962,859.59288,297.91137
2023-01-23 08:00:00,3.846408606249537,281.358784730943,277.4514870465449,270.0635822316424,0.000401917081327,1917.7031,860.57072,295.38424
2023-01-23 09:00:00,3.846408606249537,281.358784730943,277.4514870465449,270.0635822316424,0.000401917081327,1911.88815,870.8295,282.61916
2023-01-23 10:00:00,3.4109135353827265,280.040387504887,276.6794967600909,0.0,0.0,1924.41613,862.49978,290.28204
2023-01-23 11:00:00,3.4109135353827265,280.040387504887,276.6794967600909,0.0,0.0,2018.25186,856.09352,297.85682
2023-01-23 12:00:00,3.147661920371905,278.7221625033273,275.6563880199955,0.0,0.0,2114.23309,847.95207,305.67623
2023-01-23 13:00:00,3.2008864355565967,279.87449267319926,275.7763203184958,0.0,0.0,2188.77253,855.73448,305.67184
2023-01-23 14:00:00,3.2008864355565967,279.87449267319926,275.7763203184958,0.0,0.0,2271.26336,864.57788,310.01415
2023-01-23 15:00:00,3.2008864355565967,279.87449267319926,275.7763203184958,0.0,0.0,2311.67152,883.08871,322.10039
2023-01-23 16:00:00,3.653353552387461,284.3054929690036,276.06656242650854,0.0,0.0,2331.55755,876.96998,329.36501
2023-01-23 17:00:00,3.653353552387461,284.3054929690036,276.06656242650854,0.0,0.0,2366.75921,857.31679,345.30975
2023-01-23 18:00:00,3.63236411661238,285.8266940646876,276.1489527172335,0.0,0.0,2433.48717,856.98575,342.13158
2023-01-23 19:00:00,2.875876635054732,282.05366659741657,276.45385709450693,0.0,0.0,2462.9873,847.86493,342.87202
2023-01-23 20:00:00,2.875876635054732,282.05366659741657,276.45385709450693,0.0,0.0,2457.11405,840.77789,341.75896
2023-01-23 21:00:00,2.875876635054732,282.05366659741657,276.45385709450693,0.0,0.0,2440.33177,837.03009,336.7067
2023-01-23 22:00:00,3.0082275950842368,280.89370829969187,276.49719070930723,43.93793862909291,0.0,2431.50591,842.62679,326.57431
2023-01-23 23:00:00,3.0082275950842368,280.89370829969187,276.49719070930723,43.93793862909291,0.0,2411.79909,854.73194,329.65363
2023-01-24 00:00:00,3.087130875022703,279.9387831981841,276.3263785815825,44.07371523983564,0.0,2219.12194,943.38385,345.76515
2023-01-24 01:00:00,3.5143184303896486,279.6544616003812,277.0726420895728,204.0437880373981,0.0,2159.85681,947.41124,335.73439
2023-01-24 02:00:00,3.5143184303896486,279.6544616003812,277.0726420895728,204.0437880373981,0.0,2076.05047,945.38376,321.64865
2023-01-24 03:00:00,3.5143184303896486,279.6544616003812,277.0726420895728,204.0437880373981,0.0,2027.34646,948.87389,313.58221
2023-01-24 04:00:00,4.046067346763669,279.71897177750657,277.8282001972085,396.6993466623299,0.0,1975.11882,931.54366,322.45867
2023-01-24 05:00:00,4.046067346763669,279.71897177750657,277.8282001972085,396.6993466623299,0.0,1964.56188,921.03375,323.47161
2023-01-24 06:00:00,5.186081632688451,280.33900685719124,278.3546256973464,398.2511130448356,0.0,1995.94424,921.94738,315.47983
2023-01-24 07:00:00,6.326429505907438,282.1210321224307,278.36032764317173,242.76928812052927,0.0,1952.22534,915.02509,317.06033
2023-01-24 08:00:00,6.326429505907438,282.1210321224307,278.36032764317173,242.76928812052927,0.0,1945.90183,915.20779,313.78254
2023-01-24 09:00:00,6.326429505907438,282.1210321224307,278.36032764317173,242.76928812052927,0.0,1940.18029,923.80617,299.57798
2023-01-24 10:00:00,6.430434388878982,283.4489751951464,277.88573700652296,0.0,0.0,1950.45654,913.16525,307.13597
2023-01-24 11:00:00,6.430434388878982,283.4489751951464,277.88573700652296,0.0,0.0,2032.99991,904.39106,314.40159
2023-01-24 12:00:00,5.156244650762549,281.5310483491557,277.4452366124893,0.0,0.0,2116.73687,893.67847,321.94751
2023-01-24 13:00:00,5.001220723902577,280.23542869733006,276.84878288692914,0.0,0.0,2177.69393,901.56719,321.53394
2023-01-24 14:00:00,5.001220723902577,280.23542869733006,276.84878288692914,0.0,0.0,2248.28323,911.79145,325.71409
2023-01-24 15:00:00,5.001220723902577,280.23542869733006,276.84878288692914,0.0,0.0,2281.0096,932.53932,337.92851
2023-01-24 16:00:00,5.145454253169279,278.78603610050936,275.5212382664544,0.0,0.0,2296.43866,926.34809,345.32797
2023-01-24 17:00:00,5.145454253169279,278.78603610050936,275.5212382664544,0.0,0.0,2326.117,904.29851,361.33264
2023-01-24 18:00:00,5.6191621831259,277.5280944851864,274.50517274252684,0.0,0.0,2387.8361,904.2781,357.53518
2023-01-24 19:00:00,6.542338177184871,276.3734608339326,273.0131564074346,0.0,0.0,2416.62255,895.72841,358.36865
2023-01-24 20:00:00,6.542338177184871,276.3734608339326,273.0131564074346,0.0,0.0,2412.23136,888.45985,357.30061
2023-01-24 21:00:00,6.542338177184871,276.3734608339326,273.0131564074346,0.0,0.0,2396.7227,883.04614,352.11229
2023-01-24 22:00:00,7.112617837602412,276.1700089398355,271.9615812010363,39.577233306656765,0.0,2387.42499,888.30815,341.53003
2023-01-24 23:00:00,7.112617837602412,276.1700089398355,271.9615812010363,39.577233306656765,0.0,2365.36481,899.56234,344.33463
2023-01-25 00:00:00,7.5664594216800385,277.63231357340163,271.5807931111248,39.69197985441063,0.0,2313.23966,951.74027,405.5777
2023-01-25 01:00:00,6.915498522293031,278.35849070184986,271.5668641305313,190.6861196628817,0.0,2249.64178,955.48912,391.53772
2023-01-25 02:00:00,6.915498522293031,278.35849070184986,271.5668641305313,190.6861196628817,0.0,2162.82237,953.32511,373.74717
2023-01-25 03:00:00,6.915498522293031,278.35849070184986,271.5668641305313,190.6861196628817,0.0,2113.58217,956.82283,363.38534
2023-01-25 04:00:00,4.8799376143911335,275.84120174095995,270.8583423147404,339.95868457218285,0.0,2062.28269,939.25598,372.41449
2023-01-25 05:00:00,4.8799376143911335,275.84120174095995,270.8583423147404,339.95868457218285,0.0,2057.64607,928.63188,372.67692
2023-01-25 06:00:00,4.037691698176866,274.4680426616808,270.3441990347636,334.6493500151984,0.0,2096.14925,929.41974,362.52693
2023-01-25 07:00:00,3.5800430981904023,273.28176065987026,269.7356122433671,202.5429934729555,0.0004624179698442,2057.77072,922.33264,362.43196
2023-01-25 08:00:00,3.5800430981904023,273.28176065987026,269.7356122433671,202.5429934729555,0.0004624179698442,2054.10832,922.40502,357.37552
2023-01-25 09:00:00,3.5800430981904023,273.28176065987026,269.7356122433671,202.5429934729555,0.0004624179698442,2047.09431,930.78184,339.76019
2023-01-25 10:00:00,3.319941155644049,272.3772033844,269.19145100096904,0.0,0.0010642556454029,2057.44066,919.83917,347.06966
2023-01-25 11:00:00,3.319941155644049,272.3772033844,269.19145100096904,0.0,0.0010642556454029,2138.09345,910.75657,353.60277
2023-01-25 12:00:00,3.0892710712726297,271.64496484724,268.70413186668486,0.0,0.0010242124209362,2218.922,899.71017,360.50073
2023-01-25 13:00:00,3.374473310158012,273.171605397138,268.78318050798043,0.0,0.0396681047613025,2273.3854,907.62418,359.11758
2023-01-25 14:00:00,3.374473310158012,273.171605397138,268.78318050798043,0.0,0.0396681047613025,2338.96123,918.04218,362.91359
2023-01-25 15:00:00,3.374473310158012,273.171605397138,268.78318050798043,0.0,0.0396681047613025,2366.7795,939.09875,375.43166
2023-01-25 16:00:00,3.357470234407073,277.6069982270505,269.7221152151711,0.0,0.2104574082347448,2379.96503,932.91299,383.1506
2023-01-25 17:00:00,3.357470234407073,277.6069982270505,269.7221152151711,0.0,0.2104574082347448,2407.34845,910.55865,399.29729
2023-01-25 18:00:00,3.1071731692021487,279.24563911655594,270.4767906019399,0.0,0.1529035911248997,2471.90961,910.59246,394.03241
2023-01-25 19:00:00,2.35926586518005,275.314350587312,270.44599160384803,0.0,0.7257747169104658,2504.74696,902.12673,395.08633
2023-01-25 20:00:00,2.35926586518005,275.314350587312,270.44599160384803,0.0,0.7257747169104658,2501.42788,894.83871,394.12496
2023-01-25 21:00:00,2.35926586518005,275.314350587312,270.44599160384803,0.0,0.7257747169104658,2486.12103,889.20755,388.61423
2023-01-25 22:00:00,2.095130368544801,273.7171729547023,270.18814230495934,17.723595697423892,0.6146765571602875,2477.53901,894.42793,376.96608
2023-01-25 23:00:00,2.095130368544801,273.7171729547023,270.18814230495934,17.723595697423892,0.6146765571602875,2450.5988,905.56823,379.11977
2023-01-26 00:00:00,2.0261935959764585,273.3096961370269,269.97961793290403,17.9823023398877,0.4779518525090687,2310.33412,998.96807,383.4629
2023-01-26 01:00:00,2.1920104469179944,273.0700475764187,270.0084128090608,120.37875867406832,0.8238753784567407,2247.58336,1001.17401,370.90527
2023-01-26 02:00:00,2.1920104469179944,273.0700475764187,270.0084128090608,120.37875867406832,0.8238753784567407,2162.13777,998.28481,354.48452
2023-01-26 03:00:00,2.1920104469179944,273.0700475764187,270.0084128090608,120.37875867406832,0.8238753784567407,2114.41849,1001.86138,344.97138
2023-01-26 04:00:00,2.3339536156982312,272.9342703638705,270.17185749178094,301.19727004834726,0.1277690109401664,2065.1043,982.99529,353.94409
2023-01-26 05:00:00,2.3339536156982312,272.9342703638705,270.17185749178094,301.19727004834726,0.1277690109401664,2062.99003,971.7719,354.484
2023-01-26 06:00:00,2.784656660192081,274.6612580805646,270.5639172235991,302.1553453721095,0.129296501274034,2103.36004,971.88221,345.13193
2023-01-26 07:00:00,3.382097339723801,277.85974204498245,271.79623348391823,191.70192637614088,0.2940503095417848,2067.46572,963.89541,345.65649
2023-01-26 08:00:00,3.382097339723801,277.85974204498245,271.79623348391823,191.70192637614088,0.2940503095417848,2065.02657,963.35574,341.25769
2023-01-26 09:00:00,3.382097339723801,277.85974204498245,271.79623348391823,191.70192637614088,0.2940503095417848,2057.96994,970.47983,324.90341
2023-01-26 10:00:00,2.980217630411876,278.5386460372781,272.7204864957682,0.0,0.2123089584971592,2067.85984,957.81266,332.30474
2023-01-26 11:00:00,2.980217630411876,278.5386460372781,272.7204864957682,0.0,0.2123089584971592,2146.11681,946.96554,339.10873
2023-01-26 12:00:00,2.349780996856143,276.246555221012,273.3945217666834,0.0,0.2536239872266332,2224.3067,934.00655,346.24623
2023-01-26 13:00:00,2.624235171389715,275.29716742787207,273.8675415056615,0.0,0.4100543213002078,2275.68708,942.03322,345.22156
2023-01-26 14:00:00,2.624235171389715,275.29716742787207,273.8675415056615,0.0,0.4100543213002078,2338.59388,953.52085,349.15965
2023-01-26 15:00:00,2.624235171389715,275.29716742787207,273.8675415056615,0.0,0.4100543213002078,2364.60953,976.29509,361.56545
2023-01-26 16:00:00,2.463094364023383,274.62314448141285,273.72065525742926,0.0,0.061706505480143,2376.77794,970.09916,369.16624
2023-01-26 17:00:00,2.463094364023383,274.62314448141285,273.72065525742926,0.0,0.061706505480143,2402.92429,945.98046,385.26044
2023-01-26 18:00:00,2.626651365375888,273.9077147633528,272.9395674081509,0.0,0.0467147071138237,2466.59831,946.2861,380.53809
2023-01-26 19:00:00,2.6641255899927563,273.601765953573,272.44589470824167,0.0,0.0588660234530039,2499.48318,938.2739,381.5105
2023-01-26 20:00:00,2.6641255899927563,273.601765953573,272.44589470824167,0.0,0.0588660234530039,2496.5179,930.86281,380.50973
2023-01-26 21:00:00,2.6641255899927563,273.601765953573,272.44589470824167,0.0,0.0588660234530039,2481.48052,923.98927,375.11818
2023-01-26 22:00:00,2.8674855268367487,273.95195153503425,272.2393142987117,39.80520829223442,0.0017951227250673,2472.83632,928.96575,363.86413
2023-01-26 23:00:00,2.8674855268367487,273.95195153503425,272.2393142987117,39.80520829223442,0.0017951227250673,2445.18301,939.46301,366.25849
2023-01-27 00:00:00,3.284296279291849,275.62840082902085,272.50318833261986,40.68002600178978,0.000663482376751,2178.8714,1008.26505,338.73795
2023-01-27 01:00:00,3.648561481035657,276.1504742050447,272.15871358792253,202.81629866797613,0.0009703602433876,2124.06109,1010.15853,329.17822
2023-01-27 02:00:00,3.648561481035657,276.1504742050447,272.15871358792253,202.81629866797613,0.0009703602433876,2046.21437,1007.11374,315.52774
2023-01-27 03:00:00,3.648561481035657,276.1504742050447,272.15871358792253,202.81629866797613,0.0009703602433876,2003.22499,1010.69572,307.73097
2023-01-27 04:00:00,3.058495613242792,274.0860987652046,271.1434278368526,414.5546590972768,0.0003060876679786,1957.94644,991.56338,316.58955
2023-01-27 05:00:00,3.058495613242792,274.0860987652046,271.1434278368526,414.5546590972768,0.0003060876679786,1954.72164,980.20911,317.69061
2023-01-27 06:00:00,2.853256594125818,272.54639225435693,270.2771188000179,415.7923945881744,0.0005622701383899,1990.66951,980.17665,309.95243
2023-01-27 07:00:00,2.5461949093973244,271.50221326874066,269.50609527106246,254.798851677516,0.0007159415594864,1954.32737,972.00375,311.72976
2023-01-27 08:00:00,2.5461949093973244,271.50221326874066,269.50609527106246,254.798851677516,0.0007159415594864,1951.62653,971.34054,308.66093
2023-01-27 09:00:00,2.5461949093973244,271.50221326874066,269.50609527106246,254.798851677516,0.0007159415594864,1946.1569,978.21826,294.8571
2023-01-27 10:00:00,2.400486874029399,270.7517387242105,269.027756113574,0.0,5.164187610260869e-05,1954.7464,965.21676,302.4443
2023-01-27 11:00:00,2.400486874029399,270.7517387242105,269.027756113574,0.0,5.164187610260869e-05,2029.14779,954.02836,309.79597
2023-01-27 12:00:00,2.4449203161073454,269.7964330572012,268.3447634220201,0.0,0.0001032837522052,2104.17837,940.70022,317.41802
2023-01-27 13:00:00,2.628458543827609,271.95234506201336,268.81265625168714,0.0,0.0360078299927146,2155.93776,948.75741,317.11834
2023-01-27 14:00:00,2.628458543827609,271.95234506201336,268.81265625168714,0.0,0.0360078299927146,2218.37242,960.46272,321.34365
2023-01-27 15:00:00,2.628458543827609,271.95234506201336,268.81265625168714,0.0,0.0360078299927146,2246.07136,983.58264,333.52237
2023-01-27 16:00:00,3.2034351008097888,276.81778564362816,270.04088191379446,0.0,0.2999328378097882,2258.49844,977.39623,340.8843
2023-01-27 17:00:00,3.2034351008097888,276.81778564362816,270.04088191379446,0.0,0.2999328378097882,2284.38814,952.94191,356.87231
2023-01-27 18:00:00,3.559989262187681,278.72043246954587,270.99113563418297,0.0,0.2946119287253664,2341.97573,953.3107,353.24723
2023-01-27 19:00:00,2.683374197381652,275.30147905349475,271.00424357931263,0.0,1.180145189861327,2369.65898,945.39364,354.0548
2023-01-27 20:00:00,2.683374197381652,275.30147905349475,271.00424357931263,0.0,1.180145189861327,2366.22042,937.96191,352.97423
2023-01-27 21:00:00,2.683374197381652,275.30147905349475,271.00424357931263,0.0,1.180145189861327,2351.63143,930.84776,347.82379
2023-01-27 22:00:00,2.696574476836745,274.03630114336465,270.809721030126,12.303060653224488,1.7897842929581618,2341.8813,935.77843,337.36675
2023-01-27 23:00:00,2.696574476836745,274.03630114336465,270.809721030126,12.303060653224488,1.7897842929581618,2318.75765,946.14898,340.24782
2023-01-28 00:00:00,2.5976726628586846,273.2693681942397,270.6535041787697,12.543570517063444,1.6827705333919198,2215.49956,1011.62029,357.28042
2023-01-28 01:00:00,2.176887382481601,272.74656282540315,270.45804525624607,57.88772330775733,4.690197061259124,2158.72656,1013.39335,346.47781
2023-01-28 02:00:00,2.176887382481601,272.74656282540315,270.45804525624607,57.88772330775733,4.690197061259124,2079.2105,1010.2813,331.6788
2023-01-28 03:00:00,2.176887382481601,272.74656282540315,270.45804525624607,57.88772330775733,4.690197061259124,2035.42942,1013.85657,323.17045
2023-01-28 04:00:00,1.851155512371592,272.4766220334643,270.343246287733,168.5150894600814,4.003432271945593,1989.73113,994.61898,332.07632
2023-01-28 05:00:00,1.851155512371592,272.4766220334643,270.343246287733,168.5150894600814,4.003432271945593,1987.76167,983.20644,332.94475
2023-01-28 06:00:00,2.025280034020829,274.30776590119297,271.34822917522763,164.8420689938386,4.107009354223111,2025.67166,983.11447,324.53749
2023-01-28 07:00:00,2.658251467419576,277.02936189774914,272.8916107716622,110.76442141417822,7.989776885178832,1990.3809,974.86666,325.79542
2023-01-28 08:00:00,2.658251467419576,277.02936189774914,272.8916107716622,110.76442141417822,7.989776885178832,1988.20963,974.15612,322.1752
2023-01-28 09:00:00,2.658251467419576,277.02936189774914,272.8916107716622,110.76442141417822,7.989776885178832,1982.26901,980.94505,307.31398
2023-01-28 10:00:00,2.539574166234257,276.84438468914743,273.49043828020785,0.0,2.0138207889216444,1991.06176,967.82754,314.8241
2023-01-28 11:00:00,2.539574166234257,276.84438468914743,273.49043828020785,0.0,2.0138207889216444,2065.67922,956.52112,321.94872
2023-01-28 12:00:00,3.1579998094759776,274.8252404688691,273.14941800287875,0.0,2.167798633871458,2140.63552,943.0661,329.3699
2023-01-28 13:00:00,3.733111926912169,274.058533623813,273.2851656005753,0.0,2.655740127527515,2191.14086,951.14157,328.76964
2023-01-28 14:00:00,3.733111926912169,274.058533623813,273.2851656005753,0.0,2.655740127527515,2252.71919,962.93156,332.87588
2023-01-28 15:00:00,3.733111926912169,274.058533623813,273.2851656005753,0.0,2.655740127527515,2279.26571,986.18266,345.14873
2023-01-28 16:00:00,4.069937626738489,273.79603945103247,273.37730049984793,0.0,0.0950283088808826,2291.24065,980.00966,352.60967
2023-01-28 17:00:00,4.069937626738489,273.79603945103247,273.37730049984793,0.0,0.0950283088808826,2316.74415,955.4442,368.64171
2023-01-28 18:00:00,4.916274374491073,273.65164541326413,273.1930942285181,0.0,0.1004062052313247,2375.74815,955.84416,364.56173
2023-01-28 19:00:00,5.383537653730121,273.15670430284536,272.47046083114844,0.0,0.2054961896412934,2404.94096,947.96637,365.43765
2023-01-28 20:00:00,5.383537653730121,273.15670430284536,272.47046083114844,0.0,0.2054961896412934,2401.76942,940.53035,364.39016
2023-01-28 21:00:00,5.383537653730121,273.15670430284536,272.47046083114844,0.0,0.2054961896412934,2387.15207,933.33282,359.13974
2023-01-28 22:00:00,5.57363946184214,273.19021600651183,272.19845896835864,38.94973119620629,0.1175355854091092,2377.69617,938.24897,348.35229
2023-01-28 23:00:00,5.57363946184214,273.19021600651183,272.19845896835864,38.94973119620629,0.1175355854091092,2353.00812,948.5736,351.03156
2023-01-29 00:00:00,6.129588627740741,274.3041537710176,272.7660668829931,38.33706761283375,0.1298897140864442,2326.46577,949.10227,372.19711
2023-01-29 01:00:00,6.1041537008853,274.6969316330743,272.54926609850526,183.16597529353007,0.2084207744827236,2259.56997,952.85206,360.39461
2023-01-29 02:00:00,6.1041537008853,274.6969316330743,272.54926609850526,183.16597529353007,0.2084207744827236,2167.50031,950.60308,344.67169
2023-01-29 03:00:00,6.1041537008853,274.6969316330743,272.54926609850526,183.16597529353007,0.2084207744827236,2112.51626,953.9989,335.59087
2023-01-29 04:00:00,5.211566596345277,273.3410870710197,271.5837423220466,386.355892978973,0.0747150780371976,2053.7558,936.40265,344.53482
2023-01-29 05:00:00,5.211566596345277,273.3410870710197,271.5837423220466,386.355892978973,0.0747150780371976,2039.75771,925.68706,345.2161
2023-01-29 06:00:00,4.815923872444483,271.86667862444665,270.4266202285791,392.37342136104894,0.0799664691206963,2071.39643,926.42229,336.27056
2023-01-29 07:00:00,4.663091656813345,270.7440470217409,269.36002246261046,249.60189599499856,0.0936539292589793,2023.7854,919.29791,337.11065
2023-01-29 08:00:00,4.663091656813345,270.7440470217409,269.36002246261046,249.60189599499856,0.0936539292589793,2015.57707,919.37476,333.04684
2023-01-29 09:00:00,4.663091656813345,270.7440470217409,269.36002246261046,249.60189599499856,0.0936539292589793,2008.69231,927.82344,317.33504
2023-01-29 10:00:00,4.490103100466012,269.6210390245002,268.2241019642961,0.0,0.0032237231943541,2020.76054,917.02794,324.78318
2023-01-29 11:00:00,4.490103100466012,269.6210390245002,268.2241019642961,0.0,0.0032237231943541,2110.39695,908.10204,331.72512
2023-01-29 12:00:00,4.2432094110250045,268.3822214521666,266.88954948205486,0.0,0.0060366756532495,2201.09971,897.23398,338.98469
2023-01-29 13:00:00,4.625937249689552,269.1151176419376,266.88263663724945,0.0,0.0126351545129911,2267.02489,905.22314,338.14263
2023-01-29 14:00:00,4.625937249689552,269.1151176419376,266.88263663724945,0.0,0.0126351545129911,2342.53884,915.65008,342.15308
2023-01-29 15:00:00,4.625937249689552,269.1151176419376,266.88263663724945,0.0,0.0126351545129911,2377.03186,936.6836,354.50166
2023-01-29 16:00:00,4.884645759769507,272.1437856682679,268.40209192583166,0.0,0.0020244442291989,2393.99595,930.6105,362.04228
2023-01-29 17:00:00,4.884645759769507,272.1437856682679,268.40209192583166,0.0,0.0020244442291989,2425.98647,908.46737,378.10975
2023-01-29 18:00:00,4.678325773016319,273.7618627591921,269.6005401578148,0.0,0.0015056333933409,2493.96029,908.57997,373.66379
2023-01-29 19:00:00,3.183964005244232,271.5537910411397,269.428496018704,0.0,0.0029265679852584,2526.71646,900.14546,374.59467
2023-01-29 20:00:00,3.183964005244232,271.5537910411397,269.428496018704,0.0,0.0029265679852584,2522.09006,892.89937,373.57379
2023-01-29 21:00:00,3.183964005244232,271.5537910411397,269.428496018704,0.0,0.0029265679852584,2505.77185,887.37605,368.24298
2023-01-29 22:00:00,3.353539254753358,270.6547696809312,269.03562914516914,46.535721186637375,0.0,2497.44146,892.63206,357.18968
2023-01-29 23:00:00,3.353539254753358,270.6547696809312,269.03562914516914,46.535721186637375,0.0,2473.07153,903.80665,359.70664
2023-01-30 00:00:00,3.7027244574096208,270.23012180811776,268.6257679863298,46.22315896014224,0.0002848405504497,2310.01572,907.7012,310.16634
2023-01-30 01:00:00,4.511955207436468,270.91393766618046,269.05515166908094,226.31835693637663,0.0004743764808946,2242.3357,912.78005,302.52176
2023-01-30 02:00:00,4.511955207436468,270.91393766618046,269.05515166908094,226.31835693637663,0.0004743764808946,2148.02538,911.13201,290.64102
2023-01-30 03:00:00,4.511955207436468,270.91393766618046,269.05515166908094,226.31835693637663,0.0004743764808946,2089.88533,914.43174,283.9407
2023-01-30 04:00:00,5.045901101926151,271.60993987889344,269.6428933111987,483.66183872355407,0.0,2026.61061,897.94623,292.72636
2023-01-30 05:00:00,5.045901101926151,271.60993987889344,269.6428933111987,483.66183872355407,0.0,2005.73381,887.72144,294.18593
2023-01-30 06:00:00,5.629937956738577,274.6990013157385,271.7992881774518,478.99890539871785,0.0,2031.61919,889.02562,287.47867
2023-01-30 07:00:00,6.093490507922784,278.8096894709508,274.0487481341458,303.0122091742978,0.0,1977.35141,882.6657,290.0564
2023-01-30 08:00:00,6.093490507922784,278.8096894709508,274.0487481341458,303.0122091742978,0.0,1965.85753,883.27081,287.83718
2023-01-30 09:00:00,6.093490507922784,278.8096894709508,274.0487481341458,303.0122091742978,0.0,1959.37683,892.81822,275.66259
2023-01-30 10:00:00,3.262291089755883,276.3040634413897,273.35208525175324,0.0,0.0,1972.41438,883.54846,283.36854
2023-01-30 11:00:00,3.262291089755883,276.3040634413897,273.35208525175324,0.0,0.0,2067.68365,876.18547,291.07013
2023-01-30 12:00:00,3.404247516647982,276.4905659830021,273.053488305356,0.0,0.0,2164.78996,867.01385,299.00167
2023-01-30 13:00:00,3.8644083677439816,274.11117584861734,271.5895789724638,0.0,0.0,2238.9442,874.9268,299.16516
2023-01-30 14:00:00,3.8644083677439816,274.11117584861734,271.5895789724638,0.0,0.0,2321.4359,884.43511,303.57395
2023-01-30 15:00:00,3.8644083677439816,274.11117584861734,271.5895789724638,0.0,0.0,2361.0086,903.98305,315.60763
2023-01-30 16:00:00,4.417453340025267,273.5069536522965,271.26443153567567,0.0,0.0014562757575329,2380.71167,897.94993,322.81697
2023-01-30 17:00:00,4.417453340025267,273.5069536522965,271.26443153567567,0.0,0.0014562757575329,2415.92931,877.38452,338.7371
2023-01-30 18:00:00,3.959476374258104,272.5788441105957,270.6666925580673,0.0,0.0007692871211848,2485.13356,877.28491,335.81301
2023-01-30 19:00:00,4.869437373455558,274.74426013698405,272.0567311697608,0.0,0.0214175823824811,2516.809,868.46844,336.51528
2023-01-30 20:00:00,4.869437373455558,274.74426013698405,272.0567311697608,0.0,0.0214175823824811,2511.15944,861.33995,335.38374
2023-01-30 21:00:00,4.869437373455558,274.74426013698405,272.0567311697608,0.0,0.0214175823824811,2494.20989,856.91636,330.38731
2023-01-30 22:00:00,6.121716117143022,278.75948612624745,274.0982468699507,35.868376699176096,0.215599207586827,2485.84149,862.39229,320.43945
2023-01-30 23:00:00,6.121716117143022,278.75948612624745,274.0982468699507,35.868376699176096,0.215599207586827,2464.19069,874.13012,323.63143
2023-01-31 00:00:00,6.031369466601266,278.77650042005,274.93545095686056,36.99966802202573,0.1634001122948896,2344.58848,951.5881,324.88191
2023-01-31 01:00:00,5.939494463968739,276.285889457605,273.9291666321176,158.00996315906556,0.553013917672759,2277.5185,955.26915,316.25097
2023-01-31 02:00:00,5.939494463968739,276.285889457605,273.9291666321176,158.00996315906556,0.553013917672759,2186.05369,953.00036,303.45874
2023-01-31 03:00:00,5.939494463968739,276.285889457605,273.9291666321176,158.00996315906556,0.553013917672759,2132.3581,956.41452,296.1937
2023-01-31 04:00:00,6.240463687233738,274.4635730804239,272.38864837572123,285.01011211446496,0.5182361541456311,2075.63994,938.76476,305.0169
2023-01-31 05:00:00,6.240463687233738,274.4635730804239,272.38864837572123,285.01011211446496,0.5182361541456311,2065.28423,928.03588,306.29184
2023-01-31 06:00:00,6.063998844702525,272.78738902260784,270.6837452826876,287.452076660441,0.555410672391626,2100.22521,928.7486,299.05361
2023-01-31 07:00:00,5.971150818573408,271.312881587417,269.30155730126216,172.8281226788876,1.234298318852158,2056.09304,921.58964,301.2191
2023-01-31 08:00:00,5.971150818573408,271.312881587417,269.30155730126216,172.8281226788876,1.234298318852158,2049.60514,921.63856,298.56228
2023-01-31 09:00:00,5.971150818573408,271.312881587417,269.30155730126216,172.8281226788876,1.234298318852158,2042.39493,930.02109,285.54857
2023-01-31 10:00:00,5.910814808822157,269.9735146806066,267.8324099528387,0.0,0.7418028701547055,2054.0565,919.12733,293.19333
2023-01-31 11:00:00,5.910814808822157,269.9735146806066,267.8324099528387,0.0,0.7418028701547055,2141.05815,910.10012,300.7147
2023-01-31 12:00:00,5.935364531172726,268.49190398338123,265.5074866486284,0.0,0.6813152094540099,2228.67645,899.12099,308.48687
2023-01-31 13:00:00,5.811083752682366,269.52138242783525,265.3684387864192,0.0,1.4999447669273729,2290.31336,907.10415,308.4118
2023-01-31 14:00:00,5.811083752682366,269.52138242783525,265.3684387864192,0.0,1.4999447669273729,2362.24926,917.57737,312.72609
2023-01-31 15:00:00,5.811083752682366,269.52138242783525,265.3684387864192,0.0,1.4999447669273729,2393.98932,938.69068,324.83449
2023-01-31 16:00:00,5.781769752440184,269.8339264927492,265.0076510932012,0.0,0.5730209370933484,2409.51626,932.60076,332.12243
2023-01-31 17:00:00,5.781769752440184,269.8339264927492,265.0076510932012,0.0,0.5730209370933484,2439.85473,910.34826,348.0775
2023-01-31 18:00:00,5.403153441468005,267.73368414546326,263.95603241888773,0.0,0.6932815258744642,2507.63594,910.46151,344.79237
2023-01-31 19:00:00,5.045902003218954,265.97651194802285,262.3406992328187,0.0,0.9579083516095503,2541.33208,902.04259,345.54887
2023-01-31 20:00:00,5.045902003218954,265.97651194802285,262.3406992328187,0.0,0.9579083516095503,2537.26995,894.78491,344.44359
2023-01-31 21:00:00,5.045902003218954,265.97651194802285,262.3406992328187,0.0,0.9579083516095503,2521.24568,889.19062,339.3678
2023-01-31 22:00:00,4.853302715895227,264.77282560270385,261.0138715451052,17.820844216904973,0.1176373418395275,2513.01633,894.43052,329.15772
2023-01-31 23:00:00,4.853302715895227,264.77282560270385,261.0138715451052,17.820844216904973,0.1176373418395275,2486.90697,905.57153,332.18956
2023-02-01 00:00:00,4.284990316382393,264.6248556283432,260.76609198867965,17.923237363870875,0.1138477970888779,2170.30177,970.2431,330.35635
2023-02-01 01:00:00,3.939630016653578,264.0741540069249,259.9407948350903,105.20073228290944,0.1762849604127951,2114.76454,973.30646,321.35843
2023-02-01 02:00:00,3.939630016653578,264.0741540069249,259.9407948350903,105.20073228290944,0.1762849604127951,2035.17852,970.73914,308.22712
2023-02-01 03:00:00,3.939630016653578,264.0741540069249,259.9407948350903,105.20073228290944,0.1762849604127951,1989.87335,974.17505,300.752
2023-02-01 04:00:00,3.83875023011678,264.9382169951023,259.5582540966137,226.9704319654008,0.0612020435937893,1941.34394,956.00215,309.58916
2023-02-01 05:00:00,3.83875023011678,264.9382169951023,259.5582540966137,226.9704319654008,0.0612020435937893,1933.32821,945.02449,310.79541
2023-02-01 06:00:00,3.237026957033783,268.3764074216137,259.1162245318624,232.56877550527008,0.0711903569520447,1965.34681,945.46091,303.35964
2023-02-01 07:00:00,3.2029014640393068,270.06268241814905,260.592937485021,150.31962094266203,0.1563264356962267,1924.35438,937.93809,305.37178
2023-02-01 08:00:00,3.2029014640393068,270.06268241814905,260.592937485021,150.31962094266203,0.1563264356962267,1919.35919,937.74241,302.55218
2023-02-01 09:00:00,3.2029014640393068,270.06268241814905,260.592937485021,150.31962094266203,0.1563264356962267,1914.13686,945.63025,289.2263
2023-02-01 10:00:00,3.014139249746224,268.1483870529013,262.13663781690155,0.0,0.0978020711665974,1923.43385,934.06018,296.84832
2023-02-01 11:00:00,3.014139249746224,268.1483870529013,262.13663781690155,0.0,0.0978020711665974,2001.86571,924.34166,304.30264
2023-02-01 12:00:00,3.095328848160836,267.5567416183178,262.8869913769013,0.0,0.0853516163986446,2081.45014,912.61394,312.01548
2023-02-01 13:00:00,2.758474204525615,267.1501080951189,262.894743616735,0.0,0.1371187642490141,2138.96273,920.64943,311.8517
2023-02-01 14:00:00,2.758474204525615,267.1501080951189,262.894743616735,0.0,0.1371187642490141,2206.29311,931.55189,316.13084
2023-02-01 15:00:00,2.758474204525615,267.1501080951189,262.894743616735,0.0,0.1371187642490141,2237.5108,953.35069,328.26701
2023-02-01 16:00:00,2.972865671952102,266.9371671994453,262.6529827986518,0.0,0.0049517086342657,2251.8499,947.26753,335.58417
2023-02-01 17:00:00,2.972865671952102,266.9371671994453,262.6529827986518,0.0,0.0049517086342657,2280.00458,924.32901,351.55225
2023-02-01 18:00:00,2.961886880909672,264.23967295549403,260.1068569560172,0.0,0.0047716005641303,2338.59042,924.55869,348.1328
2023-02-01 19:00:00,3.4174500442229805,266.00913360967866,260.0674611807459,0.0,0.0070989844972435,2365.6337,916.32446,348.90949
2023-02-01 20:00:00,3.4174500442229805,266.00913360967866,260.0674611807459,0.0,0.0070989844972435,2361.48923,909.0215,347.81399
2023-02-01 21:00:00,3.4174500442229805,266.00913360967866,260.0674611807459,0.0,0.0070989844972435,2346.44811,902.94017,342.70871
2023-02-01 22:00:00,3.8171894995519495,270.97556735560386,261.79026010895643,52.47315485935084,0.0,2336.69596,908.08587,332.40105
2023-02-01 23:00:00,3.8171894995519495,270.97556735560386,261.79026010895643,52.47315485935084,0.0,2315.37451,918.97275,335.37333
2023-02-02 00:00:00,2.799658985907452,273.31704943567706,264.91420375396285,52.86785011812791,5.1486561904143055e-05,2250.40052,994.43259,370.99414
2023-02-02 01:00:00,2.313041810451409,270.6980664557499,265.4820550051743,242.67927809602503,5.1486561904143055e-05,2190.75466,996.69603,359.27229
2023-02-02 02:00:00,2.313041810451409,270.6980664557499,265.4820550051743,242.67927809602503,5.1486561904143055e-05,2107.84826,993.74298,343.62387
2023-02-02 03:00:00,2.313041810451409,270.6980664557499,265.4820550051743,242.67927809602503,5.1486561904143055e-05,2061.19907,997.2083,334.58923
2023-02-02 04:00:00,2.421116293015956,269.96659862598915,265.5481682113408,502.8274795413858,0.0,2012.27022,978.35832,343.53008
2023-02-02 05:00:00,2.421116293015956,269.96659862598915,265.5481682113408,502.8274795413858,0.0,2007.69607,967.05955,344.22644
2023-02-02 06:00:00,3.9688236616605774,271.5939197868555,266.3229885465072,500.8535058965989,0.0,2044.54302,967.13858,335.32433
2023-02-02 07:00:00,3.782008103218999,271.90413942298864,267.5613692270963,314.89451890324455,0.0,2006.53155,959.14507,336.19815
2023-02-02 08:00:00,3.782008103218999,271.90413942298864,267.5613692270963,314.89451890324455,0.0,2003.03037,958.63251,332.17011
2023-02-02 09:00:00,3.782008103218999,271.90413942298864,267.5613692270963,314.89451890324455,0.0,1996.75681,965.87891,316.52689
2023-02-02 10:00:00,3.606561112252081,272.1997405644572,268.96010598032694,0.0,0.0,2006.38185,953.43142,323.98003
2023-02-02 11:00:00,3.606561112252081,272.1997405644572,268.96010598032694,0.0,0.0,2084.6535,942.81573,330.93668
2023-02-02 12:00:00,2.706814011883472,273.09320788145067,270.5051805119166,0.0,0.0,2163.3734,930.11652,338.20929
2023-02-02 13:00:00,2.9341261095587505,275.2556358126202,272.3025631338568,0.0,0.0,2217.29801,938.21892,337.38676
2023-02-02 14:00:00,2.9341261095587505,275.2556358126202,272.3025631338568,0.0,0.0,2282.02888,949.67704,341.40489
2023-02-02 15:00:00,2.9341261095587505,275.2556358126202,272.3025631338568,0.0,0.0,2310.22328,972.3639,353.74737
2023-02-02 16:00:00,2.76600289954486,275.7799535452576,273.18264991566286,0.0,0.0,2323.29409,966.28821,361.28157
2023-02-02 17:00:00,2.76600289954486,275.7799535452576,273.18264991566286,0.0,0.0,2350.26784,942.45881,377.34617
2023-02-02 18:00:00,3.116614691830872,273.10966538892023,271.2722846700529,0.0,0.0,2411.74453,942.83843,372.92974
2023-02-02 19:00:00,3.7203427170916976,271.6973001934738,269.92351276077096,0.0,0.0240808099572452,2442.13339,934.84286,373.8562
2023-02-02 20:00:00,3.7203427170916976,271.6973001934738,269.92351276077096,0.0,0.0240808099572452,2438.67294,927.48087,372.83317
2023-02-02 21:00:00,3.7203427170916976,271.6973001934738,269.92351276077096,0.0,0.0240808099572452,2423.64074,920.7675,367.50885
2023-02-02 22:00:00,4.043674607051398,270.5051623522204,268.4148250453948,36.68524555637544,0.3074649789480665,2414.52153,925.79084,356.47697
2023-02-02 23:00:00,4.043674607051398,270.5051623522204,268.4148250453948,36.68524555637544,0.3074649789480665,2389.55696,936.34808,359.00702
2023-02-03 00:00:00,4.676588100504679,268.6583129594813,265.64911409100233,37.14467508631168,0.2534472868637761,2150.96359,982.56205,333.33903
2023-02-03 01:00:00,4.180436905781082,267.1712364977433,263.76406242933933,147.7382149059515,0.8243190872243855,2097.40532,985.19523,324.14118
2023-02-03 02:00:00,4.180436905781082,267.1712364977433,263.76406242933933,147.7382149059515,0.8243190872243855,2020.39261,982.39794,310.82514
2023-02-03 03:00:00,4.180436905781082,267.1712364977433,263.76406242933933,147.7382149059515,0.8243190872243855,1977.49291,985.82274,303.23555
2023-02-03 04:00:00,4.25673155251002,267.86816610708576,262.57224370081644,212.4323717001377,1.4220307887133028,1931.84644,967.2777,312.0803
2023-02-03 05:00:00,4.25673155251002,267.86816610708576,262.57224370081644,212.4323717001377,1.4220307887133028,1926.74128,956.10311,313.24912
2023-02-03 06:00:00,2.900000322653696,278.17892996681525,274.04405641156416,214.19706114573148,1.3585322901014734,1960.48132,956.33337,305.70574
2023-02-03 07:00:00,3.483541878219729,279.3405882878054,273.925151564544,126.49052072430216,3.470623688708788,1922.43357,948.54749,307.63435
2023-02-03 08:00:00,3.483541878219729,279.3405882878054,273.925151564544,126.49052072430216,3.470623688708788,1918.88345,948.1824,304.72605
2023-02-03 09:00:00,3.483541878219729,279.3405882878054,273.925151564544,126.49052072430216,3.470623688708788,1913.80089,955.74408,291.23008
2023-02-03 10:00:00,3.216903872398789,276.5871563202136,273.15245288561914,0.0,3.039370782360768,1922.39039,943.74077,298.8397
2023-02-03 11:00:00,3.216903872398789,276.5871563202136,273.15245288561914,0.0,3.039370782360768,1997.46574,933.58096,306.25751
2023-02-03 12:00:00,2.966530321890549,273.4752046628763,270.7778138150968,0.0,3.08961132171376,2073.4845,921.37761,313.93804
2023-02-03 13:00:00,2.613874085274055,272.75692669507384,270.39512006976474,0.0,5.604796669091998,2127.32088,929.46896,313.72589
2023-02-03 14:00:00,2.613874085274055,272.75692669507384,270.39512006976474,0.0,5.604796669091998,2191.37232,940.67271,317.98587
2023-02-03 15:00:00,2.613874085274055,272.75692669507384,270.39512006976474,0.0,5.604796669091998,2220.61681,962.94332,330.13718
2023-02-03 16:00:00,2.365689577196996,272.3024671176504,269.98739445986826,0.0,1.716684258536567,2233.75915,956.89386,337.47029
2023-02-03 17:00:00,2.365689577196996,272.3024671176504,269.98739445986826,0.0,1.716684258536567,2260.38959,933.5318,353.44545
2023-02-03 18:00:00,2.6643236550497784,269.5399855698333,265.56461578065023,0.0,1.663533301637447,2317.17152,933.86296,349.95282
2023-02-03 19:00:00,3.136846839040297,272.28858751535194,265.5681355808588,0.0,2.8862009745430006,2343.64564,925.76538,350.7405
2023-02-03 20:00:00,3.136846839040297,272.28858751535194,265.5681355808588,0.0,2.8862009745430006,2339.87125,918.44173,349.65033
2023-02-03 21:00:00,3.136846839040297,272.28858751535194,265.5681355808588,0.0,2.8862009745430006,2325.20971,912.04876,344.52896
2023-02-03 22:00:00,3.740805444664984,277.93282683039035,266.659705231678,17.57045731606897,0.5277565634208876,2315.24942,917.13807,334.16816
2023-02-03 23:00:00,3.740805444664984,277.93282683039035,266.659705231678,17.57045731606897,0.5277565634208876,2293.61244,927.85666,337.10797
2023-02-04 00:00:00,3.318703806337556,278.80899570914903,267.090748041713,17.68788165807563,0.5169388351685028,2111.01246,990.37257,299.69217
2023-02-04 01:00:00,3.1484319391634457,275.01948601060894,268.2291092480258,109.60159060403244,0.6970024027856817,2060.00706,992.73609,292.74968
2023-02-04 02:00:00,3.1484319391634457,275.01948601060894,268.2291092480258,109.60159060403244,0.6970024027856817,1985.55499,989.7975,281.51769
2023-02-04 03:00:00,3.1484319391634457,275.01948601060894,268.2291092480258,109.60159060403244,0.6970024027856817,1944.38752,993.2186,275.21936
2023-02-04 04:00:00,3.610833800205665,273.4470305120111,268.1538489456716,268.0784140110876,0.0707330997789242,1900.36274,974.4413,283.97826
2023-02-04 05:00:00,3.610833800205665,273.4470305120111,268.1538489456716,268.0784140110876,0.0707330997789242,1895.45075,963.14629,285.56926
2023-02-04 06:00:00,4.022904700261551,273.32233488471365,269.0878715853131,262.9397142098171,0.0644059076668218,1928.25616,963.24896,279.23996
2023-02-04 07:00:00,4.354894969598449,273.0757439662098,269.3299567955563,170.68562210497635,0.1180958466613354,1890.59174,955.29938,282.11106
2023-02-04 08:00:00,4.354894969598449,273.0757439662098,269.3299567955563,170.68562210497635,0.1180958466613354,1887.21838,954.82798,280.20333
2023-02-04 09:00:00,4.354894969598449,273.0757439662098,269.3299567955563,170.68562210497635,0.1180958466613354,1882.60192,962.1828,268.62603
2023-02-04 10:00:00,4.685495231100906,273.05403990652485,269.6143323776463,0.0,0.061808714967949,1890.70704,949.90301,276.37548
2023-02-04 11:00:00,4.685495231100906,273.05403990652485,269.6143323776463,0.0,0.061808714967949,1964.12932,939.46131,284.20535
2023-02-04 12:00:00,3.5845016589365835,274.2543193982558,268.7585321663522,0.0,0.0627788170389747,2038.65264,926.95379,292.25038
2023-02-04 13:00:00,3.749705246303376,279.1817314664652,270.4241610783202,0.0,0.1240259587883148,2091.9603,935.07765,292.58363
2023-02-04 14:00:00,3.749705246303376,279.1817314664652,270.4241610783202,0.0,0.1240259587883148,2155.31448,946.47015,297.05974
2023-02-04 15:00:00,3.749705246303376,279.1817314664652,270.4241610783202,0.0,0.1240259587883148,2184.68708,969.03723,309.04021
2023-02-04 16:00:00,3.2679666510441336,280.83305601536074,271.64553345405955,0.0,0.0357191932573673,2197.69512,963.00523,316.19359
2023-02-04 17:00:00,3.2679666510441336,280.83305601536074,271.64553345405955,0.0,0.0357191932573673,2223.99089,939.37064,332.08889
2023-02-04 18:00:00,5.149672375126386,277.1656259019972,271.0094122918304,0.0,0.0311269185324031,2278.76622,939.76278,329.42173
2023-02-04 19:00:00,4.964278787540202,275.8894135931189,271.7180311274219,0.0,0.0536604889954382,2303.6935,931.74993,330.08539
2023-02-04 20:00:00,4.964278787540202,275.8894135931189,271.7180311274219,0.0,0.0536604889954382,2299.85117,924.41186,328.93519
2023-02-04 21:00:00,4.964278787540202,275.8894135931189,271.7180311274219,0.0,0.0536604889954382,2285.37992,917.82003,323.99519
2023-02-04 22:00:00,4.9234064389308845,275.48896493188045,272.25342582099097,52.06584562670276,0.0127050873745325,2275.07575,922.87277,314.23399
2023-02-04 23:00:00,4.9234064389308845,275.48896493188045,272.25342582099097,52.06584562670276,0.0127050873745325,2254.64589,933.48464,317.53999
2023-02-05 00:00:00,4.416035911819384,276.0854800988593,272.98539011864864,53.35491075563955,0.0080458889618526,2259.86088,945.223,330.27985
2023-02-05 01:00:00,4.423448687464006,275.4810550990876,272.38915949030934,241.66444734020803,0.0127887248674633,2196.30835,948.99478,321.28709
2023-02-05 02:00:00,4.423448687464006,275.4810550990876,272.38915949030934,241.66444734020803,0.0127887248674633,2106.8677,946.65108,308.16051
2023-02-05 03:00:00,4.423448687464006,275.4810550990876,272.38915949030934,241.66444734020803,0.0127887248674633,2052.8465,949.92059,300.68831
2023-02-05 04:00:00,4.769139519248522,277.59649523980755,272.92645857044204,476.05936596074287,0.0073043721112566,1994.2107,932.30535,309.52529
2023-02-05 05:00:00,4.769139519248522,277.59649523980755,272.92645857044204,476.05936596074287,0.0073043721112566,1977.07201,921.48545,310.73248
2023-02-05 06:00:00,5.961616335384071,279.9702628446477,271.9298480609854,479.9097270646452,0.0069326562255985,2004.4812,922.16494,303.29948
2023-02-05 07:00:00,5.386557884407433,280.71475317393066,271.26691374749566,306.31823739718067,0.0157928856453339,1954.11851,915.00692,305.31377
2023-02-05 08:00:00,5.386557884407433,280.71475317393066,271.26691374749566,306.31823739718067,0.0157928856453339,1944.53363,915.09736,302.49645
2023-02-05 09:00:00,5.386557884407433,280.71475317393066,271.26691374749566,306.31823739718067,0.0157928856453339,1938.5314,923.65117,289.17494
2023-02-05 10:00:00,3.2696293235558715,276.9239746449141,270.6941784706684,0.0,0.0024948782767507,1950.37377,913.05988,296.79727
2023-02-05 11:00:00,3.2696293235558715,276.9239746449141,270.6941784706684,0.0,0.0024948782767507,2040.39596,904.35055,304.25254
2023-02-05 12:00:00,2.946068036847009,275.71721612867145,271.4837532902324,0.0,0.0029739720942094,2132.09856,893.72751,311.96622
2023-02-05 13:00:00,2.8572997537273936,274.14435266079573,270.5426911247081,0.0,0.0148813810439276,2201.34528,901.80756,311.80365
2023-02-05 14:00:00,2.8572997537273936,274.14435266079573,270.5426911247081,0.0,0.0148813810439276,2279.31177,912.23121,316.08329
2023-02-05 15:00:00,2.8572997537273936,274.14435266079573,270.5426911247081,0.0,0.0148813810439276,2316.51988,933.21334,328.21906
2023-02-05 16:00:00,4.932035355463946,265.33884018421764,260.98884902267525,0.0,0.0174682356759486,2334.65036,927.27889,335.53583
2023-02-05 17:00:00,4.932035355463946,265.33884018421764,260.98884902267525,0.0,0.0174682356759486,2367.75747,905.41923,351.50373
2023-02-05 18:00:00,3.226017803923144,278.02413457262816,273.9411292300182,0.0,0.0023314302735082,2433.40973,905.62515,348.08617
2023-02-05 19:00:00,3.958836617207375,277.9568794296679,274.74213380714053,0.0,0.0126844581306035,2463.36617,897.22305,348.86255
2023-02-05 20:00:00,3.958836617207375,277.9568794296679,274.74213380714053,0.0,0.0126844581306035,2458.13117,890.03016,347.76691
2023-02-05 21:00:00,3.958836617207375,277.9568794296679,274.74213380714053,0.0,0.0126844581306035,2441.77698,884.65602,342.66202
2023-02-05 22:00:00,4.933607486627667,278.2218840756441,275.7697217084303,0.0,0.0128468554704671,2432.92492,889.95919,332.35574
2023-02-05 23:00:00,4.933607486627667,278.2218840756441,275.7697217084303,0.0,0.0128468554704671,2411.67299,901.18458,335.32885
2023-02-06 00:00:00,4.933607486627667,278.2218840756441,275.7697217084303,0.0,0.0128468554704671,2272.58751,907.35428,351.49734
2023-02-06 01:00:00,4.522124938412466,267.38917993489133,260.4483981737652,0.0,0.0420519001655229,2206.637,912.3357,341.08236
2023-02-06 02:00:00,4.522124938412466,267.38917993489133,260.4483981737652,0.0,0.0420519001655229,2113.53596,910.53283,326.64158
2023-02-06 03:00:00,4.522124938412466,267.38917993489133,260.4483981737652,0.0,0.0420519001655229,2055.62205,913.70756,318.35513
2023-02-06 04:00:00,4.5230310313949165,267.5933476944908,260.42344286877926,50.56080295300322,0.0280036136307305,1991.99596,897.10121,327.24623
2023-02-06 05:00:00,4.5230310313949165,267.5933476944908,260.42344286877926,50.56080295300322,0.0280036136307305,1968.7884,886.72143,328.18725
2023-02-06 06:00:00,3.951844457734662,265.9456655499389,260.2231576707744,50.619725537363465,0.0278750383560507,1991.86008,887.91507,319.98866
2023-02-06 07:00:00,3.832275798221117,264.77549493064936,259.471511983446,229.3965443545372,0.0557028495630824,1935.49185,881.45007,321.40858
2023-02-06 08:00:00,3.832275798221117,264.77549493064936,259.471511983446,229.3965443545372,0.0557028495630824,1922.9512,882.02172,317.9603
2023-02-06 09:00:00,3.832275798221117,264.77549493064936,259.471511983446,229.3965443545372,0.0557028495630824,1916.98366,891.5806,303.42888
2023-02-06 10:00:00,3.613728229536866,264.2292681624883,258.9939111217112,485.8946694135035,0.0201839845383357,1929.98926,882.38852,310.96306
2023-02-06 11:00:00,3.613728229536866,264.2292681624883,258.9939111217112,485.8946694135035,0.0201839845383357,2025.98891,875.11272,318.15849
2023-02-06 12:00:00,3.611017079018765,263.7867743848005,258.2740271526082,499.51149346689095,0.01850632365455,2124.22807,866.04647,325.64228
2023-02-06 13:00:00,3.3598566859870296,263.4088586149527,257.8114619712426,321.8093886558401,0.0260096385188534,2200.93604,874.06244,325.13581
2023-02-06 14:00:00,3.3598566859870296,263.4088586149527,257.8114619712426,321.8093886558401,0.0260096385188534,2285.39676,883.65072,329.27916
2023-02-06 15:00:00,3.3598566859870296,263.4088586149527,257.8114619712426,321.8093886558401,0.0260096385188534,2326.90423,903.27909,341.52265
2023-02-06 16:00:00,3.3617600711694564,264.3065265756631,257.5195378655436,0.0,0.0002895998206976,2347.49027,897.38898,348.95273
2023-02-06 17:00:00,3.3617600711694564,264.3065265756631,257.5195378655436,0.0,0.0002895998206976,2383.60929,876.98039,364.97102
2023-02-06 18:00:00,3.50695824548135,266.75257093966906,257.97045690452126,0.0,4.835374792363586e-05,2451.67609,876.99879,361.03291
2023-02-06 19:00:00,3.254377466706403,268.3749533286436,259.0781733289584,0.0,0.0032284485830717,2481.74222,868.25124,361.88751
2023-02-06 20:00:00,3.254377466706403,268.3749533286436,259.0781733289584,0.0,0.0032284485830717,2475.66974,861.16843,360.82972
2023-02-06 21:00:00,3.254377466706403,268.3749533286436,259.0781733289584,0.0,0.0032284485830717,2458.64217,856.80288,355.61049
2023-02-06 22:00:00,2.2900502981430373,266.9560199500327,259.7288247525245,0.0,0.0118595517235436,2449.98848,862.30879,344.92606
2023-02-06 23:00:00,2.2900502981430373,266.9560199500327,259.7288247525245,0.0,0.0118595517235436,2430.27086,874.04921,347.66828
2023-02-07 00:00:00,2.262302198005919,266.1566462644365,259.6304677785274,0.0,0.0182010811724545,2279.30587,948.74312,358.29812
2023-02-07 01:00:00,2.242948400838433,265.84203975393416,259.59047044814747,0.0,0.0648882102181093,2215.69648,952.40318,347.42727
2023-02-07 02:00:00,2.242948400838433,265.84203975393416,259.59047044814747,0.0,0.0648882102181093,2127.13835,950.01026,332.56523
2023-02-07 03:00:00,2.242948400838433,265.84203975393416,259.59047044814747,0.0,0.0648882102181093,2074.77396,953.28942,324.01782
2023-02-07 04:00:00,2.251409868592254,265.5807522549733,259.6399304431885,42.33521315171639,0.0789094643212782,2018.69694,935.58121,332.92629
2023-02-07 05:00:00,2.251409868592254,265.5807522549733,259.6399304431885,42.33521315171639,0.0789094643212782,2005.96009,924.72145,333.78194
2023-02-07 06:00:00,2.382306854201835,265.7540138743097,259.0963743244281,41.39012973848651,0.073079255887934,2037.29293,925.35402,325.33794
2023-02-07 07:00:00,2.8548452051487248,267.837818132626,259.1192498988214,172.1205859285088,0.1401637215735278,1991.14625,918.1322,326.5674
2023-02-07 08:00:00,2.8548452051487248,267.837818132626,259.1192498988214,172.1205859285088,0.1401637215735278,1983.64513,918.17818,322.9169
2023-02-07 09:00:00,2.8548452051487248,267.837818132626,259.1192498988214,172.1205859285088,0.1401637215735278,1977.279,926.63862,307.99767
2023-02-07 10:00:00,3.184560441529512,272.66001776830154,260.3061709086686,280.50630112457964,0.0906245278239313,1988.60202,915.91674,315.50359
2023-02-07 11:00:00,3.184560441529512,272.66001776830154,260.3061709086686,280.50630112457964,0.0906245278239313,2075.3496,907.07369,322.6157
2023-02-07 12:00:00,2.952173895808422,274.49284646195173,261.743833917224,277.47131698703004,0.0996133575042698,2163.245,896.30541,330.02586
2023-02-07 13:00:00,2.1444645516041057,271.5830091187524,263.29874010984423,169.353474085085,0.3703133797172064,2227.29169,904.39065,329.40912
2023-02-07 14:00:00,2.1444645516041057,271.5830091187524,263.29874010984423,169.353474085085,0.3703133797172064,2300.90369,914.89144,333.50878
2023-02-07 15:00:00,2.1444645516041057,271.5830091187524,263.29874010984423,169.353474085085,0.3703133797172064,2334.80179,935.99869,345.78681
2023-02-07 16:00:00,2.284404862200432,270.8716496048917,263.8548272690691,0.0,0.5196891181200001,2351.19196,930.05925,353.25322
2023-02-07 17:00:00,2.284404862200432,270.8716496048917,263.8548272690691,0.0,0.5196891181200001,2382.28787,908.06371,369.28765
2023-02-07 18:00:00,2.379653584641636,270.52024418470705,264.3002958350584,0.0,0.4467596191683999,2447.58776,908.28626,365.18273
2023-02-07 19:00:00,2.4046839902426846,270.33012411480445,264.859265660122,0.0,1.173919879412038,2478.58406,899.91573,366.06238
2023-02-07 20:00:00,2.4046839902426846,270.33012411480445,264.859265660122,0.0,1.173919879412038,2474.02502,892.71238,365.01671
2023-02-07 21:00:00,2.4046839902426846,270.33012411480445,264.859265660122,0.0,1.173919879412038,2458.03674,887.24422,359.76081
2023-02-07 22:00:00,2.255810000679512,270.0995336625739,265.11801301857724,0.0,1.0117516483118667,2449.28545,892.52834,348.95523
2023-02-07 23:00:00,2.255810000679512,270.0995336625739,265.11801301857724,0.0,1.0117516483118667,2426.01008,903.70586,351.62343
2023-02-08 00:00:00,2.7533076412627824,272.15809489559604,265.551957125119,0.0,0.9873475766885942,2302.60642,973.92927,333.06495
2023-02-08 01:00:00,3.740825834851576,276.330859580264,267.1456889985102,0.0,1.5690832461677595,2238.93888,976.75496,323.8855
2023-02-08 02:00:00,3.740825834851576,276.330859580264,267.1456889985102,0.0,1.5690832461677595,2151.45632,973.95843,310.58641
2023-02-08 03:00:00,3.740825834851576,276.330859580264,267.1456889985102,0.0,1.5690832461677595,2101.09809,977.26646,303.00734
2023-02-08 04:00:00,4.546190650605675,277.3193943689124,268.14617555717086,26.6090056884049,0.1476627948550978,2048.11517,958.85166,311.85141
2023-02-08 05:00:00,4.546190650605675,277.3193943689124,268.14617555717086,26.6090056884049,0.1476627948550978,2040.69018,947.65532,313.02369
2023-02-08 06:00:00,4.08461766141799,272.1962181311112,267.5745319999245,26.86789927854361,0.1619601992728675,2076.7535,947.91439,305.49018
2023-02-08 07:00:00,4.288426757928311,269.39184683693554,265.5311459634621,141.30123751623393,0.1979754882281956,2035.69586,940.20107,307.42646
2023-02-08 08:00:00,4.288426757928311,269.39184683693554,265.5311459634621,141.30123751623393,0.1979754882281956,2030.70989,939.9166,304.52631
2023-02-08 09:00:00,4.288426757928311,269.39184683693554,265.5311459634621,141.30123751623393,0.1979754882281956,2023.90646,947.70918,291.04595
2023-02-08 10:00:00,4.1720532957281975,267.5033814269605,263.34542199392035,305.9024726578511,0.031718021808042,2034.60087,936.07455,298.65675
2023-02-08 11:00:00,4.1720532957281975,267.5033814269605,263.34542199392035,305.9024726578511,0.031718021808042,2117.39038,926.29834,306.0779
2023-02-08 12:00:00,3.836771726967624,266.0302915740101,260.93697521656736,277.80914446459605,0.0388749112817965,2200.68572,914.51965,313.76138
2023-02-08 13:00:00,3.3980888485937983,265.15966031876525,259.48690830676435,177.93442238988922,0.2654413605320671,2258.45569,922.67597,313.55367
2023-02-08 14:00:00,3.3980888485937983,265.15966031876525,259.48690830676435,177.93442238988922,0.2654413605320671,2326.8111,933.75647,317.81541
2023-02-08 15:00:00,3.3980888485937983,265.15966031876525,259.48690830676435,177.93442238988922,0.2654413605320671,2356.71514,955.78965,329.96535
2023-02-08 16:00:00,3.4557451795411733,266.78028896386814,258.5735049642282,0.0,0.2208287652994149,2371.0053,949.85979,337.29697
2023-02-08 17:00:00,3.4557451795411733,266.78028896386814,258.5735049642282,0.0,0.2208287652994149,2399.673,926.93862,353.27149
2023-02-08 18:00:00,3.31234644663587,271.7853837836081,259.33906759013644,0.0,0.220585365454547,2464.53961,927.31888,349.78559
2023-02-08 19:00:00,3.5661528564158145,275.0588209038315,262.1272299355916,0.0,0.3459103532291939,2496.78391,919.19778,350.57227
2023-02-08 20:00:00,3.5661528564158145,275.0588209038315,262.1272299355916,0.0,0.3459103532291939,2493.04076,911.93351,349.48157
2023-02-08 21:00:00,3.5661528564158145,275.0588209038315,262.1272299355916,0.0,0.3459103532291939,2477.49468,905.80796,344.36171
2023-02-08 22:00:00,3.0902324307322813,271.99064119956586,264.15978657318755,0.0,0.1172933538144429,2468.86372,910.96496,334.00579
2023-02-08 23:00:00,3.0902324307322813,271.99064119956586,264.15978657318755,0.0,0.1172933538144429,2443.15165,921.79932,336.94858
2023-02-09 00:00:00,3.9671622168102094,270.8144889902984,264.426410271509,0.0,0.1518157165624118,2194.01732,980.89954,327.96527
2023-02-09 01:00:00,4.442747408342344,270.89352642397046,265.4912670549958,0.0,0.2279677760546106,2137.3933,983.47968,319.12764
2023-02-09 02:00:00,4.442747408342344,270.89352642397046,265.4912670549958,0.0,0.2279677760546106,2057.05719,980.54974,306.14445
2023-02-09 03:00:00,4.442747408342344,270.89352642397046,265.4912670549958,0.0,0.2279677760546106,2011.62764,983.84894,298.76108
2023-02-09 04:00:00,4.734403399515829,271.2715286178613,266.6490204219308,32.82019123275215,0.0144792241571968,1963.34626,965.22087,307.59213
2023-02-09 05:00:00,4.734403399515829,271.2715286178613,266.6490204219308,32.82019123275215,0.0144792241571968,1956.84137,953.90999,308.8284
2023-02-09 06:00:00,5.175945028095249,272.38690270210884,267.8958199641336,31.72004356871423,0.0167055333006264,1990.66908,954.05005,301.47888
2023-02-09 07:00:00,6.063946099086946,275.13680057530337,269.50740494478225,172.65474791685816,0.020431694545082,1951.04096,946.18556,303.55802
2023-02-09 08:00:00,6.063946099086946,275.13680057530337,269.50740494478225,172.65474791685816,0.020431694545082,1946.72548,945.80447,300.80954
2023-02-09 09:00:00,6.063946099086946,275.13680057530337,269.50740494478225,172.65474791685816,0.020431694545082,1941.17697,953.41254,287.61998
2023-02-09 10:00:00,7.237119139611886,280.0840854363626,271.90536688220664,360.2313509372631,0.0540686922289901,1950.4885,941.53412,295.25194
2023-02-09 11:00:00,7.237119139611886,280.0840854363626,271.90536688220664,360.2313509372631,0.0540686922289901,2028.42648,931.50967,302.73554
2023-02-09 12:00:00,7.170389786264392,282.20059291889754,273.4439934126972,347.2489570667429,0.1561550464156764,2107.25894,919.46373,310.4743
2023-02-09 13:00:00,5.747342494267606,279.0702242209951,273.56862003761023,219.88181885951604,0.5924099540833082,2163.11199,927.6538,310.34926
2023-02-09 14:00:00,5.747342494267606,279.0702242209951,273.56862003761023,219.88181885951604,0.5924099540833082,2229.1591,938.90659,314.64376
2023-02-09 15:00:00,5.747342494267606,279.0702242209951,273.56862003761023,219.88181885951604,0.5924099540833082,2259.12619,961.2086,326.76778
2023-02-09 16:00:00,5.621834226762784,277.58389962449064,273.8388785265763,0.0,0.5239652080829232,2272.89224,955.30073,334.07219
2023-02-09 17:00:00,5.621834226762784,277.58389962449064,273.8388785265763,0.0,0.5239652080829232,2300.45962,932.14283,350.0346
2023-02-09 18:00:00,5.044589877292242,276.6724570910809,273.9860093012205,0.0,0.5775307443887906,2359.75584,932.58289,346.67382
2023-02-09 19:00:00,4.417784531782136,276.1207543702329,273.86052339655885,0.0,0.9788436503426516,2387.82098,924.54069,347.44168
2023-02-09 20:00:00,4.417784531782136,276.1207543702329,273.86052339655885,0.0,0.9788436503426516,2383.94929,917.26555,346.34191
2023-02-09 21:00:00,4.417784531782136,276.1207543702329,273.86052339655885,0.0,0.9788436503426516,2368.96114,910.96472,341.24951
2023-02-09 22:00:00,3.691605526664609,275.5100464255031,273.3878010657802,0.0,0.2633964144735085,2359.38907,916.09037,330.98447
2023-02-09 23:00:00,3.691605526664609,275.5100464255031,273.3878010657802,0.0,0.2633964144735085,2336.83199,926.82948,333.98277
2023-02-10 00:00:00,3.526187855283728,277.8030945961384,274.1019137967315,0.0,0.2952748356376038,2215.96522,988.1123,394.69126
2023-02-10 01:00:00,3.802209989520805,283.55582255006857,275.3398410127024,0.0,0.3909222492054381,2158.32941,990.43831,381.381
2023-02-10 02:00:00,3.802209989520805,283.55582255006857,275.3398410127024,0.0,0.3909222492054381,2077.28811,987.37024,364.26478
2023-02-10 03:00:00,3.802209989520805,283.55582255006857,275.3398410127024,0.0,0.3909222492054381,2031.73046,990.66033,354.32074
2023-02-10 04:00:00,3.4845105790923454,285.5086208518326,275.64089569774416,38.37230046885266,0.0071367498361645,1983.66139,971.81153,363.32207
2023-02-10 05:00:00,3.4845105790923454,285.5086208518326,275.64089569774416,38.37230046885266,0.0071367498361645,1978.53162,960.38187,363.72109
2023-02-10 06:00:00,2.5885822358435373,281.02239966505647,275.8836752154539,38.03095162673279,0.0355144311419409,2014.01584,960.39869,353.96391
2023-02-10 07:00:00,2.783739656119128,279.04382557330814,275.66150085680545,168.11415281380386,0.0598043947453554,1975.62738,952.37772,354.1739
2023-02-10 08:00:00,2.783739656119128,279.04382557330814,275.66150085680545,168.11415281380386,0.0598043947453554,1971.93,951.89668,349.4412
2023-02-10 09:00:00,2.783739656119128,279.04382557330814,275.66150085680545,168.11415281380386,0.0598043947453554,1966.08007,959.31389,332.44669
2023-02-10 10:00:00,3.3219208373959264,278.2303646947928,275.7416179928458,331.4383666730778,0.2123336189348474,1975.40901,947.1831,339.80136
2023-02-10 11:00:00,3.3219208373959264,278.2303646947928,275.7416179928458,331.4383666730778,0.2123336189348474,2052.91113,936.90192,346.46782
2023-02-10 12:00:00,4.01274896178481,277.892839259496,275.8646701919969,337.1133843231406,0.3067160437835987,2131.07094,924.57944,353.48367
2023-02-10 13:00:00,5.126272948679347,278.23920868871835,276.4057266737232,218.8466427933575,0.6399412483081507,2185.4163,932.80444,352.277
2023-02-10 14:00:00,5.126272948679347,278.23920868871835,276.4057266737232,218.8466427933575,0.6399412483081507,2250.30004,944.23563,356.14296
2023-02-10 15:00:00,5.126272948679347,278.23920868871835,276.4057266737232,218.8466427933575,0.6399412483081507,2279.12665,966.81577,368.60575
2023-02-10 16:00:00,6.595171357428932,281.04839675332346,278.0747730789775,0.0,0.2094950016390832,2292.37163,960.93083,376.26654
2023-02-10 17:00:00,6.595171357428932,281.04839675332346,278.0747730789775,0.0,0.2094950016390832,2319.40627,937.52796,392.38737
2023-02-10 18:00:00,7.928402775043024,286.2375861602861,279.98584091603146,0.0,0.2640390269077159,2379.36723,938.03012,387.38958
2023-02-10 19:00:00,7.963169228558314,288.43086432308337,280.7199543015264,0.0,0.3443693495918915,2408.3765,930.06948,388.40336
2023-02-10 20:00:00,7.963169228558314,288.43086432308337,280.7199543015264,0.0,0.3443693495918915,2404.75427,922.78316,387.42259
2023-02-10 21:00:00,7.963169228558314,288.43086432308337,280.7199543015264,0.0,0.3443693495918915,2389.81247,916.30094,381.97056
2023-02-10 22:00:00,6.895964375290252,285.97158946963043,280.9500999811993,0.0,0.0253561883837699,2380.40737,921.39419,370.5164
2023-02-10 23:00:00,6.895964375290252,285.97158946963043,280.9500999811993,0.0,0.0253561883837699,2356.71399,932.03475,372.78856
2023-02-11 00:00:00,6.693395794340852,284.7744321965467,281.18550011848447,0.0,0.012190327877689,2072.74851,976.35183,341.49294
2023-02-11 01:00:00,5.947013009464234,283.38994819608865,280.41630935744774,0.0,0.0145009248338185,2023.62389,979.03887,331.74854
2023-02-11 02:00:00,5.947013009464234,283.38994819608865,280.41630935744774,0.0,0.0145009248338185,1950.61056,976.11722,317.92744
2023-02-11 03:00:00,5.947013009464234,283.38994819608865,280.41630935744774,0.0,0.0145009248338185,1909.91207,979.36109,310.02492
2023-02-11 04:00:00,5.431679163664079,282.11066571386664,279.34812358282056,49.3835185440778,0.0060299344963396,1865.84612,960.80805,318.89049
2023-02-11 05:00:00,5.431679163664079,282.11066571386664,279.34812358282056,49.3835185440778,0.0060299344963396,1858.97849,949.49358,319.95701
2023-02-11 06:00:00,4.812042593356535,280.5479472308281,278.2236541287832,48.89342172530881,0.0066832299021445,1889.23722,949.65452,312.11942
2023-02-11 07:00:00,4.871903299900609,280.38703152745785,277.3400296260455,217.2853352559522,0.0260641587005616,1849.84402,941.83377,313.8196
2023-02-11 08:00:00,4.871903299900609,280.38703152745785,277.3400296260455,217.2853352559522,0.0260641587005616,1845.60656,941.49696,310.66884
2023-02-11 09:00:00,4.871903299900609,280.38703152745785,277.3400296260455,217.2853352559522,0.0260641587005616,1841.50181,949.22669,296.7079
2023-02-11 10:00:00,4.519091012251051,282.22795815641143,276.569472291886,427.8973452810227,0.0892808213311472,1849.50258,937.53914,304.28364
2023-02-11 11:00:00,4.519091012251051,282.22795815641143,276.569472291886,427.8973452810227,0.0892808213311472,1923.28371,927.71319,311.60159
2023-02-11 12:00:00,3.8951854699536654,283.03867663596606,276.35110709497144,432.1109426804605,0.0733494913075299,1998.53424,915.88651,319.19378
2023-02-11 13:00:00,3.4677365237909465,281.1218575637322,276.79931595724383,271.93936072622085,0.2118420048780677,2053.93386,924.10558,318.84946
2023-02-11 14:00:00,3.4677365237909465,281.1218575637322,276.79931595724383,271.93936072622085,0.2118420048780677,2118.85488,935.2891,323.05708
2023-02-11 15:00:00,3.4677365237909465,281.1218575637322,276.79931595724383,271.93936072622085,0.2118420048780677,2149.89667,957.46145,335.24979
2023-02-11 16:00:00,3.6499076713278793,280.2000789429611,276.9080642070427,0.0,0.1683209015496405,2163.63566,951.6095,342.62643
2023-02-11 17:00:00,3.6499076713278793,280.2000789429611,276.9080642070427,0.0,0.1683209015496405,2190.64612,928.67669,358.62096
2023-02-11 18:00:00,3.2467223667915386,279.7065139092388,276.00864552779035,0.0,0.1995204176660812,2244.13256,929.13674,354.9283
2023-02-11 19:00:00,3.4082044931367337,279.27623634288955,276.0683556645508,0.0,0.4847715014127075,2267.44176,921.07855,355.74602
2023-02-11 20:00:00,3.4082044931367337,279.27623634288955,276.0683556645508,0.0,0.4847715014127075,2263.22805,913.83251,354.67036
2023-02-11 21:00:00,3.4082044931367337,279.27623634288955,276.0683556645508,0.0,0.4847715014127075,2248.72082,907.6701,349.50507
2023-02-11 22:00:00,3.61704542621285,279.1322242216478,276.12722440787604,0.0,0.3037948775243046,2238.11897,912.83009,338.99896
2023-02-11 23:00:00,3.61704542621285,279.1322242216478,276.12722440787604,0.0,0.3037948775243046,2219.52873,923.63029,341.85004
2023-02-12 00:00:00,3.537353487624099,279.67085684386683,275.38689610702045,0.0,0.3137291102694257,2234.48464,903.85557,266.3376
2023-02-12 01:00:00,3.900013243800325,282.07145133675215,276.13408060251174,0.0,0.7232170864522814,2172.02148,908.83393,261.63086
2023-02-12 02:00:00,3.900013243800325,282.07145133675215,276.13408060251174,0.0,0.7232170864522814,2083.25234,906.91199,252.46487
2023-02-12 03:00:00,3.900013243800325,282.07145133675215,276.13408060251174,0.0,0.7232170864522814,2029.20983,909.94666,247.44655
2023-02-12 04:00:00,4.26539115393906,282.5451968408638,276.80545698212114,42.45398046654692,0.5252154387934683,1970.10204,893.29591,256.12037
2023-02-12 05:00:00,4.26539115393906,282.5451968408638,276.80545698212114,42.45398046654692,0.5252154387934683,1951.06917,882.78853,258.12985
2023-02-12 06:00:00,4.436352538364663,281.79293871966007,279.0868472056501,44.67629620771135,0.3407756236572464,1976.32839,883.90779,253.00407
2023-02-12 07:00:00,5.220049387948073,281.24163775401047,278.8073614457588,197.3975062428511,0.5630248462653794,1924.23404,877.38899,256.80952
2023-02-12 08:00:00,5.220049387948073,281.24163775401047,278.8073614457588,197.3975062428511,0.5630248462653794,1913.78779,877.96488,255.89363
2023-02-12 09:00:00,5.220049387948073,281.24163775401047,278.8073614457588,197.3975062428511,0.5630248462653794,1908.14312,887.61919,246.21835
2023-02-12 10:00:00,5.801902393751082,280.42127684567475,277.8468856008576,439.3373649070732,0.1284050468364905,1920.01659,878.62485,254.10641
2023-02-12 11:00:00,5.801902393751082,280.42127684567475,277.8468856008576,439.3373649070732,0.1284050468364905,2010.81882,871.55991,262.34475
2023-02-12 12:00:00,6.177807534431948,278.5466158075333,275.9881547527441,442.290511274036,0.1561649791694161,2103.60619,862.7338,270.75112
2023-02-12 13:00:00,6.041359372258521,277.4825436816411,274.7154134072181,292.38869586961414,0.2020340025756809,2174.96559,870.85361,271.62506
2023-02-12 14:00:00,6.041359372258521,277.4825436816411,274.7154134072181,292.38869586961414,0.2020340025756809,2254.59494,880.45723,276.31537
2023-02-12 15:00:00,6.041359372258521,277.4825436816411,274.7154134072181,292.38869586961414,0.2020340025756809,2293.34168,900.05873,288.12651
2023-02-12 16:00:00,5.787412343516543,278.44173300405794,274.44736129584675,0.0,0.0057215208252038,2312.19663,894.32385,295.10177
2023-02-12 17:00:00,5.787412343516543,278.44173300405794,274.44736129584675,0.0,0.0057215208252038,2346.06665,874.20103,310.91785
2023-02-12 18:00:00,5.710529848365102,282.0893971242388,274.0826472551014,0.0,0.0272823015122066,2411.04064,874.32874,309.06902
2023-02-12 19:00:00,5.254827574553883,283.3341322194974,274.1101830956575,0.0,0.0302753549507893,2439.88582,865.62546,309.60971
2023-02-12 20:00:00,5.254827574553883,283.3341322194974,274.1101830956575,0.0,0.0302753549507893,2434.31918,858.60004,308.40002
2023-02-12 21:00:00,5.254827574553883,283.3341322194974,274.1101830956575,0.0,0.0302753549507893,2417.88034,854.37944,303.63982
2023-02-12 22:00:00,3.953131942033536,280.0381661867688,274.58826874661827,0.0,0.0,2408.83958,859.93374,294.47305
2023-02-12 23:00:00,3.953131942033536,280.0381661867688,274.58826874661827,0.0,0.0,2388.9986,871.71955,298.142
2023-02-13 00:00:00,4.368313255192295,278.25944054916374,275.0561441749178,0.0,0.0,2182.95714,859.31117,306.31031
2023-02-13 01:00:00,4.96300299985981,276.7834159649219,274.37504091795205,0.0,0.0,2121.76286,865.71149,298.9242
2023-02-13 02:00:00,4.96300299985981,276.7834159649219,274.37504091795205,0.0,0.0,2032.6625,864.42424,287.28229
2023-02-13 03:00:00,4.96300299985981,276.7834159649219,274.37504091795205,0.0,0.0,1976.58749,867.34642,280.72996
2023-02-13 04:00:00,5.695443268237874,275.395596058554,272.8579457398281,67.2179068529077,0.0,1913.85703,851.8812,289.50577
2023-02-13 05:00:00,5.695443268237874,275.395596058554,272.8579457398281,67.2179068529077,0.0,1887.40004,841.89003,291.01372
2023-02-13 06:00:00,6.003935848134436,273.5800421299059,270.86427910626537,67.57584167131665,0.0,1905.53354,843.61293,284.44562
2023-02-13 07:00:00,6.678618288910105,273.2384691100974,269.0342050152161,274.5377992091263,0.0,1846.41927,837.90833,287.13136
2023-02-13 08:00:00,6.678618288910105,273.2384691100974,269.0342050152161,274.5377992091263,0.0,1832.49747,839.04993,285.0268
2023-02-13 09:00:00,6.678618288910105,273.2384691100974,269.0342050152161,274.5377992091263,0.0,1827.68797,849.88647,273.07214
2023-02-13 10:00:00,6.845157744237049,275.0222609943339,267.5067701764054,565.015478456261,0.0,1840.2256,842.53859,280.79407
2023-02-13 11:00:00,6.845157744237049,275.0222609943339,267.5067701764054,565.015478456261,0.0,1935.8579,837.16069,288.54287
2023-02-13 12:00:00,5.782135155943783,276.74029242394323,267.6041494564529,565.5713183952262,0.0,2034.45707,830.16649,296.5162
2023-02-13 13:00:00,4.395502425248608,274.17081792677845,267.1320822424508,371.2201830371026,0.0,2114.44901,838.21197,296.74221
2023-02-13 14:00:00,4.395502425248608,274.17081792677845,267.1320822424508,371.2201830371026,0.0,2201.18982,846.8337,301.17578
2023-02-13 15:00:00,4.395502425248608,274.17081792677845,267.1320822424508,371.2201830371026,0.0,2245.64557,864.84366,313.18987
2023-02-13 16:00:00,3.505287204079353,271.0113933838376,265.33968766398743,1.6525400352834782e-05,0.0,2267.40865,859.16229,320.3786
2023-02-13 17:00:00,3.505287204079353,271.0113933838376,265.33968766398743,1.6525400352834782e-05,0.0,2304.55789,840.74766,336.2896
2023-02-13 18:00:00,3.336013898315108,271.18769557597375,265.68424231413263,1.6525400352834782e-05,0.0,2369.21189,840.65582,333.4601
2023-02-13 19:00:00,2.869790742876208,269.97299545254253,264.66871248165387,0.0,0.0,2395.57258,831.54699,334.14813
2023-02-13 20:00:00,2.869790742876208,269.97299545254253,264.66871248165387,0.0,0.0,2388.82097,824.65134,333.00972
2023-02-13 21:00:00,2.869790742876208,269.97299545254253,264.66871248165387,0.0,0.0,2371.84479,821.61756,328.03406
2023-02-13 22:00:00,3.5531652608208733,272.846248720439,264.17529430620186,0.0,0.0,2362.47439,827.41059,318.15494
2023-02-13 23:00:00,3.5531652608208733,272.846248720439,264.17529430620186,0.0,0.0,2346.64099,839.80222,321.38889
2023-02-14 00:00:00,3.91766592174122,278.10661979510905,264.5501654738795,0.0,0.0,2307.28032,926.78968,346.81595
2023-02-14 01:00:00,3.881265188071932,280.416674805326,265.4138464032224,0.0,0.0,2241.17291,931.01728,336.71474
2023-02-14 02:00:00,3.881265188071932,280.416674805326,265.4138464032224,0.0,0.0,2149.54674,928.74101,322.56391
2023-02-14 03:00:00,3.881265188071932,280.416674805326,265.4138464032224,0.0,0.0,2094.47172,931.81237,314.45716
2023-02-14 04:00:00,2.7029593874108286,276.0660077195463,266.9929027308028,49.13697034037517,0.0,2035.2538,914.52888,323.33634
2023-02-14 05:00:00,2.7029593874108286,276.0660077195463,266.9929027308028,49.13697034037517,0.0,2019.68858,903.72832,324.33604
2023-02-14 06:00:00,3.142265579567029,274.9318683414723,267.56435287949097,49.40477809127094,0.0,2049.59795,904.51695,316.30635
2023-02-14 07:00:00,3.144687976197938,274.04420303430106,267.5604894612495,200.4080161003307,0.0,2000.54545,897.55974,317.85744
2023-02-14 08:00:00,3.144687976197938,274.04420303430106,267.5604894612495,200.4080161003307,0.0,1991.62084,897.83792,314.54837
2023-02-14 09:00:00,3.144687976197938,274.04420303430106,267.5604894612495,200.4080161003307,0.0,1985.01045,906.88388,300.28391
2023-02-14 10:00:00,3.205528863897434,273.49878814056217,267.45036394717744,421.9672729185081,0.0,1997.12488,897.053,307.83754
2023-02-14 11:00:00,3.205528863897434,273.49878814056217,267.45036394717744,421.9672729185081,0.0,2087.47353,889.13229,315.09027
2023-02-14 12:00:00,3.437179613237312,273.22765168690296,267.4584336558649,422.03345816148726,0.0,2179.13252,879.3786,322.62482
2023-02-14 13:00:00,3.831982527629141,276.4994877154541,268.2282163280801,279.63248714578253,0.0,2246.81873,887.55451,322.19421
2023-02-14 14:00:00,3.831982527629141,276.4994877154541,268.2282163280801,279.63248714578253,0.0,2323.73096,897.67875,326.36763
2023-02-14 15:00:00,3.831982527629141,276.4994877154541,268.2282163280801,279.63248714578253,0.0,2359.48465,918.11568,338.58738
2023-02-14 16:00:00,4.719248616951233,281.83491482782733,269.59465436164595,3.300110016216056e-05,0.0,2377.05057,912.37768,345.99244
2023-02-14 17:00:00,4.719248616951233,281.83491482782733,269.59465436164595,3.300110016216056e-05,0.0,2409.68324,891.40008,361.99961
2023-02-14 18:00:00,4.807156505794554,283.8827632768027,271.5771620389245,3.300110016216056e-05,0.0,2477.18405,891.66151,358.17637
2023-02-14 19:00:00,3.7334138408775335,280.0591626308743,272.6471856201632,1.6525400352834782e-05,0.0,2509.09152,883.17949,359.0137
2023-02-14 20:00:00,3.7334138408775335,280.0591626308743,272.6471856201632,1.6525400352834782e-05,0.0,2504.19508,876.0948,357.94755
2023-02-14 21:00:00,3.7334138408775335,280.0591626308743,272.6471856201632,1.6525400352834782e-05,0.0,2487.79885,871.27156,352.75356
2023-02-14 22:00:00,3.721698982350016,278.6509469545866,272.9145188493809,0.0,0.0,2479.32825,876.70785,342.15256
2023-02-14 23:00:00,3.721698982350016,278.6509469545866,272.9145188493809,0.0,0.0,2456.06757,888.18137,344.94572
2023-02-15 00:00:00,3.4479910844957136,278.00131572726866,272.985360510412,0.0,0.0,2204.08456,950.211,320.26757
2023-02-15 01:00:00,3.0989061624283427,277.13755989998674,273.0111176949527,0.0,0.0,2145.69246,953.65733,311.94593
2023-02-15 02:00:00,3.0989061624283427,277.13755989998674,273.0111176949527,0.0,0.0,2062.69207,950.99757,299.43951
2023-02-15 03:00:00,3.0989061624283427,277.13755989998674,273.0111176949527,0.0,0.0,2014.45502,954.08945,292.35156
2023-02-15 04:00:00,2.78259700142542,276.1357593090594,272.8240158832234,66.88131108314344,0.0,1962.58968,936.14217,301.16298
2023-02-15 05:00:00,2.78259700142542,276.1357593090594,272.8240158832234,66.88131108314344,0.0,1951.77249,925.02056,302.49582
2023-02-15 06:00:00,3.47582245057652,278.1529672041899,272.9770094343556,67.75905894598762,0.0,1982.54596,925.45598,295.42409
2023-02-15 07:00:00,3.3584627462350163,283.2501070328186,273.29453814240355,271.2572429154004,0.0,1938.6454,918.03595,297.71882
2023-02-15 08:00:00,3.3584627462350163,283.2501070328186,273.29453814240355,271.2572429154004,0.0,1932.22761,918.0049,295.19924
2023-02-15 09:00:00,3.3584627462350163,283.2501070328186,273.29453814240355,271.2572429154004,0.0,1926.69162,926.43,282.44865
2023-02-15 10:00:00,3.119221188426909,285.31102865111257,273.6133347697223,546.1856985578788,0.0,1936.84134,915.75351,290.1126
2023-02-15 11:00:00,3.119221188426909,285.31102865111257,273.6133347697223,546.1856985578788,0.0,2019.06457,906.96891,297.69049
2023-02-15 12:00:00,2.5192844877478366,281.8569722347634,275.33135677040445,547.9750813321257,0.0,2102.57497,896.28025,305.51262
2023-02-15 13:00:00,2.809803377856833,280.19311076754406,275.6574475806451,358.7677240265634,0.0,2163.73729,904.52753,305.51236
2023-02-15 14:00:00,2.809803377856833,280.19311076754406,275.6574475806451,358.7677240265634,0.0,2234.41166,915.19538,309.85627
2023-02-15 15:00:00,2.809803377856833,280.19311076754406,275.6574475806451,358.7677240265634,0.0,2267.42693,936.49802,321.94126
2023-02-15 16:00:00,3.059188752827841,279.7045839701724,276.3128860640149,0.0001481290766551,0.0,2282.93919,930.77626,329.20451
2023-02-15 17:00:00,3.059188752827841,279.7045839701724,276.3128860640149,0.0001481290766551,0.0,2312.65265,908.94523,345.14865
2023-02-15 18:00:00,4.306116047932431,279.70582197703806,277.02909162423765,0.0001481290766551,0.0,2373.71493,909.35925,341.97673
2023-02-15 19:00:00,5.054905069333397,279.7402858489403,277.5658058830605,8.232754948463158e-05,0.0,2401.89782,901.1129,342.71623
2023-02-15 20:00:00,5.054905069333397,279.7402858489403,277.5658058830605,8.232754948463158e-05,0.0,2397.4335,893.97394,341.60271
2023-02-15 21:00:00,5.054905069333397,279.7402858489403,277.5658058830605,8.232754948463158e-05,0.0,2381.96256,888.54188,336.55182
2023-02-15 22:00:00,6.403697256123033,280.9652506394296,278.20593315590486,0.0,0.0,2372.54034,893.86133,326.42396
2023-02-15 23:00:00,6.403697256123033,280.9652506394296,278.20593315590486,0.0,0.0,2351.04082,905.01563,329.50601
2023-02-16 00:00:00,8.13669914374947,282.9689037524929,278.09846818695564,0.0,0.0,2068.41634,960.06118,296.08212
2023-02-16 01:00:00,8.194025030839448,283.9001035688934,278.7710810004735,0.0,0.0,2018.47353,963.16417,289.38162
2023-02-16 02:00:00,8.194025030839448,283.9001035688934,278.7710810004735,0.0,0.0,1943.77259,960.32131,278.37324
2023-02-16 03:00:00,8.194025030839448,283.9001035688934,278.7710810004735,0.0,0.0,1900.95392,963.40501,272.21344
2023-02-16 04:00:00,6.964463729161135,283.0738073318274,278.8247217739241,54.66596467953068,0.0,1853.97294,945.16079,280.96314
2023-02-16 05:00:00,6.964463729161135,283.0738073318274,278.8247217739241,54.66596467953068,0.0,1842.97596,933.88254,282.59942
2023-02-16 06:00:00,6.11162172226287,282.9460145856722,278.8963814582325,55.3628929131252,0.0,1869.931,934.15373,276.40037
2023-02-16 07:00:00,5.486306811904257,282.0943581319467,278.25955350616186,212.1935420868544,0.0,1826.51467,926.5239,279.37262
2023-02-16 08:00:00,5.486306811904257,282.0943581319467,278.25955350616186,212.1935420868544,0.0,1820.29321,926.35761,277.57224
2023-02-16 09:00:00,5.486306811904257,282.0943581319467,278.25955350616186,212.1935420868544,0.0,1816.36553,934.52187,266.20081
2023-02-16 10:00:00,4.553645315337919,280.8831922790139,277.3734789301938,409.3713335145792,0.0070385561644993,1825.01087,923.49864,273.96527
2023-02-16 11:00:00,4.553645315337919,280.8831922790139,277.3734789301938,409.3713335145792,0.0070385561644993,1902.37869,914.36077,281.83935
2023-02-16 12:00:00,3.545953356256728,279.28424416359985,276.9661554818674,398.4587509237341,0.0088589388904368,1981.65393,903.29132,289.92347
2023-02-16 13:00:00,4.37424868813927,282.0406267951778,277.6775101565959,255.47401815138824,0.0357774324463647,2042.03449,911.58271,290.31526
2023-02-16 14:00:00,4.37424868813927,282.0406267951778,277.6775101565959,255.47401815138824,0.0357774324463647,2111.21312,922.4911,294.81452
2023-02-16 15:00:00,4.37424868813927,282.0406267951778,277.6775101565959,255.47401815138824,0.0357774324463647,2145.26739,944.17048,306.7767
2023-02-16 16:00:00,6.150678323208727,287.22697764853314,277.8055387365905,0.0003616052154505,0.0702323550658307,2160.65859,938.475,313.91078
2023-02-16 17:00:00,6.150678323208727,287.22697764853314,277.8055387365905,0.0003616052154505,0.0702323550658307,2189.63994,916.30452,329.79749
2023-02-16 18:00:00,6.014963833127231,289.5348575000588,278.1150107702225,0.0003614514579051,0.093903172739261,2244.13559,916.79909,327.21892
2023-02-16 19:00:00,5.265728361889725,285.4410078805149,278.4766846953884,0.0001709834469776,0.2362377041280445,2267.01223,908.6617,327.86925
2023-02-16 20:00:00,5.265728361889725,285.4410078805149,278.4766846953884,0.0001709834469776,0.2362377041280445,2262.19755,901.50592,326.71263
2023-02-16 21:00:00,5.265728361889725,285.4410078805149,278.4766846953884,0.0001709834469776,0.2362377041280445,2247.2877,895.82443,321.79211
2023-02-16 22:00:00,5.747800691444109,283.29362852890125,278.7400328861454,0.0,0.139041895698892,2236.71003,901.09867,312.09523
2023-02-16 23:00:00,5.747800691444109,283.29362852890125,278.7400328861454,0.0,0.139041895698892,2219.57652,912.11838,315.4405
2023-02-17 00:00:00,6.11052965933689,283.1444339384535,281.1046442283402,0.0,0.092453590655694,2005.78246,990.75136,334.08544
2023-02-17 01:00:00,6.74823813019057,282.5485998253273,280.66914438732624,0.0,0.256248013608199,1959.76677,992.8337,324.83757
2023-02-17 02:00:00,6.74823813019057,282.5485998253273,280.66914438732624,0.0,0.256248013608199,1888.94472,989.49339,311.47529
2023-02-17 03:00:00,6.74823813019057,282.5485998253273,280.66914438732624,0.0,0.256248013608199,1848.6831,992.60779,303.85707
2023-02-17 04:00:00,7.684454683409458,281.1502563927117,279.2441087883483,32.67615227388979,0.2175479477750348,1804.03129,973.4978,312.70375
2023-02-17 05:00:00,7.684454683409458,281.1502563927117,279.2441087883483,32.67615227388979,0.2175479477750348,1793.05101,961.80389,313.86321
2023-02-17 06:00:00,7.628288107917298,280.79712763196665,277.73787120907866,36.086700474402406,0.1621423219444247,1818.32016,961.61573,306.29289
2023-02-17 07:00:00,8.24851792592757,280.9374635655655,275.8833851047225,158.05562714517416,0.4272489037845485,1775.22526,953.38291,308.20057
2023-02-17 08:00:00,8.24851792592757,280.9374635655655,275.8833851047225,158.05562714517416,0.4272489037845485,1769.14228,952.81261,305.27006
2023-02-17 09:00:00,8.24851792592757,280.9374635655655,275.8833851047225,158.05562714517416,0.4272489037845485,1765.95418,960.16319,291.73153
2023-02-17 10:00:00,8.923540599394034,279.66938734084914,273.43756456943686,330.9995371051676,0.6815720107501291,1773.88816,948.02999,299.33807
2023-02-17 11:00:00,8.923540599394034,279.66938734084914,273.43756456943686,330.9995371051676,0.6815720107501291,1848.92392,937.75775,306.74673
2023-02-17 12:00:00,8.87262223973746,273.8206826106975,268.88419148789745,351.0386839122605,0.7981187058911234,1926.14333,925.46044,314.41915
2023-02-17 13:00:00,8.647652017514535,270.40275288900114,265.4328906400892,227.12108805120155,1.7506881270140062,1986.0421,933.84215,314.1949
2023-02-17 14:00:00,8.647652017514535,270.40275288900114,265.4328906400892,227.12108805120155,1.7506881270140062,2054.42587,945.46008,318.4501
2023-02-17 15:00:00,8.647652017514535,270.40275288900114,265.4328906400892,227.12108805120155,1.7506881270140062,2088.88765,968.27095,330.60522
2023-02-17 16:00:00,8.156087677132545,268.22671621259,263.2582630834152,0.0001138075074034,0.7511162393891707,2104.18298,962.5924,337.94228
2023-02-17 17:00:00,8.156087677132545,268.22671621259,263.2582630834152,0.0001138075074034,0.7511162393891707,2132.77813,939.29914,353.91922
2023-02-17 18:00:00,5.468127476854866,266.69233477822434,261.262046793326,9.783349149843104e-05,0.6106264442806816,2184.21263,939.99004,350.4083
2023-02-17 19:00:00,4.651339013467332,265.8963239313192,260.08171497362684,2.583205820482435e-05,1.470443183637114,2204.64594,932.15929,351.19871
2023-02-17 20:00:00,4.651339013467332,265.8963239313192,260.08171497362684,2.583205820482435e-05,1.470443183637114,2199.68387,924.93089,350.10985
2023-02-17 21:00:00,4.651339013467332,265.8963239313192,260.08171497362684,2.583205820482435e-05,1.470443183637114,2185.0432,918.45008,344.98447
2023-02-17 22:00:00,4.933960681115696,267.67243674085046,259.1089938377127,0.0,1.4373060445267385,2173.93048,923.57044,334.61036
2023-02-17 23:00:00,4.933960681115696,267.67243674085046,259.1089938377127,0.0,1.4373060445267385,2158.78054,934.17201,337.54205
2023-02-18 00:00:00,4.849094987986595,272.5849289035201,260.8857764572907,0.0,1.5608390691935077,1928.36786,992.00544,394.68511
2023-02-18 01:00:00,4.979227351453398,274.60305075569875,261.9070118746988,0.0,3.2347822777962665,1887.13187,994.02216,381.37527
2023-02-18 02:00:00,4.979227351453398,274.60305075569875,261.9070118746988,0.0,3.2347822777962665,1820.97062,990.62611,364.25942
2023-02-18 03:00:00,4.979227351453398,274.60305075569875,261.9070118746988,0.0,3.2347822777962665,1783.71328,993.71441,354.31561
2023-02-18 04:00:00,2.767140893652927,271.64340567701777,262.8494311525716,26.28581206674356,2.211616582884965,1741.73065,974.54032,363.31692
2023-02-18 05:00:00,2.767140893652927,271.64340567701777,262.8494311525716,26.28581206674356,2.211616582884965,1730.48982,962.79438,363.71604
2023-02-18 06:00:00,2.9307450153213086,270.8547390685441,262.70580153255867,28.79981872156204,1.961311901408927,1753.45815,962.56206,353.95907
2023-02-18 07:00:00,3.615282450374732,270.76088969038153,262.98652043413614,105.51112424469883,4.750666458027021,1710.48489,954.27996,354.16925
2023-02-18 08:00:00,3.615282450374732,270.76088969038153,262.98652043413614,105.51112424469883,4.750666458027021,1704.4379,953.68473,349.43673
2023-02-18 09:00:00,3.615282450374732,270.76088969038153,262.98652043413614,105.51112424469883,4.750666458027021,1702.17234,961.00268,332.44253
2023-02-18 10:00:00,4.048487804042553,270.89989019544964,263.4277502501144,183.5520888349829,2.912637551483052,1709.27431,948.83838,339.79726
2023-02-18 11:00:00,4.048487804042553,270.89989019544964,263.4277502501144,183.5520888349829,2.912637551483052,1781.68279,938.53615,346.46377
2023-02-18 12:00:00,4.170735424383249,269.2121518608789,261.6151805927149,172.016164637441,2.686823803444395,1856.64485,926.20873,353.47973
2023-02-18 13:00:00,5.649983637949611,272.7657275335725,261.86273960867635,107.21755662756802,5.303488366451116,1916.28942,934.61701,352.27316
2023-02-18 14:00:00,5.649983637949611,272.7657275335725,261.86273960867635,107.21755662756802,5.303488366451116,1983.98455,946.28328,356.13915
2023-02-18 15:00:00,5.649983637949611,272.7657275335725,261.86273960867635,107.21755662756802,5.303488366451116,2019.15353,969.16088,368.60191
2023-02-18 16:00:00,7.104684875152909,278.7028568955411,264.6175336735282,0.0004242057559342,2.652065679414114,2034.4431,963.5145,376.26265
2023-02-18 17:00:00,7.104684875152909,278.7028568955411,264.6175336735282,0.0004242057559342,2.652065679414114,2062.69682,940.20701,392.38348
2023-02-18 18:00:00,7.022071563496851,282.0792478096862,271.37823131166374,0.0003437062272741,2.683947739950988,2110.43121,940.93237,387.38582
2023-02-18 19:00:00,5.674413455937975,279.12231236224454,271.57252144290635,0.000114926059428,5.999357247840306,2127.82641,933.13008,388.39961
2023-02-18 20:00:00,5.674413455937975,279.12231236224454,271.57252144290635,0.000114926059428,5.999357247840306,2122.64179,925.90856,387.41881
2023-02-18 21:00:00,5.674413455937975,279.12231236224454,271.57252144290635,0.000114926059428,5.999357247840306,2108.30528,919.40593,381.9668
2023-02-18 22:00:00,5.933865835645699,277.5703050575328,271.58419244964887,0.0,3.1123312066810658,2096.5356,924.52617,370.51277
2023-02-18 23:00:00,5.933865835645699,277.5703050575328,271.58419244964887,0.0,3.1123312066810658,2083.92744,935.11017,372.78498
2023-02-19 00:00:00,6.720593157024464,276.9296929148592,270.95579434073,0.0,3.01267633350805,2017.37739,923.43943,309.2649
2023-02-19 01:00:00,6.205740392951414,276.37336613752336,271.12252395902755,0.0,5.55642323020976,1967.25754,927.61593,301.68075
2023-02-19 02:00:00,6.205740392951414,276.37336613752336,271.12252395902755,0.0,5.55642323020976,1889.65437,925.15433,289.85584
2023-02-19 03:00:00,6.205740392951414,276.37336613752336,271.12252395902755,0.0,5.55642323020976,1841.79921,928.03624,283.19014
2023-02-19 04:00:00,5.593541861870946,275.92254335899963,271.45371432445546,40.30171728737446,0.9817707773278478,1787.18121,910.6522,291.97349
2023-02-19 05:00:00,5.593541861870946,275.92254335899963,271.45371432445546,40.30171728737446,0.9817707773278478,1763.39426,899.65848,293.44436
2023-02-19 06:00:00,6.244649478701449,278.259269213274,273.39946987389555,40.27365052117334,1.0591192766101762,1779.09638,900.32451,286.76964
2023-02-19 07:00:00,7.448253853364373,283.9469450678238,275.88712961140874,187.21552167315008,1.3665930454976778,1723.40282,893.26604,289.3726
2023-02-19 08:00:00,7.448253853364373,283.9469450678238,275.88712961140874,187.21552167315008,1.3665930454976778,1711.1148,893.53147,287.1802
2023-02-19 09:00:00,7.448253853364373,283.9469450678238,275.88712961140874,187.21552167315008,1.3665930454976778,1708.18004,902.66981,275.05702
2023-02-19 10:00:00,6.873285051215571,286.4105377314268,277.793551144586,424.2632327215841,0.0284337699532771,1718.39627,893.05719,282.76671
2023-02-19 11:00:00,6.873285051215571,286.4105377314268,277.793551144586,424.2632327215841,0.0284337699532771,1805.48125,885.37144,290.47934
2023-02-19 12:00:00,5.82004649369569,283.97895512290563,278.6525934172756,406.0408899642381,0.0397205193601961,1895.99717,875.8883,298.42065
2023-02-19 13:00:00,6.021989884104031,283.003339990444,279.2433559183425,268.53723677277145,0.05128976658714,1971.52796,884.20979,298.59874
2023-02-19 14:00:00,6.021989884104031,283.003339990444,279.2433559183425,268.53723677277145,0.05128976658714,2053.42674,894.38795,303.01333
2023-02-19 15:00:00,6.021989884104031,283.003339990444,279.2433559183425,268.53723677277145,0.05128976658714,2097.06316,914.84046,315.04243
2023-02-19 16:00:00,5.839218071340071,282.9023050400644,279.7568202127895,0.0022586374044505,0.0025074752234813,2117.51821,909.31467,322.24696
2023-02-19 17:00:00,5.839218071340071,282.9023050400644,279.7568202127895,0.0022586374044505,0.0025074752234813,2152.37685,888.67476,338.16497
2023-02-19 18:00:00,3.857666493100973,280.80322828968303,278.1675257511405,0.0022918484700758,0.0026448842371389,2208.16267,889.09418,335.26298
2023-02-19 19:00:00,3.2973710310662145,279.8208483077522,277.46491686521625,0.0011006603549319,0.0127815429183695,2228.23137,880.68673,335.96192
2023-02-19 20:00:00,3.2973710310662145,279.8208483077522,277.46491686521625,0.0011006603549319,0.0127815429183695,2221.46537,873.67701,334.82877
2023-02-19 21:00:00,3.2973710310662145,279.8208483077522,277.46491686521625,0.0011006603549319,0.0127815429183695,2205.46874,869.01423,329.83718
2023-02-19 22:00:00,3.079276582286527,285.2127529756053,272.7643330727184,0.0,0.011614949082412,2194.64506,874.50944,319.90538
2023-02-19 23:00:00,3.079276582286527,285.2127529756053,272.7643330727184,0.0,0.011614949082412,2183.2174,886.02541,323.10718
2023-02-20 00:00:00,4.663521516696369,280.93171862286977,279.11417932507857,0.0023243447827029,0.0020192032413204,1983.79512,872.0857,263.78886
2023-02-20 01:00:00,4.98325536430125,281.8705762436,279.46768550479425,0.0011136793811274,0.0106230690507557,1933.79978,877.9009,259.25296
2023-02-20 02:00:00,4.98325536430125,281.8705762436,279.46768550479425,0.0011136793811274,0.0106230690507557,1854.7203,876.17042,250.24484
2023-02-20 03:00:00,4.98325536430125,281.8705762436,279.46768550479425,0.0011136793811274,0.0106230690507557,1804.05994,878.92208,245.32432
2023-02-20 04:00:00,5.203045992921591,284.2964567578487,279.8774165365149,0.0,0.0046067498741741,1745.09796,862.90426,253.99165
2023-02-20 05:00:00,5.203045992921591,284.2964567578487,279.8774165365149,0.0,0.0046067498741741,1713.81017,852.50507,256.0331
2023-02-20 06:00:00,5.203045992921591,284.2964567578487,279.8774165365149,0.0,0.0046067498741741,1722.81409,853.86653,250.99929
2023-02-20 07:00:00,2.9240760778428267,283.39101669046903,274.4241790998352,0.0,0.0158458912731216,1659.93781,847.74627,254.87616
2023-02-20 08:00:00,2.9240760778428267,283.39101669046903,274.4241790998352,0.0,0.0158458912731216,1644.09966,848.66367,254.03605
2023-02-20 09:00:00,2.9240760778428267,283.39101669046903,274.4241790998352,0.0,0.0158458912731216,1641.79049,859.16499,244.5061
2023-02-20 10:00:00,3.931337103825935,282.0253247871857,274.66067195163214,52.9572569363789,0.0421248514594026,1652.88665,851.45079,252.40473
2023-02-20 11:00:00,3.931337103825935,282.0253247871857,274.66067195163214,52.9572569363789,0.0421248514594026,1745.53527,845.7102,260.6743
2023-02-20 12:00:00,4.590503017543975,281.74916840846964,275.6148986341425,55.25466141843082,0.0694692353418083,1842.52469,838.33951,269.10831
2023-02-20 13:00:00,5.0378589063736605,281.9023399330565,277.1600510509248,229.29659138073367,0.2038262522289567,1926.91372,846.5758,270.02353
2023-02-20 14:00:00,5.0378589063736605,281.9023399330565,277.1600510509248,229.29659138073367,0.2038262522289567,2016.22713,855.62218,274.73021
2023-02-20 15:00:00,5.0378589063736605,281.9023399330565,277.1600510509248,229.29659138073367,0.2038262522289567,2065.50763,874.24031,286.52844
2023-02-20 16:00:00,5.806510774625627,281.9504248913678,278.9169595819063,485.9547577602899,0.1227358541979694,2088.92752,868.77679,293.49007
2023-02-20 17:00:00,5.806510774625627,281.9504248913678,278.9169595819063,485.9547577602899,0.1227358541979694,2127.21062,850.10686,309.30007
2023-02-20 18:00:00,6.938093833191071,282.8610512942841,280.00755236208494,479.6944135002983,0.1033871312442476,2183.57496,850.27367,307.51378
2023-02-20 19:00:00,8.444230271000396,284.91241037307213,280.19560676324306,321.3449699723315,0.248961429368733,2201.85442,841.39893,308.04509
2023-02-20 20:00:00,8.444230271000396,284.91241037307213,280.19560676324306,321.3449699723315,0.248961429368733,2193.93527,834.53903,306.83085
2023-02-20 21:00:00,8.444230271000396,284.91241037307213,280.19560676324306,321.3449699723315,0.248961429368733,2177.31708,831.24476,302.0844
2023-02-20 22:00:00,9.231979695646228,286.0971729924749,279.61170908021955,0.0041935425463945,0.1393836068693686,2166.31794,837.01528,292.96304
2023-02-20 23:00:00,9.231979695646228,286.0971729924749,279.61170908021955,0.0041935425463945,0.1393836068693686,2158.35259,849.22968,296.65972
2023-02-21 00:00:00,8.340066845112426,284.87520897743457,279.2910364652545,0.0041935425463945,0.0970679632506374,2113.95009,894.89927,320.12744
2023-02-21 01:00:00,7.54255130930528,283.8598639269364,278.68162754068294,0.002088649032602,0.1394606828010583,2058.92574,899.98759,311.81519
2023-02-21 02:00:00,7.54255130930528,283.8598639269364,278.68162754068294,0.002088649032602,0.1394606828010583,1977.40769,897.934,299.31744
2023-02-21 03:00:00,7.54255130930528,283.8598639269364,278.68162754068294,0.002088649032602,0.1394606828010583,1928.03563,900.74475,292.23487
2023-02-21 04:00:00,6.8064531297614375,282.5334551615725,277.5818227921232,0.0,0.014385077399452,1873.07476,884.12135,301.04596
2023-02-21 05:00:00,6.8064531297614375,282.5334551615725,277.5818227921232,0.0,0.014385077399452,1853.62373,873.45968,302.38053
2023-02-21 06:00:00,5.823084430425029,280.558251822834,276.3465392750178,0.0,0.0375565192643517,1875.29123,874.51343,295.31384
2023-02-21 07:00:00,5.01863834632234,278.7171219086456,275.27829071082766,0.0,0.0608590959354348,1823.37393,867.97752,297.61252
2023-02-21 08:00:00,5.01863834632234,278.7171219086456,275.27829071082766,0.0,0.0608590959354348,1812.97734,868.60562,295.09709
2023-02-21 09:00:00,5.01863834632234,278.7171219086456,275.27829071082766,0.0,0.0608590959354348,1808.76954,878.50148,282.35449
2023-02-21 10:00:00,5.021281953906296,279.8604658833846,275.0835498479331,82.01291556914603,0.0046457497646547,1819.3498,869.94321,290.01902
2023-02-21 11:00:00,5.021281953906296,279.8604658833846,275.0835498479331,82.01291556914603,0.0046457497646547,1906.07262,863.33779,297.59865
2023-02-21 12:00:00,5.221420432101519,283.6771721486256,275.47991092101995,82.18035296985722,0.0023725733777688,1995.35809,855.02765,305.42231
2023-02-21 13:00:00,5.156187102118286,285.6054533581795,276.33159765116903,301.02506921681925,0.0023725733777688,2066.33676,863.30075,305.4243
2023-02-21 14:00:00,5.156187102118286,285.6054533581795,276.33159765116903,301.02506921681925,0.0023725733777688,2144.90666,872.84904,309.76914
2023-02-21 15:00:00,5.156187102118286,285.6054533581795,276.33159765116903,301.02506921681925,0.0023725733777688,2184.76337,892.28114,321.85336
2023-02-21 16:00:00,4.305052575944856,282.21409126970366,277.13760670596315,596.9429614771145,0.0030437614763141,2203.61472,886.78846,329.1159
2023-02-21 17:00:00,4.305052575944856,282.21409126970366,277.13760670596315,596.9429614771145,0.0030437614763141,2236.95934,867.24188,345.0597
2023-02-21 18:00:00,5.244507207000941,280.43327150701793,277.14197439346947,594.7503113858832,0.0019611478017212,2296.17553,867.51971,341.89122
2023-02-21 19:00:00,5.980421023224626,279.57395767115054,276.83643098166203,397.62674627461246,0.0126415351527238,2320.2898,858.85182,342.63019
2023-02-21 20:00:00,5.980421023224626,279.57395767115054,276.83643098166203,397.62674627461246,0.0126415351527238,2314.3751,851.92483,341.51644
2023-02-21 21:00:00,5.980421023224626,279.57395767115054,276.83643098166203,397.62674627461246,0.0126415351527238,2298.40826,848.02216,336.46629
2023-02-21 22:00:00,6.443109836159888,278.64197560679594,276.6512900711569,0.0065977919426099,0.0046970810123604,2288.34476,853.67008,326.34092
2023-02-21 23:00:00,6.443109836159888,278.64197560679594,276.6512900711569,0.0065977919426099,0.0046970810123604,2272.4653,865.57419,329.42452
2023-02-22 00:00:00,6.594950789855123,276.72430516115395,275.02418346662444,0.0066305911257071,0.0237182308654898,2101.01806,920.58875,359.41347
2023-02-22 01:00:00,6.934906618117141,275.8594950557873,273.33851673030057,0.0032712152980403,0.0358917138723938,2048.07889,924.818,348.46787
2023-02-22 02:00:00,6.934906618117141,275.8594950557873,273.33851673030057,0.0032712152980403,0.0358917138723938,1969.64933,922.34087,333.53675
2023-02-22 03:00:00,6.934906618117141,275.8594950557873,273.33851673030057,0.0032712152980403,0.0358917138723938,1923.49215,925.17197,324.94655
2023-02-22 04:00:00,7.419312788268868,276.3377255993229,271.97929143176555,0.0,0.0054174230300624,1872.61039,907.8181,333.85786
2023-02-22 05:00:00,7.419312788268868,276.3377255993229,271.97929143176555,0.0,0.0054174230300624,1857.99434,896.80145,334.69952
2023-02-22 06:00:00,7.408439864175472,275.6511765384449,270.1696308970362,0.0,0.0017032490496051,1883.04124,897.46566,326.21525
2023-02-22 07:00:00,6.422997344857532,273.2427750087772,268.7178965575229,0.0,0.0022705321391513,1835.92221,890.42012,327.41348
2023-02-22 08:00:00,6.422997344857532,273.2427750087772,268.7178965575229,0.0,0.0022705321391513,1827.88604,890.70836,323.72981
2023-02-22 09:00:00,6.422997344857532,273.2427750087772,268.7178965575229,0.0,0.0022705321391513,1823.68356,899.92314,308.74697
2023-02-22 10:00:00,5.740849960568303,270.7793372199353,267.0849860935228,84.08252101668964,0.0,1833.30543,890.4387,316.24823
2023-02-22 11:00:00,5.740849960568303,270.7793372199353,267.0849860935228,84.08252101668964,0.0,1915.1629,882.88696,323.34673
2023-02-22 12:00:00,4.964835427243575,269.3531936336155,266.0861487014365,84.09416986413996,0.0,1999.15004,873.55305,330.7448
2023-02-22 13:00:00,4.404087955205604,268.32172672739443,265.18533827805936,294.62649222616665,0.0,2064.16434,881.9063,330.10994
2023-02-22 14:00:00,4.404087955205604,268.32172672739443,265.18533827805936,294.62649222616665,0.0,2137.52573,892.05235,334.20249
2023-02-22 15:00:00,4.404087955205604,268.32172672739443,265.18533827805936,294.62649222616665,0.0,2173.97611,912.43572,346.48617
2023-02-22 16:00:00,3.728801622767031,267.6557506548366,264.52704483857,566.1767400944311,0.0,2190.86722,906.9635,353.95855
2023-02-22 17:00:00,3.728801622767031,267.6557506548366,264.52704483857,566.1767400944311,0.0,2221.79558,886.48335,369.99563
2023-02-22 18:00:00,3.714023509891108,270.11464857333647,264.2858111614452,567.4092866454713,0.0,2278.95162,886.93082,365.86332
2023-02-22 19:00:00,3.966115788544802,275.153409428405,264.88087327477695,372.5810994650842,0.0,2302.86955,878.52277,366.74709
2023-02-22 20:00:00,3.966115788544802,275.153409428405,264.88087327477695,372.5810994650842,0.0,2297.61541,871.53698,365.70339
2023-02-22 21:00:00,3.966115788544802,275.153409428405,264.88087327477695,372.5810994650842,0.0,2282.19701,866.9674,360.44148
2023-02-22 22:00:00,4.382569721653256,277.5421288931793,265.76230416215355,0.0093835714952726,0.0,2271.95156,872.48778,349.616
2023-02-22 23:00:00,4.382569721653256,277.5421288931793,265.76230416215355,0.0093835714952726,0.0,2254.93839,884.04174,352.27206
2023-02-23 00:00:00,2.9043252194617253,274.0099280878616,266.5315135039674,0.0092682925461693,0.0,2285.21597,970.00225,341.55151
2023-02-23 01:00:00,3.218357569847455,272.6109718475311,266.30775929606466,0.004651082209308,0.0,2221.88482,972.60004,331.80319
2023-02-23 02:00:00,3.218357569847455,272.6109718475311,266.30775929606466,0.004651082209308,0.0,2134.12517,969.33881,317.97843
2023-02-23 03:00:00,3.218357569847455,272.6109718475311,266.30775929606466,0.004651082209308,0.0,2082.88715,972.23265,310.07371
2023-02-23 04:00:00,3.794615624783705,272.4469413576176,266.2752037344256,0.0,0.0,2028.42188,953.49863,318.93944
2023-02-23 05:00:00,3.794615624783705,272.4469413576176,266.2752037344256,0.0,0.0,2018.14275,941.82977,320.00522
2023-02-23 06:00:00,4.083403290806518,272.26179985514887,265.9642796386255,0.0,0.0,2051.53214,941.76674,312.16547
2023-02-23 07:00:00,4.205090036156796,272.2561177083644,266.1013252794054,0.0,9.60087872352505e-05,2007.76372,933.76224,313.86402
2023-02-23 08:00:00,4.205090036156796,272.2561177083644,266.1013252794054,0.0,9.60087872352505e-05,2001.43647,933.40397,310.71153
2023-02-23 09:00:00,4.205090036156796,272.2561177083644,266.1013252794054,0.0,9.60087872352505e-05,1994.92554,941.30851,296.74725
2023-02-23 10:00:00,5.215051843834408,275.42325139796947,267.120040386999,85.01285501883709,0.0,2005.90265,930.02997,304.32275
2023-02-23 11:00:00,5.215051843834408,275.42325139796947,267.120040386999,85.01285501883709,0.0,2090.63874,920.6439,311.63997
2023-02-23 12:00:00,6.451774338542768,280.1097453341332,268.70993086838774,85.41008100128522,0.0,2176.24728,909.32338,319.23152
2023-02-23 13:00:00,6.515659055095675,280.9836694124408,270.604829758509,303.7572725886861,0.0,2237.35404,917.81086,318.88626
2023-02-23 14:00:00,6.515659055095675,280.9836694124408,270.604829758509,303.7572725886861,0.0,2308.47334,929.08999,323.09352
2023-02-23 15:00:00,6.515659055095675,280.9836694124408,270.604829758509,303.7572725886861,0.0,2340.55614,951.28528,335.28651
2023-02-23 16:00:00,5.921395778400825,278.4512463734135,271.29019738180983,599.188600802838,0.0,2355.96778,945.82499,342.66344
2023-02-23 17:00:00,5.921395778400825,278.4512463734135,271.29019738180983,599.188600802838,0.0,2385.91083,923.52181,358.65816
2023-02-23 18:00:00,6.476685835134672,277.7073182799497,271.4986432291663,600.8642303887711,0.0,2450.77269,924.27263,354.96402
2023-02-23 19:00:00,6.143995591440898,277.09827897459144,271.79761590877064,396.7164299752283,0.0,2482.1562,916.35056,355.78198
2023-02-23 20:00:00,6.143995591440898,277.09827897459144,271.79761590877064,396.7164299752283,0.0,2477.96308,909.24312,354.70642
2023-02-23 21:00:00,6.143995591440898,277.09827897459144,271.79761590877064,396.7164299752283,0.0,2462.20021,903.3814,349.54082
2023-02-23 22:00:00,5.584484106552558,276.4330595469252,271.79084414822216,0.0080990846549813,0.0,2453.46274,908.651,339.03366
2023-02-23 23:00:00,5.584484106552558,276.4330595469252,271.79084414822216,0.0080990846549813,0.0,2429.21488,919.53188,341.8841
2023-02-24 00:00:00,4.928448871018367,275.5576173262102,271.67698547608234,0.0087864716947798,0.0,2133.53255,975.20111,317.26031
2023-02-24 01:00:00,5.379896959182553,278.3273413816787,272.9297228144363,0.0043634183074659,0.0052279668128937,2079.51494,977.6018,309.14023
2023-02-24 02:00:00,5.379896959182553,278.3273413816787,272.9297228144363,0.0043634183074659,0.0052279668128937,2000.79562,974.2208,296.82009
2023-02-24 03:00:00,5.379896959182553,278.3273413816787,272.9297228144363,0.0043634183074659,0.0052279668128937,1955.33542,977.09224,289.84753
2023-02-24 04:00:00,5.995578232115095,283.78524448961525,274.4922343283989,0.0,0.179948122042793,1905.95501,958.18263,298.65128
2023-02-24 05:00:00,5.995578232115095,283.78524448961525,274.4922343283989,0.0,0.179948122042793,1894.97055,946.40794,300.02187
2023-02-24 06:00:00,5.71205922955347,286.18534806951493,275.7143834512066,0.0,0.2808631776349733,1923.70144,946.24142,293.05864
2023-02-24 07:00:00,3.990062025173448,282.63521862090835,276.36607771631697,0.0,1.910272406318657,1879.98053,938.10991,295.43762
2023-02-24 08:00:00,3.990062025173448,282.63521862090835,276.36607771631697,0.0,1.910272406318657,1873.62924,937.67479,293.00746
2023-02-24 09:00:00,3.990062025173448,282.63521862090835,276.36607771631697,0.0,1.910272406318657,1868.93187,945.44209,280.42836
2023-02-24 10:00:00,3.950306324662821,280.80227722087454,276.3357019906334,24.51472449406363,2.2539866398005186,1878.31163,933.98985,288.10479
2023-02-24 11:00:00,3.950306324662821,280.80227722087454,276.3357019906334,24.51472449406363,2.2539866398005186,1958.07686,924.42821,295.71954
2023-02-24 12:00:00,3.5807660141571667,280.0868030337416,276.2837234818352,23.821441954613547,2.402450488179051,2039.45916,912.91988,303.57424
2023-02-24 13:00:00,3.0966735075580205,279.38077482636095,276.18226117606923,97.73233629278609,4.617257984784135,2100.30452,921.44582,303.62271
2023-02-24 14:00:00,3.0966735075580205,279.38077482636095,276.18226117606923,97.73233629278609,4.617257984784135,2170.27816,932.86454,307.98597
2023-02-24 15:00:00,3.0966735075580205,279.38077482636095,276.18226117606923,97.73233629278609,4.617257984784135,2203.88692,955.27227,320.05566
2023-02-24 16:00:00,2.7890873772951315,278.5768068494989,275.82848458700573,260.9440272006051,1.7020059617981995,2219.36578,949.84656,327.30287
2023-02-24 17:00:00,2.7890873772951315,278.5768068494989,275.82848458700573,260.9440272006051,1.7020059617981995,2248.73435,927.38509,343.23986
2023-02-24 18:00:00,2.9226081507983555,281.3913288325674,276.66319252510885,256.0259783422928,1.8233986105713773,2306.40341,928.19588,340.1417
2023-02-24 19:00:00,4.0866598309120885,286.4101301478057,277.04787291023507,186.78875320837028,3.4294005738975426,2331.82212,920.34179,340.87013
2023-02-24 20:00:00,4.0866598309120885,286.4101301478057,277.04787291023507,186.78875320837028,3.4294005738975426,2327.1652,913.23193,339.75126
2023-02-24 21:00:00,4.0866598309120885,286.4101301478057,277.04787291023507,186.78875320837028,3.4294005738975426,2311.97841,907.24574,334.71656
2023-02-24 22:00:00,4.368601426042607,288.5740574460863,277.1916382036852,0.0186718748107373,0.259633915286848,2301.95651,912.49552,324.64229
2023-02-24 23:00:00,4.368601426042607,288.5740574460863,277.1916382036852,0.0186718748107373,0.259633915286848,2282.75091,923.30507,327.75709
2023-02-25 00:00:00,2.6477758201748403,285.1221295788268,278.2686675824749,0.0187174767431756,0.2891016154251662,1951.30006,955.01414,324.82716
2023-02-25 01:00:00,2.807529768069036,283.3980306293823,278.2353884258828,0.0093682443591702,0.4167213897872879,1908.25223,958.04128,316.19987
2023-02-25 02:00:00,2.807529768069036,283.3980306293823,278.2353884258828,0.0093682443591702,0.4167213897872879,1839.9996,954.92147,303.41103
2023-02-25 03:00:00,2.807529768069036,283.3980306293823,278.2353884258828,0.0093682443591702,0.4167213897872879,1801.01765,957.72141,296.1481
2023-02-25 04:00:00,3.1416591845699164,282.38377488214275,278.13770578178406,0.0,0.0214550275705482,1757.1266,939.32748,304.97117
2023-02-25 05:00:00,3.1416591845699164,282.38377488214275,278.13770578178406,0.0,0.0214550275705482,1744.46215,927.76046,306.24678
2023-02-25 06:00:00,3.1037612069986986,280.47421530880206,277.0280348946156,0.0,0.041638373931624,1766.95403,927.84843,299.0105
2023-02-25 07:00:00,2.986484549801835,279.1791842010008,276.07366617788466,0.0,0.0467802565314823,1722.47467,920.06755,301.17754
2023-02-25 08:00:00,2.986484549801835,279.1791842010008,276.07366617788466,0.0,0.0467802565314823,1715.69269,919.88256,298.52238
2023-02-25 09:00:00,2.986484549801835,279.1791842010008,276.07366617788466,0.0,0.0467802565314823,1713.19941,928.18594,285.51177
2023-02-25 10:00:00,3.919886734317566,281.1681106711779,275.6229920477122,71.59030578056016,0.0003729326606635,1720.80001,917.49064,293.15679
2023-02-25 11:00:00,3.919886734317566,281.1681106711779,275.6229920477122,71.59030578056016,0.0003729326606635,1795.34866,908.70574,300.67882
2023-02-25 12:00:00,4.784589763625145,285.3420570472621,275.149576807775,71.82148798656439,0.0002428414742436,1872.49365,898.04272,308.45157
2023-02-25 13:00:00,5.590603675001864,288.2710066253895,277.0758333551969,263.4402339352764,0.0004758788166543,1934.03541,906.55208,308.37739
2023-02-25 14:00:00,5.590603675001864,288.2710066253895,277.0758333551969,263.4402339352764,0.0004758788166543,2003.50165,917.54032,312.69205
2023-02-25 15:00:00,5.590603675001864,288.2710066253895,277.0758333551969,263.4402339352764,0.0004758788166543,2039.54524,939.2421,324.80014
2023-02-25 16:00:00,4.515438584710094,285.90989218641937,278.80279732730264,546.7096363168616,0.0017342507594487,2055.43939,933.86426,332.08778
2023-02-25 17:00:00,4.515438584710094,285.90989218641937,278.80279732730264,546.7096363168616,0.0017342507594487,2084.52021,912.20064,348.04275
2023-02-25 18:00:00,5.224882545467721,284.81303136098103,279.8308779414283,546.4810207218597,0.0012749288425098,2133.79424,912.9317,344.75894
2023-02-25 19:00:00,5.8273750892106,285.2426821043244,281.4493551717876,363.5762162080628,0.0814657020649629,2151.99366,904.90573,345.51523
2023-02-25 20:00:00,5.8273750892106,285.2426821043244,281.4493551717876,363.5762162080628,0.0814657020649629,2146.66021,897.86208,344.40986
2023-02-25 21:00:00,5.8273750892106,285.2426821043244,281.4493551717876,363.5762162080628,0.0814657020649629,2132.08057,892.42179,339.33439
2023-02-25 22:00:00,6.185806468285442,285.40874714111806,282.7096976734773,0.0205397581050737,0.4498581233877924,2120.52781,897.78441,329.12528
2023-02-25 23:00:00,6.185806468285442,285.40874714111806,282.7096976734773,0.0205397581050737,0.4498581233877924,2107.64601,908.86815,332.15773
2023-02-26 00:00:00,6.36395773389513,284.59875016094,282.0360188758707,0.0204741368526582,0.5278391800508101,2089.90779,873.76856,336.35838
2023-02-26 01:00:00,6.591403473363197,285.0307895089746,282.673693033384,0.0100530674023747,1.917348283633772,2034.94936,879.3632,326.95816
2023-02-26 02:00:00,6.591403473363197,285.0307895089746,282.673693033384,0.0100530674023747,1.917348283633772,1952.33243,877.36288,313.45509
2023-02-26 03:00:00,6.591403473363197,285.0307895089746,282.673693033384,0.0100530674023747,1.917348283633772,1900.90297,879.92785,305.74964
2023-02-26 04:00:00,7.718803038579428,286.39028168110553,282.88392403033924,0.0,1.728886948437852,1842.76652,863.66519,314.60215
2023-02-26 05:00:00,7.718803038579428,286.39028168110553,282.88392403033924,0.0,1.728886948437852,1817.85737,853.00181,315.73306
2023-02-26 06:00:00,8.228429408742405,287.3179562252181,281.89282877033287,0.0,1.5797554050651574,1834.66125,854.16323,308.0807
2023-02-26 07:00:00,6.828005374917721,285.49481784779584,280.3428824786596,0.0,3.3872568139719608,1777.51529,847.84088,309.92472
2023-02-26 08:00:00,6.828005374917721,285.49481784779584,280.3428824786596,0.0,3.3872568139719608,1764.53445,848.67843,306.92663
2023-02-26 09:00:00,6.828005374917721,285.49481784779584,280.3428824786596,0.0,3.3872568139719608,1760.77719,859.13883,293.25852
2023-02-26 10:00:00,6.019345940723161,283.73887957155887,278.92345554992403,29.952845716976245,1.382630744492054,1772.00218,851.46196,300.85559
2023-02-26 11:00:00,6.019345940723161,283.73887957155887,278.92345554992403,29.952845716976245,1.382630744492054,1862.78829,845.77171,308.23639
2023-02-26 12:00:00,6.138006012671948,282.5592695225061,277.7189520231116,29.012437323356053,1.2937884572071845,1956.79733,838.47181,315.88423
2023-02-26 13:00:00,6.758942908216139,280.77504741852283,275.6839030193994,131.52742533199208,2.1082734306570954,2034.22488,846.87039,315.62314
2023-02-26 14:00:00,6.758942908216139,280.77504741852283,275.6839030193994,131.52742533199208,2.1082734306570954,2118.19533,856.08858,319.86375
2023-02-26 15:00:00,6.758942908216139,280.77504741852283,275.6839030193994,131.52742533199208,2.1082734306570954,2162.15648,874.90963,332.03037
2023-02-26 16:00:00,6.940991566896492,277.81354775758143,272.85787929940614,351.76914868780386,0.4932209122576504,2183.16558,869.66367,339.37958
2023-02-26 17:00:00,6.940991566896492,277.81354775758143,272.85787929940614,351.76914868780386,0.4932209122576504,2219.00477,851.14985,355.36194
2023-02-26 18:00:00,7.863254594375661,277.3999848749653,269.6146195022508,365.3224342464828,0.4673878493493055,2278.66114,851.50918,351.79524
2023-02-26 19:00:00,7.892546316655016,278.73699443504404,267.02907471966745,255.74133036910752,0.6777433254264107,2301.48898,842.76062,352.59403
2023-02-26 20:00:00,7.892546316655016,278.73699443504404,267.02907471966745,255.74133036910752,0.6777433254264107,2294.73593,835.9644,351.50922
2023-02-26 21:00:00,7.892546316655016,278.73699443504404,267.02907471966745,255.74133036910752,0.6777433254264107,2278.31524,832.70053,346.37161
2023-02-26 22:00:00,7.107976214179585,278.7139442910257,266.27803071493537,0.0356795483413946,0.0889576416783703,2268.12737,838.50521,335.95698
2023-02-26 23:00:00,7.107976214179585,278.7139442910257,266.27803071493537,0.0356795483413946,0.0889576416783703,2254.75471,850.69344,338.86396
2023-02-27 00:00:00,5.687346777630873,274.28070733867327,264.7154868300135,0.0356783265835108,0.0912174664127627,2235.97634,862.8093,303.73303
2023-02-27 01:00:00,5.728369718201331,271.1477870660409,262.91994748548365,0.0178337845648458,0.1654057811290924,2170.47364,868.72787,296.5197
2023-02-27 02:00:00,5.728369718201331,271.1477870660409,262.91994748548365,0.0178337845648458,0.1654057811290924,2076.32353,866.84545,285.03742
2023-02-27 03:00:00,5.728369718201331,271.1477870660409,262.91994748548365,0.0178337845648458,0.1654057811290924,2016.00919,869.35303,278.584
2023-02-27 04:00:00,5.356194964398625,269.08885015477284,261.37285831700706,0.0,0.0070115782574149,1948.52868,853.35085,287.35324
2023-02-27 05:00:00,5.356194964398625,269.08885015477284,261.37285831700706,0.0,0.0070115782574149,1918.32682,842.7765,288.89352
2023-02-27 06:00:00,5.036520155993557,267.9816110472559,260.4915029027725,0.0,0.0057239619391667,1935.00906,844.05881,282.41842
2023-02-27 07:00:00,4.689416367811603,267.2808912354949,259.9938059288808,0.0,0.0115385414845855,1871.96926,837.91009,285.17634
2023-02-27 08:00:00,4.689416367811603,267.2808912354949,259.9938059288808,0.0,0.0115385414845855,1856.12924,838.87782,283.14843
2023-02-27 09:00:00,4.689416367811603,267.2808912354949,259.9938059288808,0.0,0.0115385414845855,1850.80759,849.62964,271.3407
2023-02-27 10:00:00,4.804298347996724,269.0986622281049,259.8635448080193,96.63130377491451,0.0017778729581938,1864.57393,842.37336,279.07336
2023-02-27 11:00:00,4.804298347996724,269.0986622281049,259.8635448080193,96.63130377491451,0.0017778729581938,1965.56546,837.11582,286.85376
2023-02-27 12:00:00,4.7538569344641575,274.2985739214748,261.85633499203425,97.99637642729076,0.0016815181500638,2069.66823,830.28844,294.855
2023-02-27 13:00:00,4.503953424216808,276.44451482412626,264.39598773601995,332.35315913471135,0.0018785654051065,2154.59706,838.6936,295.12275
2023-02-27 14:00:00,4.503953424216808,276.44451482412626,264.39598773601995,332.35315913471135,0.0018785654051065,2245.90583,847.69112,299.57288
2023-02-27 15:00:00,4.503953424216808,276.44451482412626,264.39598773601995,332.35315913471135,0.0018785654051065,2292.71163,866.14285,311.57388
2023-02-27 16:00:00,3.120825022725958,274.9262433203477,267.3202132517604,657.7068989960426,0.0,2316.05436,860.94416,318.74887
2023-02-27 17:00:00,3.120825022725958,274.9262433203477,267.3202132517604,657.7068989960426,0.0,2355.33471,842.88498,334.65373
2023-02-27 18:00:00,2.883222959088184,274.4113098396525,268.8526039911329,658.3951798985909,0.0,2423.68278,843.21891,331.88746
2023-02-27 19:00:00,2.5735989562401445,274.04451009694526,269.9548971097976,447.30450398963785,0.0,2451.87358,834.3878,332.56602
2023-02-27 20:00:00,2.5735989562401445,274.04451009694526,269.9548971097976,447.30450398963785,0.0,2444.71317,827.63427,331.42302
2023-02-27 21:00:00,2.5735989562401445,274.04451009694526,269.9548971097976,447.30450398963785,0.0,2427.12854,824.67404,326.46123
2023-02-27 22:00:00,1.853551134949035,274.0254836420733,271.169222586055,0.0486412107907464,0.0,2418.2664,830.54416,316.62804
2023-02-27 23:00:00,1.853551134949035,274.0254836420733,271.169222586055,0.0486412107907464,0.0,2401.94532,842.88098,319.89003
2023-02-28 00:00:00,1.7842785362568423,274.2958626996202,270.9423906707409,0.0486575355179454,0.0,2054.41003,900.75069,315.1613
2023-02-28 01:00:00,2.597124000577688,280.24428344747093,274.7345505034409,0.0243311694556783,0.0,2002.23594,905.44764,307.18192
2023-02-28 02:00:00,2.597124000577688,280.24428344747093,274.7345505034409,0.0243311694556783,0.0,1922.8205,903.00908,294.99179
2023-02-28 03:00:00,2.597124000577688,280.24428344747093,274.7345505034409,0.0243311694556783,0.0,1874.01818,905.60052,288.0998
2023-02-28 04:00:00,2.8642111208022154,281.9131610532147,276.9058547879254,0.0,0.0,1818.77934,888.57598,296.89819
2023-02-28 05:00:00,2.8642111208022154,281.9131610532147,276.9058547879254,0.0,0.0,1795.99785,877.54634,298.29508
2023-02-28 06:00:00,2.71271244862812,281.09776582438366,278.87070356956286,0.0,0.0,1813.48058,878.30339,291.40759
2023-02-28 07:00:00,2.8930998421905416,280.3712512324244,278.9823593910586,0.0,0.0,1758.59138,871.45037,293.8454
2023-02-28 08:00:00,2.8930998421905416,280.3712512324244,278.9823593910586,0.0,0.0,1746.71159,871.93259,291.47766
2023-02-28 09:00:00,2.8930998421905416,280.3712512324244,278.9823593910586,0.0,0.0,1743.30872,881.67757,279.01824
2023-02-28 10:00:00,2.573935481921016,280.2832753392845,279.25845791269626,84.5738114943565,0.0,1753.77483,873.02515,286.7034
2023-02-28 11:00:00,2.573935481921016,280.2832753392845,279.25845791269626,84.5738114943565,0.0,1841.31728,866.338,294.34383
2023-02-28 12:00:00,2.566800248763107,280.6665635391313,280.01494013216825,87.36335123329944,0.0,1932.02421,857.95901,302.22129
2023-02-28 13:00:00,2.359516890604965,280.9188166980766,280.3844649092225,280.972670014323,0.0005154858992451,2006.60727,866.43749,302.30378
2023-02-28 14:00:00,2.359516890604965,280.9188166980766,280.3844649092225,280.972670014323,0.0005154858992451,2087.91559,876.2799,306.68052
2023-02-28 15:00:00,2.359516890604965,280.9188166980766,280.3844649092225,280.972670014323,0.0005154858992451,2130.57735,896.0962,318.73956
2023-02-28 16:00:00,3.030382021530031,283.4633429837621,282.2055178142232,481.0208944166452,0.0070778269751871,2150.68146,890.86583,325.97555
2023-02-28 17:00:00,3.030382021530031,283.4633429837621,282.2055178142232,481.0208944166452,0.0070778269751871,2185.27725,871.36552,341.90757
2023-02-28 18:00:00,4.124270280504573,287.02214390315146,284.8026439488797,494.7259350558246,0.0042201170897614,2242.57263,871.89807,338.86091
2023-02-28 19:00:00,4.906890955519653,288.7452328222487,286.16143506920105,309.5683985498057,0.0151663910323912,2264.15088,863.41941,339.58158
2023-02-28 20:00:00,4.906890955519653,288.7452328222487,286.16143506920105,309.5683985498057,0.0151663910323912,2257.61721,856.55968,338.45895
2023-02-28 21:00:00,4.906890955519653,288.7452328222487,286.16143506920105,309.5683985498057,0.0151663910323912,2241.56501,852.59327,333.4356
2023-02-28 22:00:00,5.425658121617379,287.8491213296103,286.5940144047326,0.0493204411040345,0.0114323323554092,2231.04262,858.26277,323.39875
2023-02-28 23:00:00,5.425658121617379,287.8491213296103,286.5940144047326,0.0493204411040345,0.0114323323554092,2218.11778,870.08333,326.53636
2023-03-01 00:00:00,6.482861592774587,287.56103268803304,286.29669525879785,0.0499538512039809,0.0080280146344355,2031.80891,906.75229,324.51013
2023-03-01 01:00:00,7.108362053325271,287.6934464241156,285.17972305557055,0.0249003696360992,0.0181751048061077,1982.26498,911.22556,315.9041
2023-03-01 02:00:00,7.108362053325271,287.6934464241156,285.17972305557055,0.0249003696360992,0.0181751048061077,1906.42687,908.65435,303.1349
2023-03-01 03:00:00,7.108362053325271,287.6934464241156,285.17972305557055,0.0249003696360992,0.0181751048061077,1861.10485,911.22426,295.88414
2023-03-01 04:00:00,8.020720168977881,286.571591468703,282.61247673088377,0.0,0.0025195973203894,1810.13126,894.00163,304.70639
2023-03-01 05:00:00,8.020720168977881,286.571591468703,282.61247673088377,0.0,0.0025195973203894,1791.95472,882.85545,305.98598
2023-03-01 06:00:00,9.187723630508255,286.0613105239765,281.4043288328392,0.0,0.0073095300166067,1812.37752,883.49713,298.76115
2023-03-01 07:00:00,10.030444890906656,285.81108590992574,279.523036426805,0.0,0.0074026720407646,1762.10825,876.50146,300.93708
2023-03-01 08:00:00,10.030444890906656,285.81108590992574,279.523036426805,0.0,0.0074026720407646,1752.49804,876.89625,298.29132
2023-03-01 09:00:00,10.030444890906656,285.81108590992574,279.523036426805,0.0,0.0074026720407646,1749.22185,886.4827,285.2988
2023-03-01 10:00:00,10.238526047776032,287.69596523639024,278.55297035893057,90.5879024027629,0.0,1758.6589,877.6276,292.94514
2023-03-01 11:00:00,10.238526047776032,287.69596523639024,278.55297035893057,90.5879024027629,0.0,1841.18686,870.73501,300.47104
2023-03-01 12:00:00,9.419670346085072,289.09621348264795,278.566015363427,91.9026743815875,0.0,1926.51269,862.13604,308.24722
2023-03-01 13:00:00,7.422514994708337,285.8850440874605,277.6236117902985,298.61208747459114,0.0,1995.33895,870.65522,308.1782
2023-03-01 14:00:00,7.422514994708337,285.8850440874605,277.6236117902985,298.61208747459114,0.0,2071.55909,880.65574,312.49488
2023-03-01 15:00:00,7.422514994708337,285.8850440874605,277.6236117902985,298.61208747459114,0.0,2111.04542,900.714,324.60137
2023-03-01 16:00:00,6.13848721098987,283.0848644091799,276.4403772681396,549.809691831262,0.0,2129.26788,895.51843,331.88733
2023-03-01 17:00:00,6.13848721098987,283.0848644091799,276.4403772681396,549.809691831262,0.0,2161.50009,875.83038,347.84151
2023-03-01 18:00:00,4.833801895931319,281.46319029482345,275.6425976333976,552.098006211708,0.0,2216.33171,876.42784,344.5655
2023-03-01 19:00:00,3.9488676218845833,279.53178358759743,274.83190445372543,361.19185742604975,0.0,2237.32151,868.02509,345.32063
2023-03-01 20:00:00,3.9488676218845833,279.53178358759743,274.83190445372543,361.19185742604975,0.0,2231.39255,861.16102,344.21469
2023-03-01 21:00:00,3.9488676218845833,279.53178358759743,274.83190445372543,361.19185742604975,0.0,2215.90678,857.04913,339.14093
2023-03-01 22:00:00,3.17270926127485,278.02102289642323,274.0086428500263,0.0563109677729503,0.0002445242316825,2205.12298,862.69481,328.93745
2023-03-01 23:00:00,3.17270926127485,278.02102289642323,274.0086428500263,0.0563109677729503,0.0002445242316825,2191.44502,874.43311,331.97336
2023-03-02 00:00:00,3.67727065161414,280.51979938995095,273.6224780942791,0.0560951402269182,0.0005382577038273,2110.58869,956.92032,320.64795
2023-03-02 01:00:00,3.932331001519548,285.8197398413562,273.69629168895807,0.0280597118528203,0.0065043879052094,2056.98493,959.73401,312.30079
2023-03-02 02:00:00,3.932331001519548,285.8197398413562,273.69629168895807,0.0280597118528203,0.0065043879052094,1977.84716,956.36213,299.77084
2023-03-02 03:00:00,3.932331001519548,285.8197398413562,273.69629168895807,0.0280597118528203,0.0065043879052094,1931.16328,958.99219,292.66827
2023-03-02 04:00:00,4.472018539990437,288.35260812648653,274.52571357935705,0.0,0.0107821049348199,1879.74345,940.36459,301.48067
2023-03-02 05:00:00,4.472018539990437,288.35260812648653,274.52571357935705,0.0,0.0107821049348199,1864.88053,928.55156,302.80872
2023-03-02 06:00:00,3.577811357456381,286.08765031437207,277.722770009906,0.0,0.009836848298217,1889.99667,928.4516,295.72327
2023-03-02 07:00:00,3.9128289504884592,284.306589271241,277.71370391987494,0.0,0.0116258047105935,1842.58918,920.47909,298.00736
2023-03-02 08:00:00,3.9128289504884592,284.306589271241,277.71370391987494,0.0,0.0116258047105935,1834.41381,920.21643,295.47645
2023-03-02 09:00:00,3.9128289504884592,284.306589271241,277.71370391987494,0.0,0.0116258047105935,1830.10582,928.47259,282.7042
2023-03-02 10:00:00,3.787780401781893,283.5301626895694,277.8420631426021,75.08897941161858,5.004517263155161e-05,1839.87754,917.79792,290.36657
2023-03-02 11:00:00,3.787780401781893,283.5301626895694,277.8420631426021,75.08897941161858,5.004517263155161e-05,1922.31295,909.04514,297.93978
2023-03-02 12:00:00,3.813949684808398,282.2562518648634,275.3325933032255,75.5926828231344,0.0001005813574442,2006.8609,898.43186,305.75779
2023-03-02 13:00:00,3.42432019021526,280.7897216198646,274.5377863301292,266.53766697003226,0.0015255023162693,2072.24513,907.09027,305.75135
2023-03-02 14:00:00,3.42432019021526,280.7897216198646,274.5377863301292,266.53766697003226,0.0015255023162693,2145.98337,918.2438,310.09284
2023-03-02 15:00:00,3.42432019021526,280.7897216198646,274.5377863301292,266.53766697003226,0.0015255023162693,2182.54776,940.14433,322.17972
2023-03-02 16:00:00,4.540562117940585,283.50204214129224,275.1214789387193,541.6532980459035,0.0051947507548167,2199.55172,934.96505,329.44505
2023-03-02 17:00:00,4.540562117940585,283.50204214129224,275.1214789387193,541.6532980459035,0.0051947507548167,2230.65713,913.4302,345.39008
2023-03-02 18:00:00,4.440230233173303,286.56648971334425,272.9389308426136,541.1747004762346,0.0059583087456276,2288.35326,914.33913,342.20881
2023-03-02 19:00:00,4.082836234373582,287.2995200026673,273.3446977101122,362.0368872471204,0.0228913872471469,2312.62904,906.43195,342.94972
2023-03-02 20:00:00,4.082836234373582,287.2995200026673,273.3446977101122,362.0368872471204,0.0228913872471469,2307.36252,899.44557,341.83689
2023-03-02 21:00:00,4.082836234373582,287.2995200026673,273.3446977101122,362.0368872471204,0.0228913872471469,2291.87819,894.02327,336.78395
2023-03-02 22:00:00,3.2689674366924484,283.765314977765,275.50962819521067,0.0790449424651716,0.0240153669457745,2281.71796,899.41523,326.64931
2023-03-02 23:00:00,3.2689674366924484,283.765314977765,275.50962819521067,0.0790449424651716,0.0240153669457745,2264.47965,910.47004,329.72723
2023-03-03 00:00:00,4.0663169737037945,282.5549033261781,277.3260315816983,0.0783516595442979,0.0301830861053086,2195.79187,982.36354,339.15192
2023-03-03 01:00:00,4.978324149130192,281.6945739402854,277.8033445410906,0.0391541409222061,0.0345623043457183,2137.50471,984.31958,329.56444
2023-03-03 02:00:00,4.978324149130192,281.6945739402854,277.8033445410906,0.0391541409222061,0.0345623043457183,2054.27285,980.51816,315.88833
2023-03-03 03:00:00,4.978324149130192,281.6945739402854,277.8033445410906,0.0391541409222061,0.0345623043457183,2005.49918,983.16046,308.07568
2023-03-03 04:00:00,5.247020604011917,281.2011800957763,277.43835769475226,0.0,0.0012394050264626,1952.77075,963.80109,316.93531
2023-03-03 05:00:00,5.247020604011917,281.2011800957763,277.43835769475226,0.0,0.0012394050264626,1940.3821,951.62655,318.03116
2023-03-03 06:00:00,4.987437868124681,279.50984955563024,276.84162929017225,0.0,0.0014915633659345,1969.71843,951.13346,310.27803
2023-03-03 07:00:00,5.445021046092816,280.75293817966934,277.1207041353489,0.0,0.0014915633659345,1924.3194,942.64915,312.04379
2023-03-03 08:00:00,5.445021046092816,280.75293817966934,277.1207041353489,0.0,0.0014915633659345,1917.16057,942.04745,308.96267
2023-03-03 09:00:00,5.445021046092816,280.75293817966934,277.1207041353489,0.0,0.0014915633659345,1911.77054,949.62935,295.13521
2023-03-03 10:00:00,5.776741117031433,283.41569409436727,276.5830284175081,83.28950361828046,5.164187610260869e-05,1922.09041,938.04141,302.72067
2023-03-03 11:00:00,5.776741117031433,283.41569409436727,276.5830284175081,83.28950361828046,5.164187610260869e-05,2005.43267,928.35611,310.0673
2023-03-03 12:00:00,5.49196683464727,283.77709477179934,277.1946991937112,85.50861852866902,0.0,2090.25786,916.73459,317.68485
2023-03-03 13:00:00,5.0038361510447125,281.0489838625013,276.7098396281628,271.8215689861905,0.0,2153.26643,925.47897,317.37846
2023-03-03 14:00:00,5.0038361510447125,281.0489838625013,276.7098396281628,271.8215689861905,0.0,2225.47856,937.23008,321.60112
2023-03-03 15:00:00,5.0038361510447125,281.0489838625013,276.7098396281628,271.8215689861905,0.0,2259.68426,960.07858,333.78194
2023-03-03 16:00:00,5.572450927325304,278.23013751866705,275.0383561089949,485.4890044357052,0.0007226756370395,2275.81591,954.92858,341.14608
2023-03-03 17:00:00,5.572450927325304,278.23013751866705,275.0383561089949,485.4890044357052,0.0007226756370395,2306.23902,932.47822,357.13506
2023-03-03 18:00:00,6.998176442993884,277.1162385815988,272.85936987665616,489.9270127304728,0.0017552025306948,2367.36119,933.56273,353.49983
2023-03-03 19:00:00,7.64869199267598,275.4336459922214,271.47442114194064,324.06767519712446,0.0038492811186758,2395.12001,925.91744,354.30893
2023-03-03 20:00:00,7.64869199267598,275.4336459922214,271.47442114194064,324.06767519712446,0.0038492811186758,2390.41128,918.87567,353.22909
2023-03-03 21:00:00,7.64869199267598,275.4336459922214,271.47442114194064,324.06767519712446,0.0038492811186758,2374.81539,912.79587,348.0764
2023-03-03 22:00:00,7.899158226224596,273.7081611122624,269.68423586230955,0.0932448519140067,0.0004096956698728,2365.34581,918.06323,337.61203
2023-03-03 23:00:00,7.899158226224596,273.7081611122624,269.68423586230955,0.0932448519140067,0.0004096956698728,2344.61136,928.77118,340.48857
2023-03-04 00:00:00,7.956342019725675,272.0503570640537,267.82875503784754,0.0929372420489472,0.0004621228903722,1918.95125,969.73271,315.87146
2023-03-04 01:00:00,6.50482146888946,275.467299071947,268.7468771853331,0.0463797630230119,0.0339366207235116,1877.18583,972.06649,307.84448
2023-03-04 02:00:00,6.50482146888946,275.467299071947,268.7468771853331,0.0463797630230119,0.0339366207235116,1809.59693,968.40754,295.61037
2023-03-04 03:00:00,6.50482146888946,275.467299071947,268.7468771853331,0.0463797630230119,0.0339366207235116,1770.36279,970.9888,288.69112
2023-03-04 04:00:00,5.0167422748680846,277.43060049891835,269.19979397094494,0.0,0.3094637285156359,1725.56834,951.93514,297.49132
2023-03-04 05:00:00,5.0167422748680846,277.43060049891835,269.19979397094494,0.0,0.3094637285156359,1710.08401,939.86962,298.87931
2023-03-04 06:00:00,3.931411920308651,275.1106096626603,268.8805432767808,0.0,0.2570267381364952,1729.5228,939.5207,291.96621
2023-03-04 07:00:00,2.5343610424151155,272.8510481158747,267.9173510015336,0.0,1.0141394573002631,1682.43933,931.24113,294.38409
2023-03-04 08:00:00,2.5343610424151155,272.8510481158747,267.9173510015336,0.0,1.0141394573002631,1674.36386,930.79102,291.99523
2023-03-04 09:00:00,2.5343610424151155,272.8510481158747,267.9173510015336,0.0,1.0141394573002631,1672.33884,938.70867,279.49535
2023-03-04 10:00:00,1.990732823397861,271.9972464486218,267.57615731877706,22.28068509660941,1.5987905963336044,1680.0471,927.60276,287.17754
2023-03-04 11:00:00,1.990732823397861,271.9972464486218,267.57615731877706,22.28068509660941,1.5987905963336044,1755.95776,918.41321,294.80927
2023-03-04 12:00:00,1.7420814310119073,270.5002452021872,266.6083838043372,21.6259390337352,1.8084984945382816,1834.89415,907.33247,302.67903
2023-03-04 13:00:00,1.8302149118604685,270.62156113469564,266.84454006397266,95.7514179222554,5.194458048252777,1899.62056,916.08008,302.75
2023-03-04 14:00:00,1.8302149118604685,270.62156113469564,266.84454006397266,95.7514179222554,5.194458048252777,1971.62944,927.57336,307.1222
2023-03-04 15:00:00,1.8302149118604685,270.62156113469564,266.84454006397266,95.7514179222554,5.194458048252777,2009.92708,949.99233,319.18484
2023-03-04 16:00:00,2.566293965128758,274.7422326203699,268.28591997537114,305.1442719003523,3.5239972801706325,2026.90757,944.89096,326.42464
2023-03-04 17:00:00,2.566293965128758,274.7422326203699,268.28591997537114,305.1442719003523,3.5239972801706325,2057.15665,922.95862,342.35832
2023-03-04 18:00:00,4.958447732954816,279.3654145047379,270.80341182450854,291.1343680147261,3.270742856152012,2105.68591,924.00903,339.29426
2023-03-04 19:00:00,5.132272488458776,280.8117777780576,270.870086006052,215.67169069906785,4.457398392092623,2122.44286,916.26554,340.01753
2023-03-04 20:00:00,5.132272488458776,280.8117777780576,270.870086006052,215.67169069906785,4.457398392092623,2116.62877,909.27105,338.89619
2023-03-04 21:00:00,5.132272488458776,280.8117777780576,270.870086006052,215.67169069906785,4.457398392092623,2101.89972,903.53928,333.869
2023-03-04 22:00:00,3.000411689736893,277.89067110122244,271.4851069699749,0.1273061965541264,0.2048071704988657,2090.11248,908.88097,323.81947
2023-03-04 23:00:00,3.000411689736893,277.89067110122244,271.4851069699749,0.1273061965541264,0.2048071704988657,2079.15882,919.76014,326.94936
2023-03-05 00:00:00,2.6345712284468954,275.94001241437303,271.28020891747707,0.1287546118233011,0.3831931982046545,1905.85641,884.80231,290.11941
2023-03-05 01:00:00,2.4097623226266665,274.6141456286465,270.7506229716407,0.0642635348947085,0.5274012866962465,1861.04698,889.81978,283.81858
2023-03-05 02:00:00,2.4097623226266665,274.6141456286465,270.7506229716407,0.0642635348947085,0.5274012866962465,1787.33149,887.33077,273.17954
2023-03-05 03:00:00,2.4097623226266665,274.6141456286465,270.7506229716407,0.0642635348947085,0.5274012866962465,1740.48394,889.66625,267.24855
2023-03-05 04:00:00,2.4100671491802084,273.67007746030856,270.32010999005286,0.0,0.0912951769123101,1685.2654,872.84016,275.98306
2023-03-05 05:00:00,2.4100671491802084,273.67007746030856,270.32010999005286,0.0,0.0912951769123101,1655.13306,861.71897,277.69415
2023-03-05 06:00:00,2.453114949074412,272.9600594035176,270.94145649646777,0.0,0.0638268829913851,1662.91474,862.4919,271.71028
2023-03-05 07:00:00,3.758660424204217,277.17919505893974,272.2373463397223,0.0,0.0732790275584634,1601.54931,855.73678,274.84955
2023-03-05 08:00:00,3.758660424204217,277.17919505893974,272.2373463397223,0.0,0.0732790275584634,1586.43147,856.35553,273.22643
2023-03-05 09:00:00,3.758660424204217,277.17919505893974,272.2373463397223,0.0,0.0732790275584634,1585.00799,866.52793,262.19503
2023-03-05 10:00:00,5.1328899818545,281.9479988900538,273.0657536324804,96.67204590431778,0.0136706182921739,1595.02845,858.57758,269.98426
2023-03-05 11:00:00,5.1328899818545,281.9479988900538,273.0657536324804,96.67204590431778,0.0136706182921739,1683.74549,852.6232,277.93136
2023-03-05 12:00:00,5.247088953349238,284.90135826341685,274.62003864400094,97.65465308291157,0.0226576498484112,1777.03206,845.05835,286.08012
2023-03-05 13:00:00,4.468955888021572,282.1645086516197,276.0095315821706,321.9656188199783,0.0574375093161231,1859.44401,853.69036,286.56853
2023-03-05 14:00:00,4.468955888021572,282.1645086516197,276.0095315821706,321.9656188199783,0.0574375093161231,1946.58369,863.33344,291.10609
2023-03-05 15:00:00,4.468955888021572,282.1645086516197,276.0095315821706,321.9656188199783,0.0574375093161231,1995.5517,882.74126,303.03799
2023-03-05 16:00:00,5.008040100459942,280.4730568429785,276.10919925307576,639.2972371343942,0.0096058987467774,2018.39638,877.77795,310.14026
2023-03-05 17:00:00,5.008040100459942,280.4730568429785,276.10919925307576,639.2972371343942,0.0096058987467774,2055.65027,859.13865,326.0128
2023-03-05 18:00:00,4.0244686296362255,277.2665723373124,273.271794823671,627.1620958914239,0.0076505488687781,2107.87014,859.80062,323.58051
2023-03-05 19:00:00,4.30039414162739,276.6814480692129,273.22959754974136,427.4792974736816,0.0091715440380564,2123.18159,851.30191,324.20887
2023-03-05 20:00:00,4.30039414162739,276.6814480692129,273.22959754974136,427.4792974736816,0.0091715440380564,2115.24099,844.56625,323.0416
2023-03-05 21:00:00,4.30039414162739,276.6814480692129,273.22959754974136,427.4792974736816,0.0091715440380564,2099.07379,841.10964,318.15321
2023-03-05 22:00:00,4.5781403449664335,276.37402767679725,273.3294826341297,0.1766573978366119,0.0002479045147309,2087.3922,846.91343,308.5626
2023-03-05 23:00:00,4.5781403449664335,276.37402767679725,273.3294826341297,0.1766573978366119,0.0002479045147309,2081.53277,858.94732,311.97277
2023-03-06 00:00:00,6.059454691142351,281.2509692976031,276.8164617582553,0.176835337096741,0.0026333492886854,2013.88312,843.21432,305.56901
2023-03-06 01:00:00,7.003213325517014,285.8679899786152,278.35710801305913,0.0882830666810829,0.0050525970940411,1960.6719,849.54649,298.23258
2023-03-06 02:00:00,7.003213325517014,285.8679899786152,278.35710801305913,0.0882830666810829,0.0050525970940411,1877.34259,847.63132,286.63661
2023-03-06 03:00:00,7.003213325517014,285.8679899786152,278.35710801305913,0.0882830666810829,0.0050525970940411,1822.65132,849.84708,280.11272
2023-03-06 04:00:00,4.87728877736524,286.2693881191324,278.5506623551363,0.0,0.0781148986514233,1758.81738,834.1125,288.88664
2023-03-06 05:00:00,4.87728877736524,286.2693881191324,278.5506623551363,0.0,0.0781148986514233,1722.48158,823.45459,290.4039
2023-03-06 06:00:00,5.294742025388542,286.16393113969355,277.8989670414608,0.1764334603436792,0.0022366325119038,1728.40694,824.77747,283.86253
2023-03-06 07:00:00,5.249068558775839,288.1026706992799,278.9850983542019,0.0881294143545494,0.0046873236698981,1660.44061,818.76946,286.56903
2023-03-06 08:00:00,5.249068558775839,288.1026706992799,278.9850983542019,0.0881294143545494,0.0046873236698981,1642.10343,819.91189,284.48652
2023-03-06 09:00:00,5.249068558775839,288.1026706992799,278.9850983542019,0.0881294143545494,0.0046873236698981,1639.59274,831.18837,272.57413
2023-03-06 10:00:00,4.472377663320946,285.3407384133494,279.6867106672639,0.0,0.0566335715734494,1651.87702,824.78276,280.29911
2023-03-06 11:00:00,4.472377663320946,285.3407384133494,279.6867106672639,0.0,0.0566335715734494,1750.21896,820.41216,288.05703
2023-03-06 12:00:00,4.472377663320946,285.3407384133494,279.6867106672639,0.0,0.0566335715734494,1853.27984,814.56838,296.03838
2023-03-06 13:00:00,3.471841448979448,281.37567283604386,276.7532360663945,0.0,0.2900033882716569,1944.0183,823.1433,296.27637
2023-03-06 14:00:00,3.471841448979448,281.37567283604386,276.7532360663945,0.0,0.2900033882716569,2038.97522,831.8798,300.71473
2023-03-06 15:00:00,3.471841448979448,281.37567283604386,276.7532360663945,0.0,0.2900033882716569,2091.70091,849.81274,312.72506
2023-03-06 16:00:00,2.918523213215874,279.6260639186055,275.7519827735473,69.55782138310647,0.1584996876878977,2117.19088,844.91623,319.90985
2023-03-06 17:00:00,2.918523213215874,279.6260639186055,275.7519827735473,69.55782138310647,0.1584996876878977,2158.09694,827.88858,335.81908
2023-03-06 18:00:00,2.71424964646693,278.292963725461,274.611633468264,70.25420441973951,0.1860198540936888,2217.42137,828.35974,333.00775
2023-03-06 19:00:00,3.714305790942956,281.8521237136614,275.2426025176727,215.9913526020416,0.2840663832148956,2236.55313,819.49088,333.69305
2023-03-06 20:00:00,3.714305790942956,281.8521237136614,275.2426025176727,215.9913526020416,0.2840663832148956,2227.98378,812.88165,332.55335
2023-03-06 21:00:00,3.714305790942956,281.8521237136614,275.2426025176727,215.9913526020416,0.2840663832148956,2210.7223,810.53888,327.58169
2023-03-06 22:00:00,5.0314979790954935,287.74057524756745,275.993642198978,369.6029836150111,0.1013845100929021,2200.05496,816.56888,317.71574
2023-03-06 23:00:00,5.0314979790954935,287.74057524756745,275.993642198978,369.6029836150111,0.1013845100929021,2192.74628,829.16806,320.95775
2023-03-07 00:00:00,5.871621068314862,290.3225405926952,276.7412718780945,386.1902008488857,0.1153757715280871,1955.89796,884.43487,314.47361
2023-03-07 01:00:00,3.628480905513973,286.5234629447589,277.99306610386,251.212885136798,0.2564054405666451,1908.93439,889.43581,306.54031
2023-03-07 02:00:00,3.628480905513973,286.5234629447589,277.99306610386,251.212885136798,0.2564054405666451,1833.88481,886.91035,294.3928
2023-03-07 03:00:00,3.628480905513973,286.5234629447589,277.99306610386,251.212885136798,0.2564054405666451,1787.0672,889.21249,287.52719
2023-03-07 04:00:00,3.529291041185777,284.0750402144139,277.5309397990579,0.1091504819638967,0.2361979036676595,1732.76358,872.36218,296.32384
2023-03-07 05:00:00,3.529291041185777,284.0750402144139,277.5309397990579,0.1091504819638967,0.2361979036676595,1706.34532,861.20377,297.72934
2023-03-07 06:00:00,3.128860429232501,283.2932288683408,277.50531820322306,0.1156540513212245,0.272276144225037,1718.34977,861.95164,290.86668
2023-03-07 07:00:00,3.3196050591643287,282.45055459770776,277.0115888322506,0.0576746299766434,0.4611247235374152,1660.37828,855.17412,293.32373
2023-03-07 08:00:00,3.3196050591643287,282.45055459770776,277.0115888322506,0.0576746299766434,0.4611247235374152,1646.94863,855.78764,290.97645
2023-03-07 09:00:00,3.3196050591643287,282.45055459770776,277.0115888322506,0.0576746299766434,0.4611247235374152,1644.82054,865.97044,278.55627
2023-03-07 10:00:00,3.625009840332359,281.5311883974223,276.4499431116044,0.0,0.083490151244405,1654.78328,858.05062,286.24427
2023-03-07 11:00:00,3.625009840332359,281.5311883974223,276.4499431116044,0.0,0.083490151244405,1741.98155,852.12946,293.89311
2023-03-07 12:00:00,4.577437306074319,284.485833362215,276.90139117001604,0.0,0.1048870773424191,1833.1504,844.60341,301.77801
2023-03-07 13:00:00,5.030521384144356,288.6472659751013,276.6229903376027,0.0,0.1929041135870639,1911.42248,853.26195,301.87167
2023-03-07 14:00:00,5.030521384144356,288.6472659751013,276.6229903376027,0.0,0.1929041135870639,1995.30555,862.91972,306.25283
2023-03-07 15:00:00,5.030521384144356,288.6472659751013,276.6229903376027,0.0,0.1929041135870639,2041.25488,882.33865,318.30837
2023-03-07 16:00:00,4.398364356855506,289.35611171686514,276.283572250712,72.99776380559177,0.0692156626384781,2062.6794,877.41304,325.54071
2023-03-07 17:00:00,4.398364356855506,289.35611171686514,276.283572250712,72.99776380559177,0.0692156626384781,2098.43913,858.82525,341.47107
2023-03-07 18:00:00,3.3884711027573884,285.09983371124576,276.9584114568255,71.49375622906818,0.1008123930712803,2152.00288,859.51662,338.44129
2023-03-07 19:00:00,3.6476325356355854,282.2043838510683,276.0552821744556,242.8938630368256,0.1904000845378007,2169.50431,851.03343,339.15941
2023-03-07 20:00:00,3.6476325356355854,282.2043838510683,276.0552821744556,242.8938630368256,0.1904000845378007,2162.21493,844.31047,338.03559
2023-03-07 21:00:00,3.6476325356355854,282.2043838510683,276.0552821744556,242.8938630368256,0.1904000845378007,2146.21268,840.87643,333.01593
2023-03-07 22:00:00,3.647010808104503,280.11376922472306,275.31789880845344,486.9978646706568,0.0326380865721277,2134.90305,846.68952,322.99132
2023-03-07 23:00:00,3.647010808104503,280.11376922472306,275.31789880845344,486.9978646706568,0.0326380865721277,2126.26835,858.72776,326.13642
2023-03-08 00:00:00,3.9054203240635568,278.78120338822833,274.5314707317412,493.07085599907646,0.0857801161440374,1949.97864,910.83818,317.78016
2023-03-08 01:00:00,3.7626143909917182,277.92193465351363,274.25601099050016,331.1115303429981,0.1329603464598829,1904.61402,914.95007,309.62522
2023-03-08 02:00:00,3.7626143909917182,277.92193465351363,274.25601099050016,331.1115303429981,0.1329603464598829,1832.13516,911.98031,297.27289
2023-03-08 03:00:00,3.7626143909917182,277.92193465351363,274.25601099050016,331.1115303429981,0.1329603464598829,1788.14794,914.29633,290.28038
2023-03-08 04:00:00,4.391654017309394,279.8837666262822,274.8302614865232,0.1634483734348836,0.0122698570199363,1737.53076,896.68791,299.08547
2023-03-08 05:00:00,4.391654017309394,279.8837666262822,274.8302614865232,0.1634483734348836,0.0122698570199363,1715.76912,885.15576,300.44948
2023-03-08 06:00:00,4.4682238431488885,284.1771939760979,276.1946371718835,0.1620487910871026,0.0205013836963752,1731.20581,885.49668,293.46751
2023-03-08 07:00:00,4.579982311618819,285.57601892294304,277.4986115255253,0.0810721252341756,0.0400790349718875,1677.82344,878.18914,295.83196
2023-03-08 08:00:00,4.579982311618819,285.57601892294304,277.4986115255253,0.0810721252341756,0.0400790349718875,1666.65343,878.45115,293.38632
2023-03-08 09:00:00,4.579982311618819,285.57601892294304,277.4986115255253,0.0810721252341756,0.0400790349718875,1664.45337,887.93418,280.77759
2023-03-08 10:00:00,4.570492836619588,283.3181405788125,278.2236507575649,0.0,0.020370025891672,1673.56698,879.06596,288.45187
2023-03-08 11:00:00,4.570492836619588,283.3181405788125,278.2236507575649,0.0,0.020370025891672,1756.32122,872.17649,296.06023
2023-03-08 12:00:00,4.9664396853094,281.5231986011028,278.06264653093126,0.0,0.0502797904423324,1842.60012,863.60333,303.9093
2023-03-08 13:00:00,5.625587233261727,280.7168201421756,278.38956827457866,0.0,0.1055235580531347,1915.17586,872.35007,303.94936
2023-03-08 14:00:00,5.625587233261727,280.7168201421756,278.38956827457866,0.0,0.1055235580531347,1994.12391,882.62719,308.30926
2023-03-08 15:00:00,5.625587233261727,280.7168201421756,278.38956827457866,0.0,0.1055235580531347,2036.74882,903.02907,320.3816
2023-03-08 16:00:00,6.539317698170959,280.3183781661103,278.225940552012,62.55113757636161,0.0272207958031792,2056.29485,898.13245,327.63158
2023-03-08 17:00:00,6.539317698170959,280.3183781661103,278.225940552012,62.55113757636161,0.0272207958031792,2089.76687,878.59327,343.56983
2023-03-08 18:00:00,7.285126073518125,279.44825412710173,277.1348572698616,63.33163566976177,0.0255557413591763,2141.66559,879.4658,340.45892
2023-03-08 19:00:00,8.146841518682795,279.3402995421133,275.8458263755522,191.95076188813323,0.0395587834999604,2159.23296,871.25368,341.18924
2023-03-08 20:00:00,8.146841518682795,279.3402995421133,275.8458263755522,191.95076188813323,0.0395587834999604,2152.59535,864.47275,340.07129
2023-03-08 21:00:00,8.146841518682795,279.3402995421133,275.8458263755522,191.95076188813323,0.0395587834999604,2137.09332,860.3561,335.03382
2023-03-08 22:00:00,8.002185560445902,281.2096735762706,275.6977804371081,328.46210808487314,0.0054979996655533,2125.66421,866.03971,324.95028
2023-03-08 23:00:00,8.002185560445902,281.2096735762706,275.6977804371081,328.46210808487314,0.0054979996655533,2115.73012,877.71792,328.0594
2023-03-09 00:00:00,6.21846814197623,282.1483740627575,274.87169992238444,323.6188740811375,0.0057069197815014,2033.0644,931.88287,320.13922
2023-03-09 01:00:00,3.813710402071929,280.79194589956035,274.8025671111077,212.0936491250477,0.0424005224271864,1983.35896,935.27734,311.82617
2023-03-09 02:00:00,3.813710402071929,280.79194589956035,274.8025671111077,212.0936491250477,0.0424005224271864,1907.29399,931.94044,299.32769
2023-03-09 03:00:00,3.813710402071929,280.79194589956035,274.8025671111077,212.0936491250477,0.0424005224271864,1861.74584,934.25739,292.24468
2023-03-09 04:00:00,3.085708256645399,278.83782328776795,274.1586832728111,0.0997173274015916,0.9948347568250326,1810.49141,916.03422,301.05579
2023-03-09 05:00:00,3.085708256645399,278.83782328776795,274.1586832728111,0.0997173274015916,0.9948347568250326,1792.00021,904.19108,302.3902
2023-03-09 06:00:00,2.5142456456506173,277.81931383381425,273.776949535041,0.0961569164576381,0.9497704961233632,1812.21415,904.19843,295.3231
2023-03-09 07:00:00,2.422730767456618,276.9582505424681,273.6325571603416,0.0478728050911399,4.283564708365288,1761.6305,896.45923,297.62146
2023-03-09 08:00:00,2.422730767456618,276.9582505424681,273.6325571603416,0.0478728050911399,4.283564708365288,1751.86569,896.43813,295.10569
2023-03-09 09:00:00,2.422730767456618,276.9582505424681,273.6325571603416,0.0478728050911399,4.283564708365288,1748.58431,905.36355,282.36243
2023-03-09 10:00:00,2.257175706721921,276.5070550697112,273.5217742317162,0.0,3.539770172884876,1758.08844,895.74476,290.02691
2023-03-09 11:00:00,2.257175706721921,276.5070550697112,273.5217742317162,0.0,3.539770172884876,1840.94849,888.08941,297.60637
2023-03-09 12:00:00,2.679737267631366,280.1766096448798,274.7568100613981,0.0,4.005925962517414,1926.63274,878.68917,305.42988
2023-03-09 13:00:00,3.0946798092489303,285.21213968129774,275.2009225101144,0.0,6.873567216235744,1995.85053,887.51458,305.43169
2023-03-09 14:00:00,3.0946798092489303,285.21213968129774,275.2009225101144,0.0,6.873567216235744,2072.4147,898.2925,309.77647
2023-03-09 15:00:00,3.0946798092489303,285.21213968129774,275.2009225101144,0.0,6.873567216235744,2112.11997,919.48531,321.86077
2023-03-09 16:00:00,3.215962360744329,287.38645406097976,275.20674045487743,81.36358982940601,1.0068052402984702,2130.47069,914.62349,329.12334
2023-03-09 17:00:00,3.215962360744329,287.38645406097976,275.20674045487743,81.36358982940601,1.0068052402984702,2162.86268,894.33773,345.06716
2023-03-09 18:00:00,2.618357857693554,283.6642045132507,276.0989984650069,81.28312317810861,1.0641448697120028,2217.8486,895.36438,341.8984
2023-03-09 19:00:00,2.845770605665693,280.99114610537174,275.61872132910287,274.0656860603351,1.176072755559742,2238.86748,887.37423,342.63742
2023-03-09 20:00:00,2.845770605665693,280.99114610537174,275.61872132910287,274.0656860603351,1.176072755559742,2232.89635,880.55072,341.5237
2023-03-09 21:00:00,2.845770605665693,280.99114610537174,275.61872132910287,274.0656860603351,1.176072755559742,2217.37301,875.89388,336.47349
2023-03-09 22:00:00,3.012766250836944,279.749155577245,275.6485901387279,571.5169430197116,0.0156521330683804,2206.60475,881.47653,326.34789
2023-03-09 23:00:00,3.012766250836944,279.749155577245,275.6485901387279,571.5169430197116,0.0156521330683804,2192.98739,892.86767,329.43135
2023-03-10 00:00:00,3.4985032013866286,279.0820613589293,275.86025836417525,574.1019794489816,0.0141560466634057,2053.51066,946.13957,319.21838
2023-03-10 01:00:00,4.265702981324536,278.69918811424714,276.06298084548024,404.6279941477533,0.0150276837271372,2002.79229,949.03641,310.96705
2023-03-10 02:00:00,4.265702981324536,278.69918811424714,276.06298084548024,404.6279941477533,0.0150276837271372,1925.9444,945.43374,298.52564
2023-03-10 03:00:00,4.265702981324536,278.69918811424714,276.06298084548024,404.6279941477533,0.0150276837271372,1880.12894,947.73811,291.47795
2023-03-10 04:00:00,5.82077320617651,282.3631645422787,277.42346086089674,0.331727194863776,0.0003315893594611,1828.87408,929.08452,300.28669
2023-03-10 05:00:00,5.82077320617651,282.3631645422787,277.42346086089674,0.331727194863776,0.0003315893594611,1811.39769,917.01389,301.63268
2023-03-10 06:00:00,6.80290362683909,288.0983914920578,279.2838912018488,0.3331191131693805,0.0001427764031863,1832.94931,916.78286,294.59882
2023-03-10 07:00:00,7.017478503216108,290.8759951619601,280.3250178582637,0.1665839479246313,0.0005259268474284,1783.26014,908.73943,296.92295
2023-03-10 08:00:00,7.017478503216108,290.8759951619601,280.3250178582637,0.1665839479246313,0.0005259268474284,1773.94257,908.5224,294.43456
2023-03-10 09:00:00,7.017478503216108,290.8759951619601,280.3250178582637,0.1665839479246313,0.0005259268474284,1770.38856,917.07039,281.7438
2023-03-10 10:00:00,6.004051038650802,288.0300828443208,280.9793397942956,0.0,0.0,1779.95357,906.94997,289.41211
2023-03-10 11:00:00,6.004051038650802,288.0300828443208,280.9793397942956,0.0,0.0,1862.64909,898.78372,297.00285
2023-03-10 12:00:00,6.18725212934215,286.06272382978,280.91080312496445,0.0,0.0,1947.97521,888.83282,304.83635
2023-03-10 13:00:00,6.175607546951418,285.3749706470219,280.8698278143744,0.0,0.0,2016.11139,897.72267,304.85306
2023-03-10 14:00:00,6.175607546951418,285.3749706470219,280.8698278143744,0.0,0.0,2091.86976,908.84916,309.20376
2023-03-10 15:00:00,6.175607546951418,285.3749706470219,280.8698278143744,0.0,0.0,2130.70474,930.5878,321.28338
2023-03-10 16:00:00,5.68092649566799,284.63748040993056,280.5801207589297,123.17518519647422,0.0002801552005373,2148.67702,925.76473,328.54106
2023-03-10 17:00:00,5.68092649566799,284.63748040993056,280.5801207589297,123.17518519647422,0.0002801552005373,2180.70181,904.98841,344.4827
2023-03-10 18:00:00,4.976497437420924,283.9733673498528,280.40565991911734,124.0435044091272,0.0009330607797223,2236.38529,906.13218,341.33652
2023-03-10 19:00:00,5.45915089359746,286.1838129349968,281.3773944990125,354.0407457384713,0.001073138379991,2258.26683,898.30014,342.07212
2023-03-10 20:00:00,5.45915089359746,286.1838129349968,281.3773944990125,354.0407457384713,0.001073138379991,2252.48974,891.45259,340.95677
2023-03-10 21:00:00,5.45915089359746,286.1838129349968,281.3773944990125,354.0407457384713,0.001073138379991,2236.98266,886.43501,335.91153
2023-03-10 22:00:00,6.001806762974604,290.4491140456782,281.73063625774546,660.8132760102877,0.0003263616485845,2226.3739,891.95233,325.80236
2023-03-10 23:00:00,6.001806762974604,290.4491140456782,281.73063625774546,660.8132760102877,0.0003263616485845,2211.78304,903.14867,328.89584
2023-03-11 00:00:00,5.756852569122009,291.52576586556324,280.78776302516474,654.3768546746046,0.0016769209988746,1875.55983,949.20658,333.44964
2023-03-11 01:00:00,4.490880009468478,287.13797389086005,280.7848511187263,453.1942503599498,0.0027545722262772,1835.4803,951.96865,324.24438
2023-03-11 02:00:00,4.490880009468478,287.13797389086005,280.7848511187263,453.1942503599498,0.0027545722262772,1768.72139,948.26802,310.92147
2023-03-11 03:00:00,4.490880009468478,287.13797389086005,280.7848511187263,453.1942503599498,0.0027545722262772,1729.07743,950.53787,303.32766
2023-03-11 04:00:00,4.963917852080794,283.91122639234027,279.4470185294316,0.3868846361685221,0.0230627430677541,1682.97552,931.75845,312.17272
2023-03-11 05:00:00,4.963917852080794,283.91122639234027,279.4470185294316,0.3868846361685221,0.0230627430677541,1663.58063,919.5982,313.34012
2023-03-11 06:00:00,5.138225170303375,281.82205275044566,278.8195885011991,0.3873160617215319,0.0222478896581957,1678.82515,919.28645,305.79275
2023-03-11 07:00:00,5.081058621564797,280.521217370749,277.84689548458255,0.1935957758001863,0.0438148272387323,1628.12304,911.14906,307.71825
2023-03-11 08:00:00,5.081058621564797,280.521217370749,277.84689548458255,0.1935957758001863,0.0438148272387323,1618.25056,910.88017,304.80667
2023-03-11 09:00:00,5.081058621564797,280.521217370749,277.84689548458255,0.1935957758001863,0.0438148272387323,1616.85745,919.3476,291.30439
2023-03-11 10:00:00,5.321049518739374,279.6212786123384,277.05257786329,0.0,0.0045181172997235,1624.73183,909.13581,298.91356
2023-03-11 11:00:00,5.321049518739374,279.6212786123384,277.05257786329,0.0,0.0045181172997235,1702.58561,900.87864,306.33
2023-03-11 12:00:00,6.058707808802039,281.0619917920488,277.20751074776183,0.0,0.0010714969606853,1784.05443,890.83255,314.00935
2023-03-11 13:00:00,5.902505893188196,283.98610893789,277.8869691026899,0.0,0.0013293957128014,1853.20845,899.76274,313.79539
2023-03-11 14:00:00,5.902505893188196,283.98610893789,277.8869691026899,0.0,0.0013293957128014,1928.76169,910.98659,318.05466
2023-03-11 15:00:00,5.902505893188196,283.98610893789,277.8869691026899,0.0,0.0013293957128014,1970.1756,932.86636,330.20654
2023-03-11 16:00:00,5.73789687775732,284.78095396032165,278.3187007018183,103.8015648474682,5.1014772496969295e-05,1988.66478,928.0881,337.54021
2023-03-11 17:00:00,5.73789687775732,284.78095396032165,278.3187007018183,103.8015648474682,5.1014772496969295e-05,2020.54289,907.24297,353.51566
2023-03-11 18:00:00,5.678975153540645,282.54052625048894,277.32917624583104,103.8989876907936,0.0012337864025896,2068.11088,908.44261,350.02032
2023-03-11 19:00:00,5.959998610488697,281.34059790732,277.46288337587,297.14799637295005,0.006228892397863,2082.92501,900.66296,350.80842
2023-03-11 20:00:00,5.959998610488697,281.34059790732,277.46288337587,297.14799637295005,0.006228892397863,2076.44776,893.82164,349.71841
2023-03-11 21:00:00,5.959998610488697,281.34059790732,277.46288337587,297.14799637295005,0.006228892397863,2061.50509,888.73897,344.59646
2023-03-11 22:00:00,5.777153826235977,280.64079704101414,277.72508548269195,531.1601041713106,0.0592323441853759,2049.40563,894.24941,334.23369
2023-03-11 23:00:00,5.777153826235977,280.64079704101414,277.72508548269195,531.1601041713106,0.0592323441853759,2041.07898,905.40336,337.17229
2023-03-12 00:00:00,5.322998251957452,280.38369175576923,278.1826631705743,521.1962119466068,0.0656387422968746,1691.60936,855.70726,277.66503
2023-03-12 01:00:00,5.359677017171492,279.7367891199731,277.8033432058654,340.40215699768453,1.1922474281960314,1658.91105,861.42832,272.19903
2023-03-12 02:00:00,5.359677017171492,279.7367891199731,277.8033432058654,340.40215699768453,1.1922474281960314,1596.09005,859.02223,262.3314
2023-03-12 03:00:00,5.359677017171492,279.7367891199731,277.8033432058654,340.40215699768453,1.1922474281960314,1555.20212,861.02654,256.87839
2023-03-12 04:00:00,5.455104228114952,279.78066615805415,277.5480018179951,0.3744425659618146,2.393800643890039,1504.21816,844.70478,265.5811
2023-03-12 05:00:00,5.455104228114952,279.78066615805415,277.5480018179951,0.3744425659618146,2.393800643890039,1469.13137,833.59065,267.44845
2023-03-12 06:00:00,5.3260153291355765,279.896580658037,277.1128528703558,0.3649778295462519,1.7510146523257113,1467.2788,834.51875,261.91396
2023-03-12 07:00:00,4.817824486477674,280.6341111503577,277.4480103257765,0.1825822768021157,2.9404148623499142,1402.104,828.06415,265.40209
2023-03-12 08:00:00,4.817824486477674,280.6341111503577,277.4480103257765,0.1825822768021157,2.9404148623499142,1385.04174,828.97361,264.14937
2023-03-12 09:00:00,4.817824486477674,280.6341111503577,277.4480103257765,0.1825822768021157,2.9404148623499142,1386.3004,839.92317,253.82815
2023-03-12 10:00:00,4.463899721814263,279.90184817530184,277.2690941887221,0.0,0.3995874533245308,1394.72954,833.18263,261.66913
2023-03-12 11:00:00,4.463899721814263,279.90184817530184,277.2690941887221,0.0,0.3995874533245308,1480.01709,828.48399,269.76877
2023-03-12 12:00:00,4.339876396274171,280.00962628291614,277.2565483151813,0.0,0.3205595844831427,1571.32744,822.3047,278.05243
2023-03-12 13:00:00,4.249734908917123,279.7272032616294,277.22513397589194,0.0,0.5352033267978543,1658.1752,831.10341,278.74274
2023-03-12 14:00:00,4.249734908917123,279.7272032616294,277.22513397589194,0.0,0.5352033267978543,1747.82918,840.28679,283.36029
2023-03-12 15:00:00,4.249734908917123,279.7272032616294,277.22513397589194,0.0,0.5352033267978543,1801.81238,858.84783,295.22894
2023-03-12 16:00:00,4.287630523004268,279.5849667850184,277.41669831764983,81.04344952291487,0.1479580159988745,1826.34179,854.21568,302.26472
2023-03-12 17:00:00,4.287630523004268,279.5849667850184,277.41669831764983,81.04344952291487,0.1479580159988745,1864.6983,836.98987,318.10765
2023-03-12 18:00:00,5.026456721174781,278.81742339129875,276.89305842974704,80.97035772052391,0.129669686771112,1907.92879,837.75698,315.98094
2023-03-12 19:00:00,5.415482012095795,279.5987622534043,277.6069494765942,239.13723157346465,0.2060634761094824,1914.56265,829.14296,316.5634
2023-03-12 20:00:00,5.415482012095795,279.5987622534043,277.6069494765942,239.13723157346465,0.2060634761094824,1905.40082,822.5847,315.37389
2023-03-12 21:00:00,5.415482012095795,279.5987622534043,277.6069494765942,239.13723157346465,0.2060634761094824,1889.64343,820.00479,310.55263
2023-03-12 22:00:00,5.464569724913548,281.26261063042944,278.96589305224967,409.9777410009824,0.3330968913899066,1876.20614,826.02279,301.18401
2023-03-12 23:00:00,5.464569724913548,281.26261063042944,278.96589305224967,409.9777410009824,0.3330968913899066,1878.73325,838.44794,304.72968
2023-03-13 00:00:00,5.236799015078986,283.5706614940045,280.2537488841588,425.3842208203557,0.3962980807477503,2084.87906,828.59418,268.05095
2023-03-13 01:00:00,5.20034054150246,283.03424042306926,279.8986004057149,281.49195616830366,2.5113610573551326,2026.85143,835.1572,263.22937
2023-03-13 02:00:00,5.20034054150246,283.03424042306926,279.8986004057149,281.49195616830366,2.5113610573551326,1938.47022,833.10296,253.95727
2023-03-13 03:00:00,5.20034054150246,283.03424042306926,279.8986004057149,281.49195616830366,2.5113610573551326,1880.1108,835.01202,248.87318
2023-03-13 04:00:00,5.96582308062051,281.8056461883126,278.33013163729777,0.2431511284081711,3.6201094456890064,1812.60596,819.38375,257.55136
2023-03-13 05:00:00,5.96582308062051,281.8056461883126,278.33013163729777,0.2431511284081711,3.6201094456890064,1774.86727,808.54962,259.53934
2023-03-13 06:00:00,4.701113452483499,279.26417352789394,277.65772498952947,0.2267408272133162,3.939809340257097,1781.63586,809.82017,254.35176
2023-03-13 07:00:00,5.2168368642342,277.84146555812674,275.7992304518957,0.1133323067063073,8.649886139766208,1711.94997,803.83721,258.10922
2023-03-13 08:00:00,5.2168368642342,277.84146555812674,275.7992304518957,0.1133323067063073,8.649886139766208,1692.78769,805.08277,257.14235
2023-03-13 09:00:00,5.2168368642342,277.84146555812674,275.7992304518957,0.1133323067063073,8.649886139766208,1689.48098,816.75245,247.3694
2023-03-13 10:00:00,5.2250053863698405,276.1608865850412,273.9082011941135,0.0,4.579490815136294,1702.80398,811.02804,255.25031
2023-03-13 11:00:00,5.2250053863698405,276.1608865850412,273.9082011941135,0.0,4.579490815136294,1805.0451,807.37221,263.46768
2023-03-13 12:00:00,5.307366684491683,277.2162628671209,273.4982389486144,0.0,4.3365679156398045,1911.83215,802.32764,271.85548
2023-03-13 13:00:00,4.88657599945089,280.282544991751,273.49985556460643,0.0,8.891026280304121,2004.79701,811.10353,272.70167
2023-03-13 14:00:00,4.88657599945089,280.282544991751,273.49985556460643,0.0,8.891026280304121,2102.0998,819.70809,277.38096
2023-03-13 15:00:00,4.88657599945089,280.282544991751,273.49985556460643,0.0,8.891026280304121,2155.36313,837.32045,289.2008
2023-03-13 16:00:00,4.334849927061309,281.83499439419154,273.3329484675222,41.462254419405454,4.758683831736578,2181.51783,832.75169,296.18521
2023-03-13 17:00:00,4.334849927061309,281.83499439419154,273.3329484675222,41.462254419405454,4.758683831736578,2223.53069,816.59657,312.00534
2023-03-13 18:00:00,3.677991973614124,278.3677602610288,272.67115263184587,40.41849378811513,4.921259672048871,2286.73416,817.25589,310.11448
2023-03-13 19:00:00,3.6130206419635447,275.9438609413444,272.025185726292,166.9198676089806,7.837814289471872,2308.54704,808.4105,310.66151
2023-03-13 20:00:00,3.6130206419635447,275.9438609413444,272.025185726292,166.9198676089806,7.837814289471872,2299.94718,801.94097,309.45487
2023-03-13 21:00:00,3.6130206419635447,275.9438609413444,272.025185726292,166.9198676089806,7.837814289471872,2282.23918,800.09394,304.68544
2023-03-13 22:00:00,3.853814134593425,274.6731758826876,271.4804849913794,416.9595378188188,1.142376893354044,2272.19886,806.26335,295.48812
2023-03-13 23:00:00,3.853814134593425,274.6731758826876,271.4804849913794,416.9595378188188,1.142376893354044,2263.08353,819.05682,299.13841
2023-03-14 00:00:00,4.1527800328649125,275.06034898901737,272.48604150903395,431.3794044931026,0.9883110501499256,2083.99999,871.54727,327.15891
2023-03-14 01:00:00,4.336136877781213,274.6806982663602,272.3581829440293,312.1134610160485,1.1685521011327875,2028.64902,876.72008,318.37532
2023-03-14 02:00:00,4.336136877781213,274.6806982663602,272.3581829440293,312.1134610160485,1.1685521011327875,1945.02822,874.0254,305.44207
2023-03-14 03:00:00,4.336136877781213,274.6806982663602,272.3581829440293,312.1134610160485,1.1685521011327875,1892.23128,876.02101,298.08964
2023-03-14 04:00:00,5.4216358290919935,279.36551075003354,274.73231891129694,0.5632845266354929,0.0062460655233482,1832.16035,859.22662,306.91867
2023-03-14 05:00:00,5.4216358290919935,279.36551075003354,274.73231891129694,0.5632845266354929,0.0062460655233482,1804.36006,847.86634,308.165
2023-03-14 06:00:00,5.202717065887759,280.24368233970176,275.01610953503035,0.5629074563280687,0.0051236479861959,1818.77301,848.53443,300.84461
2023-03-14 07:00:00,4.576668368138489,279.631966465814,276.98531318635713,0.2813429855314998,0.0063032821642363,1758.82458,841.74656,302.94633
2023-03-14 08:00:00,4.576668368138489,279.631966465814,276.98531318635713,0.2813429855314998,0.0063032821642363,1744.46071,842.43993,300.22182
2023-03-14 09:00:00,4.576668368138489,279.631966465814,276.98531318635713,0.2813429855314998,0.0063032821642363,1740.86136,852.97,287.07826
2023-03-14 10:00:00,4.475998353871226,278.9493138485168,277.2927019646155,0.0,0.0002403722321373,1752.50509,845.66946,294.71359
2023-03-14 11:00:00,4.475998353871226,278.9493138485168,277.2927019646155,0.0,0.0002403722321373,1845.69609,840.40004,302.20707
2023-03-14 12:00:00,4.796421398508057,279.3812639647408,278.06015877156494,0.0,0.0048908809801673,1942.429,833.60511,309.95453
2023-03-14 13:00:00,4.903394963409991,279.0303739071156,278.1234906618716,0.0,0.0175016590781254,2023.32276,842.47097,309.84255
2023-03-14 14:00:00,4.903394963409991,279.0303739071156,278.1234906618716,0.0,0.0175016590781254,2110.23832,852.03796,314.14225
2023-03-14 15:00:00,4.903394963409991,279.0303739071156,278.1234906618716,0.0,0.0175016590781254,2156.32757,871.20147,326.2622
2023-03-14 16:00:00,5.184074973387865,278.60721585983777,277.6948547508936,122.57341530698852,0.0127711096622754,2178.48952,866.60637,333.56228
2023-03-14 17:00:00,5.184074973387865,278.60721585983777,277.6948547508936,122.57341530698852,0.0127711096622754,2215.69101,848.82949,349.52276
2023-03-14 18:00:00,5.311871133021228,278.61434625745864,276.4456378152222,121.32970029302348,0.0188616923240507,2275.91365,849.72172,346.18178
2023-03-14 19:00:00,5.6081588428957225,280.5482791927303,275.81834733124845,344.19814270480185,0.0320230963620052,2298.3265,841.28027,346.94666
2023-03-14 20:00:00,5.6081588428957225,280.5482791927303,275.81834733124845,344.19814270480185,0.0320230963620052,2291.14579,834.69338,345.84543
2023-03-14 21:00:00,5.6081588428957225,280.5482791927303,275.81834733124845,344.19814270480185,0.0320230963620052,2274.45549,831.71063,340.75742
2023-03-14 22:00:00,5.71205359616268,281.61551457813334,274.7938501428978,659.6940811509269,0.042209132267353,2264.25999,837.65484,330.50675
2023-03-14 23:00:00,5.71205359616268,281.61551457813334,274.7938501428978,659.6940811509269,0.042209132267353,2251.99845,849.86372,333.5138
2023-03-15 00:00:00,4.991536619675493,279.273358757302,273.00554260611,666.0881716889673,0.0256880794380785,2050.1612,911.4016,298.08167
2023-03-15 01:00:00,4.6599808043854924,276.58465220272313,271.6756142634312,465.5543461215801,0.0471125881745386,1998.18705,915.24606,291.24714
2023-03-15 02:00:00,4.6599808043854924,276.58465220272313,271.6756142634312,465.5543461215801,0.0471125881745386,1918.91555,911.90082,280.1149
2023-03-15 03:00:00,4.6599808043854924,276.58465220272313,271.6756142634312,465.5543461215801,0.0471125881745386,1870.14663,913.93294,273.87837
2023-03-15 04:00:00,4.691747132341009,274.86416192447643,270.4881051880831,0.623988446201004,0.0011780182313369,1814.87814,896.01047,282.63317
2023-03-15 05:00:00,4.691747132341009,274.86416192447643,270.4881051880831,0.623988446201004,0.0011780182313369,1791.8459,884.10595,284.24438
2023-03-15 06:00:00,4.09257107932425,273.42451976720736,269.9126280340667,0.599124119578889,0.0019269175238874,1809.02,884.17439,277.97318
2023-03-15 07:00:00,4.115124024523524,272.5406439691737,269.06915939002863,0.2996083404453075,0.0019734885359663,1753.90597,876.60031,280.88941
2023-03-15 08:00:00,4.115124024523524,272.5406439691737,269.06915939002863,0.2996083404453075,0.0019734885359663,1741.91389,876.76794,279.02957
2023-03-15 09:00:00,4.115124024523524,272.5406439691737,269.06915939002863,0.2996083404453075,0.0019734885359663,1738.56889,886.2415,267.54411
2023-03-15 10:00:00,5.31123336538854,275.0740727863713,268.36133077700595,0.0,0.0,1749.0291,877.5013,275.30024
2023-03-15 11:00:00,5.31123336538854,275.0740727863713,268.36133077700595,0.0,0.0,1836.64194,870.76094,283.14985
2023-03-15 12:00:00,4.441826876698693,277.5921738724711,267.9854600544345,0.0,0.0,1927.4636,862.37394,291.21231
2023-03-15 13:00:00,4.47333002726092,279.31825809436,268.5194995463046,0.0,0.0,2002.31943,871.36005,291.57166
2023-03-15 14:00:00,4.47333002726092,279.31825809436,268.5194995463046,0.0,0.0,2083.8369,881.85085,296.0581
2023-03-15 15:00:00,4.47333002726092,279.31825809436,268.5194995463046,0.0,0.0,2126.70825,902.48635,308.03042
2023-03-15 16:00:00,3.394628542816297,276.79446868905904,269.3798492524934,118.8456856208234,0.0002794260724738,2146.90693,897.91724,315.1752
2023-03-15 17:00:00,3.394628542816297,276.79446868905904,269.3798492524934,118.8456856208234,0.0002794260724738,2181.5983,878.68635,331.06664
2023-03-15 18:00:00,3.212848243858641,274.23544521471,269.101909885319,120.36000552311296,0.0,2238.76067,879.83695,328.43902
2023-03-15 19:00:00,2.931753313029945,272.64883823285567,268.7148781806962,343.13161564534107,0.0008390073454849,2260.15698,871.79564,329.09674
2023-03-15 20:00:00,2.931753313029945,272.64883823285567,268.7148781806962,343.13161564534107,0.0008390073454849,2253.57724,865.11573,327.94367
2023-03-15 21:00:00,2.931753313029945,272.64883823285567,268.7148781806962,343.13161564534107,0.0008390073454849,2237.51785,861.0964,323.01235
2023-03-15 22:00:00,2.721522893118485,271.5904947111824,268.39094554239307,652.2534452445916,0.0002803286347328,2226.96278,866.84157,313.27987
2023-03-15 23:00:00,2.721522893118485,271.5904947111824,268.39094554239307,652.2534452445916,0.0002803286347328,2214.25285,878.50725,316.60338
2023-03-16 00:00:00,2.630248159735297,271.22167845109465,268.1575185128487,632.0919729039941,0.006411242536972,2002.09804,915.74392,290.54812
2023-03-16 01:00:00,3.4662199863875127,275.3505626945032,268.09853953639947,438.8877791224194,0.0193137246999079,1953.6527,919.41051,284.21854
2023-03-16 02:00:00,3.4662199863875127,275.3505626945032,268.09853953639947,438.8877791224194,0.0193137246999079,1878.28241,915.94555,273.55295
2023-03-16 03:00:00,3.4662199863875127,275.3505626945032,268.09853953639947,438.8877791224194,0.0193137246999079,1832.5621,917.94363,267.60554
2023-03-16 04:00:00,3.610547028898999,280.46450138559646,269.53287073322736,0.6925018525425186,0.0830438929816585,1780.53555,899.85858,276.34113
2023-03-16 05:00:00,3.610547028898999,280.46450138559646,269.53287073322736,0.6925018525425186,0.0830438929816585,1759.46959,887.8461,278.04683
2023-03-16 06:00:00,4.08950304594179,283.0849116259242,271.5709369659701,0.6926265027913302,0.1362017345409086,1776.85688,887.81399,272.04747
2023-03-16 07:00:00,3.6462556620006312,280.4120221895737,273.02839453797753,0.3465197260251939,0.242222707666385,1723.90231,880.12019,275.17473
2023-03-16 08:00:00,3.6462556620006312,280.4120221895737,273.02839453797753,0.3465197260251939,0.242222707666385,1712.9596,880.21897,273.53892
2023-03-16 09:00:00,3.6462556620006312,280.4120221895737,273.02839453797753,0.3465197260251939,0.242222707666385,1710.12244,889.57811,262.48304
2023-03-16 10:00:00,4.084129693140833,277.92787665335766,272.72513503118336,0.0,0.0589231359889738,1719.70876,880.70084,270.27048
2023-03-16 11:00:00,4.084129693140833,277.92787665335766,272.72513503118336,0.0,0.0589231359889738,1803.75967,873.82289,278.21235
2023-03-16 12:00:00,4.074226385753737,276.4373919624636,272.89833989273944,0.0,0.0777225677400319,1891.03308,865.2903,286.35643
2023-03-16 13:00:00,3.996750756888401,275.8832442587947,273.0925302537758,0.0,0.134427175648074,1963.14819,874.32116,286.83791
2023-03-16 14:00:00,3.996750756888401,275.8832442587947,273.0925302537758,0.0,0.134427175648074,2042.01635,884.93938,291.37273
2023-03-16 15:00:00,3.996750756888401,275.8832442587947,273.0925302537758,0.0,0.134427175648074,2083.7894,905.76369,303.30678
2023-03-16 16:00:00,4.038007340593505,275.46872778095803,273.2085659460528,99.84642253750036,0.0182841590642568,2103.13002,901.24097,310.41135
2023-03-16 17:00:00,4.038007340593505,275.46872778095803,273.2085659460528,99.84642253750036,0.0182841590642568,2136.58044,881.89548,326.28491
2023-03-16 18:00:00,5.879005843347967,280.1885616199787,274.7965636587527,102.42962858659352,0.0113873721964658,2190.81641,883.11087,323.84211
2023-03-16 19:00:00,6.8993374480948,285.55516386892,277.0831139637435,308.1123876441984,0.0281120486481888,2210.46248,875.13519,324.47204
2023-03-16 20:00:00,6.8993374480948,285.55516386892,277.0831139637435,308.1123876441984,0.0281120486481888,2204.04886,868.4588,323.30554
2023-03-16 21:00:00,6.8993374480948,285.55516386892,277.0831139637435,308.1123876441984,0.0281120486481888,2188.39539,864.34145,318.41483
2023-03-16 22:00:00,7.222912385102913,288.34731766910227,278.69829619353214,616.9413196998714,0.0011235196694028,2177.40086,870.07351,308.81662
2023-03-16 23:00:00,7.222912385102913,288.34731766910227,278.69829619353214,616.9413196998714,0.0011235196694028,2165.58929,881.67939,312.22209
2023-03-17 00:00:00,5.75915564261153,285.6823206253956,279.58631596058035,630.5826012933207,0.0009388477957036,2028.41885,923.2184,303.46647
2023-03-17 01:00:00,6.134655276066365,283.49206258350495,279.2041163234951,437.6295295385946,0.0022253822550427,1978.57653,926.60499,296.27098
2023-03-17 02:00:00,6.134655276066365,283.49206258350495,279.2041163234951,437.6295295385946,0.0022253822550427,1902.03078,922.9725,284.80524
2023-03-17 03:00:00,6.134655276066365,283.49206258350495,279.2041163234951,437.6295295385946,0.0022253822550427,1855.76952,924.94218,278.36205
2023-03-17 04:00:00,6.275022527892281,282.8681387126543,279.1602332319508,0.7191177081122893,0.0,1803.47897,906.60852,287.1306
2023-03-17 05:00:00,6.275022527892281,282.8681387126543,279.1602332319508,0.7191177081122893,0.0,1783.3658,894.44875,288.67422
2023-03-17 06:00:00,5.851733998531136,282.18199249960315,278.7643237409428,0.72496847112823,0.0,1802.20218,894.2714,282.20871
2023-03-17 07:00:00,5.77179119748293,281.7735973651652,278.87383385699985,0.3623596776015574,5.164187610260869e-05,1750.05284,886.39844,284.97412
2023-03-17 08:00:00,5.77179119748293,281.7735973651652,278.87383385699985,0.3623596776015574,5.164187610260869e-05,1739.5149,886.38786,282.95412
2023-03-17 09:00:00,5.77179119748293,281.7735973651652,278.87383385699985,0.3623596776015574,5.164187610260869e-05,1736.33774,895.54942,271.16162
2023-03-17 10:00:00,6.96522864231785,284.3702555639992,280.0403707485703,0.0,0.0,1746.06167,886.42067,278.89538
2023-03-17 11:00:00,6.96522864231785,284.3702555639992,280.0403707485703,0.0,0.0,1830.22155,879.28782,286.67901
2023-03-17 12:00:00,8.834258125909066,282.99116076588064,278.5297141624948,0.0,9.314202415793864e-05,1917.39088,870.48264,294.68317
2023-03-17 13:00:00,8.752763654962202,281.14698203924456,277.43036769712194,0.0,0.0004669843325754,1988.54329,879.56553,294.95526
2023-03-17 14:00:00,8.752763654962202,281.14698203924456,277.43036769712194,0.0,0.0004669843325754,2066.74326,890.38202,299.4071
2023-03-17 15:00:00,8.752763654962202,281.14698203924456,277.43036769712194,0.0,0.0004669843325754,2107.65163,911.50874,311.40676
2023-03-17 16:00:00,8.52041535172247,278.088544012462,275.24092805476755,114.10949609909356,0.0,2126.64693,907.03147,318.5803
2023-03-17 17:00:00,8.52041535172247,278.088544012462,275.24092805476755,114.10949609909356,0.0,2159.79549,887.45414,334.48451
2023-03-17 18:00:00,8.806268889533463,281.09341911290784,277.9763588575485,117.7021333238479,4.675329409485503e-05,2215.03418,888.75209,331.72478
2023-03-17 19:00:00,8.615523210237171,278.3497670300856,275.17716648174456,310.0975783074555,0.011271364575784,2235.76805,880.87195,332.40237
2023-03-17 20:00:00,8.615523210237171,278.3497670300856,275.17716648174456,310.0975783074555,0.011271364575784,2229.55394,874.1908,331.25889
2023-03-17 21:00:00,8.615523210237171,278.3497670300856,275.17716648174456,310.0975783074555,0.011271364575784,2213.88507,869.89293,326.29855
2023-03-17 22:00:00,8.369082469753211,275.283127799643,272.1258258777661,494.8876690849162,0.0425458736078749,2203.10112,875.59571,316.47011
2023-03-17 23:00:00,8.369082469753211,275.283127799643,272.1258258777661,494.8876690849162,0.0425458736078749,2190.14937,887.0991,319.735
2023-03-18 00:00:00,8.511907458530247,271.21574369985933,266.5688958865329,502.86538299773406,0.067457570653315,2039.29032,916.92104,307.89058
2023-03-18 01:00:00,9.167812957705191,272.1822022569902,264.9071378049411,325.5759513867132,0.2761607074965156,1988.74223,920.47444,300.39854
2023-03-18 02:00:00,9.167812957705191,272.1822022569902,264.9071378049411,325.5759513867132,0.2761607074965156,1911.47992,916.88117,288.65877
2023-03-18 03:00:00,9.167812957705191,272.1822022569902,264.9071378049411,325.5759513867132,0.2761607074965156,1864.7245,918.79558,282.0458
2023-03-18 04:00:00,8.9447487227349,276.0992869242541,264.95300539388,0.2774569388502613,0.428837052624063,1811.96181,900.58846,290.82565
2023-03-18 05:00:00,8.9447487227349,276.0992869242541,264.95300539388,0.2774569388502613,0.428837052624063,1791.75478,888.45138,292.31376
2023-03-18 06:00:00,8.97052626283693,277.64308877820736,266.31232661921507,0.282085896771314,0.4277693312118502,1810.81356,888.3229,285.68862
2023-03-18 07:00:00,7.348588955130719,275.35462122253944,266.04418801786346,0.1411263129125214,1.3997446652305876,1758.51912,880.52985,288.33009
2023-03-18 08:00:00,7.348588955130719,275.35462122253944,266.04418801786346,0.1411263129125214,1.3997446652305876,1747.91324,880.58718,286.17856
2023-03-18 09:00:00,7.348588955130719,275.35462122253944,266.04418801786346,0.1411263129125214,1.3997446652305876,1744.61056,889.91674,274.13376
2023-03-18 10:00:00,5.983168906263003,272.49605729410496,264.8549372128409,0.0,1.5799232788335953,1754.4734,881.04117,281.84913
2023-03-18 11:00:00,5.983168906263003,272.49605729410496,264.8549372128409,0.0,1.5799232788335953,1839.12067,874.17028,289.57858
2023-03-18 12:00:00,5.84228074918183,271.8192605593101,264.7265702925504,0.0,1.4857407978475097,1926.73869,865.65287,297.53482
2023-03-18 13:00:00,6.315423990666028,270.5397226917256,263.9380267005101,33.91877807607847,2.65102873083114,1998.08513,874.75804,297.73517
2023-03-18 14:00:00,6.315423990666028,270.5397226917256,263.9380267005101,33.91877807607847,2.65102873083114,2076.518,885.46334,302.1586
2023-03-18 15:00:00,6.315423990666028,270.5397226917256,263.9380267005101,33.91877807607847,2.65102873083114,2117.42119,906.39443,314.18074
2023-03-18 16:00:00,6.642011769754621,269.51462635858445,263.0824078943411,100.44524039043792,0.6029627500295915,2136.47004,901.96991,321.3779
2023-03-18 17:00:00,6.642011769754621,269.51462635858445,263.0824078943411,100.44524039043792,0.6029627500295915,2169.72944,882.67946,337.29266
2023-03-18 18:00:00,8.432818671138042,272.9499151242848,262.30512767400546,111.22156461409824,0.6322152148590546,2225.52635,883.98411,334.42437
2023-03-18 19:00:00,9.05431878827216,275.82566343126587,262.3109987974257,231.70897949607144,0.8402810553497247,2246.67867,876.06946,335.11823
2023-03-18 20:00:00,9.05431878827216,275.82566343126587,262.3109987974257,231.70897949607144,0.8402810553497247,2240.47708,869.42077,333.98266
2023-03-18 21:00:00,9.05431878827216,275.82566343126587,262.3109987974257,231.70897949607144,0.8402810553497247,2224.75221,865.30618,328.99848
2023-03-18 22:00:00,8.952914264505205,276.9195858278142,263.1606226401617,155.1100104219426,0.0829720165200599,2214.06241,871.05153,319.09118
2023-03-18 23:00:00,8.952914264505205,276.9195858278142,263.1606226401617,155.1100104219426,0.0829720165200599,2200.79541,882.63995,322.30794
2023-03-19 00:00:00,6.680246353311012,274.15044799135785,263.3572166231358,137.04924425079517,0.0903691578485384,1915.20234,847.68935,302.35369
2023-03-19 01:00:00,4.996369686303959,271.03969290648416,263.0073445160376,0.2973704939365745,0.1391045624358184,1868.42792,853.41153,295.23278
2023-03-19 02:00:00,4.996369686303959,271.03969290648416,263.0073445160376,0.2973704939365745,0.1391045624358184,1791.6579,850.74431,283.83598
2023-03-19 03:00:00,4.996369686303959,271.03969290648416,263.0073445160376,0.2973704939365745,0.1391045624358184,1741.5215,852.43686,277.43548
2023-03-19 04:00:00,4.718783218681507,269.588788702138,262.6851594844465,0.1482888787383496,0.1344914742764378,1682.0619,836.02297,286.20119
2023-03-19 05:00:00,4.718783218681507,269.588788702138,262.6851594844465,0.1482888787383496,0.1344914742764378,1646.69903,824.62812,287.7588
2023-03-19 06:00:00,4.953359789513099,268.2365782431857,262.492992765244,0.1531723969590325,0.1127702762501842,1650.69826,825.39416,281.33345
2023-03-19 07:00:00,4.523532870678194,267.4627660799572,262.16962605358583,0.0,0.3910946613305891,1584.16476,818.82444,284.13001
2023-03-19 08:00:00,4.523532870678194,267.4627660799572,262.16962605358583,0.0,0.3910946613305891,1566.50311,819.74654,282.1431
2023-03-19 09:00:00,4.523532870678194,267.4627660799572,262.16962605358583,0.0,0.3910946613305891,1565.12844,830.91448,270.41405
2023-03-19 10:00:00,5.173828076213346,270.37933621604054,261.4482349499207,0.0,0.4659534846009733,1576.13305,824.62236,278.15244
2023-03-19 11:00:00,5.173828076213346,270.37933621604054,261.4482349499207,0.0,0.4659534846009733,1669.94215,820.40152,285.94971
2023-03-19 12:00:00,3.3257728574341705,274.3299666728166,262.1831186260773,0.0,0.662775899995375,1768.80948,814.76583,293.96592
2023-03-19 13:00:00,3.319193296953906,276.32712588877337,263.4881956620077,19.917057092135217,1.6815325602481894,1857.63994,823.7948,294.25603
2023-03-19 14:00:00,3.319193296953906,276.32712588877337,263.4881956620077,19.917057092135217,1.6815325602481894,1950.35664,833.00706,298.71502
2023-03-19 15:00:00,3.319193296953906,276.32712588877337,263.4881956620077,19.917057092135217,1.6815325602481894,2003.04088,851.49971,310.70903
2023-03-19 16:00:00,2.71342909124641,273.7574914593323,265.19129199419183,53.90652228698872,1.6295015001712716,2027.99969,847.21249,317.87663
2023-03-19 17:00:00,2.71342909124641,273.7574914593323,265.19129199419183,53.90652228698872,1.6295015001712716,2067.8394,830.63113,333.77821
2023-03-19 18:00:00,2.699414534058387,271.506946618131,264.24124422376826,55.62720720642031,1.5822774930332186,2122.06141,831.64002,331.04579
2023-03-19 19:00:00,3.030685697512096,270.9801485293285,264.28633776314496,133.36772181508385,3.3734962808092672,2137.40395,823.12219,331.71926
2023-03-19 20:00:00,3.030685697512096,270.9801485293285,264.28633776314496,133.36772181508385,3.3734962808092672,2128.73773,816.69218,330.57378
2023-03-19 21:00:00,3.030685697512096,270.9801485293285,264.28633776314496,133.36772181508385,3.3734962808092672,2111.99705,814.44067,325.61946
2023-03-19 22:00:00,3.2482326980086,270.90650582112767,264.5583744672812,100.88176777240244,1.4247970443204667,2100.47279,820.56769,315.81084
2023-03-19 23:00:00,3.2482326980086,270.90650582112767,264.5583744672812,100.88176777240244,1.4247970443204667,2095.98717,833.0969,319.08785
2023-03-20 00:00:00,3.2411057662867604,270.9912963758761,265.28742903427224,114.49280816566916,1.6058256991204365,2058.51636,824.76195,257.84181
2023-03-20 01:00:00,4.146369189626275,275.79978447194054,266.23330894090907,0.674481601215275,2.5618340094424967,2001.29367,831.1879,253.70456
2023-03-20 02:00:00,4.146369189626275,275.79978447194054,266.23330894090907,0.674481601215275,2.5618340094424967,1913.02272,828.80609,245.06478
2023-03-20 03:00:00,4.146369189626275,275.79978447194054,266.23330894090907,0.674481601215275,2.5618340094424967,1853.95164,830.40874,240.3725
2023-03-20 04:00:00,3.908928764735086,279.91769123632747,267.7910587707636,0.3369269460570596,0.3045815409528029,1785.03311,814.57156,249.02463
2023-03-20 05:00:00,3.908928764735086,279.91769123632747,267.7910587707636,0.3369269460570596,0.3045815409528029,1744.0866,803.40132,251.14071
2023-03-20 06:00:00,4.483974714838309,281.7469187142396,269.7343028238527,0.3375385804087663,0.3590553724960475,1747.66508,804.44838,246.3215
2023-03-20 07:00:00,3.5410107308212897,278.90432343133114,271.67470349853164,0.0,0.5843363467162216,1674.96584,798.26903,250.36494
2023-03-20 08:00:00,3.5410107308212897,278.90432343133114,271.67470349853164,0.0,0.5843363467162216,1654.31027,799.47249,249.70167
2023-03-20 09:00:00,3.5410107308212897,278.90432343133114,271.67470349853164,0.0,0.5843363467162216,1651.41294,811.24959,240.51087
2023-03-20 10:00:00,2.605985136584997,270.9409912809234,266.491749265308,0.0,0.0670143261028985,1664.97633,805.82165,248.43423
2023-03-20 11:00:00,2.605985136584997,270.9409912809234,266.491749265308,0.0,0.0670143261028985,1769.15293,802.48816,256.77661
2023-03-20 12:00:00,3.3075067157425586,279.19294600349644,271.4865971123121,0.3450343955154119,0.5305690020435007,1878.31796,797.81897,265.27503
2023-03-20 13:00:00,3.22878312431783,276.6309082927549,270.7654290886416,0.0,0.8313785236829875,1974.98265,806.83636,266.28666
2023-03-20 14:00:00,3.22878312431783,276.6309082927549,270.7654290886416,0.0,0.8313785236829875,2075.30742,815.56581,271.03153
2023-03-20 15:00:00,3.22878312431783,276.6309082927549,270.7654290886416,0.0,0.8313785236829875,2131.06518,833.26325,282.79956
2023-03-20 16:00:00,3.1536946970451023,275.5188939353967,270.4086998789204,0.0,0.0800352549048672,2158.47048,829.04035,289.72943
2023-03-20 17:00:00,3.1536946970451023,275.5188939353967,270.4086998789204,0.0,0.0800352549048672,2201.87558,813.37521,305.52532
2023-03-20 18:00:00,3.1536946970451023,275.5188939353967,270.4086998789204,0.0,0.0800352549048672,2264.74077,814.30202,303.88491
2023-03-20 19:00:00,2.439662928434093,269.5870608022957,266.16391053776795,126.41485121709334,0.0997674887828343,2285.32033,805.59398,304.39433
2023-03-20 20:00:00,2.439662928434093,269.5870608022957,266.16391053776795,126.41485121709334,0.0997674887828343,2276.19838,799.24234,303.16947
2023-03-20 21:00:00,2.439662928434093,269.5870608022957,266.16391053776795,126.41485121709334,0.0997674887828343,2258.2759,797.61435,298.45508
2023-03-20 22:00:00,3.325546880684608,273.8231356968663,265.84338596667374,363.3223888774358,0.0039304658425938,2248.05795,803.87143,289.43969
2023-03-20 23:00:00,3.325546880684608,273.8231356968663,265.84338596667374,363.3223888774358,0.0039304658425938,2240.80441,816.71194,293.20111
2023-03-21 00:00:00,3.4602803455530613,278.7739446965071,267.12989704488746,363.10783142089446,0.002527325084384,1861.28018,856.07417,280.62742
2023-03-21 01:00:00,3.6496209879519457,280.97271304380223,268.86639850831114,663.9887773543296,0.005311733524551,1818.57364,861.48548,274.96281
2023-03-21 02:00:00,3.6496209879519457,280.97271304380223,268.86639850831114,663.9887773543296,0.005311733524551,1746.37591,858.63515,264.91173
2023-03-21 03:00:00,3.6496209879519457,280.97271304380223,268.86639850831114,663.9887773543296,0.005311733524551,1699.8888,860.29948,259.34501
2023-03-21 04:00:00,3.243388145662772,278.3775536880359,270.56104792534336,451.4484986237794,0.00225040862545,1644.37345,843.61069,268.05531
2023-03-21 05:00:00,3.243388145662772,278.3775536880359,270.56104792534336,451.4484986237794,0.00225040862545,1611.62864,832.05532,269.88548
2023-03-21 06:00:00,3.4469745193492365,275.7075987136842,269.9315361591711,447.9905784522723,0.0029119565316166,1616.18552,832.6619,264.2441
2023-03-21 07:00:00,3.811586300543904,274.9911487882663,270.16192444235435,1.080471818631369,0.0062560336035748,1552.47882,825.89455,267.64925
2023-03-21 08:00:00,3.811586300543904,274.9911487882663,270.16192444235435,1.080471818631369,0.0062560336035748,1536.193,826.69517,266.30842
2023-03-21 09:00:00,3.811586300543904,274.9911487882663,270.16192444235435,1.080471818631369,0.0062560336035748,1535.37582,837.64144,255.81829
2023-03-21 10:00:00,4.0048109951044975,274.60282266606214,270.4104326126298,0.5401781522134332,0.0011762299213586,1545.33079,831.06519,263.64695
2023-03-21 11:00:00,4.0048109951044975,274.60282266606214,270.4104326126298,0.5401781522134332,0.0011762299213586,1634.76928,826.55629,271.7103
2023-03-21 12:00:00,4.3364188646476745,274.2738671852363,270.50311739352776,0.5453283150549684,0.0015968361629561,1729.24009,820.61202,279.96187
2023-03-21 13:00:00,6.046623021282128,279.25695377861484,272.1648278051015,0.0,0.0019737507547027,1814.49481,829.69621,280.60416
2023-03-21 14:00:00,6.046623021282128,279.25695377861484,272.1648278051015,0.0,0.0019737507547027,1903.80893,839.12819,285.2027
2023-03-21 15:00:00,6.046623021282128,279.25695377861484,272.1648278051015,0.0,0.0019737507547027,1954.96289,857.95736,297.08639
2023-03-21 16:00:00,7.445208044548799,284.76112307826867,274.68161309950284,0.0,0.0,1978.79345,853.71682,304.13796
2023-03-21 17:00:00,7.445208044548799,284.76112307826867,274.68161309950284,0.0,0.0,2017.04142,836.8711,319.98797
2023-03-21 18:00:00,7.842182182837186,287.2890747443868,276.51305437976606,0.0,4.657101207896933e-05,2067.85855,837.96889,317.78855
2023-03-21 19:00:00,7.059067959600855,284.5879209384779,277.18596477068763,74.09321941973673,0.0065567010518202,2081.26373,829.55614,318.38195
2023-03-21 20:00:00,7.059067959600855,284.5879209384779,277.18596477068763,74.09321941973673,0.0065567010518202,2072.84279,823.11943,317.19772
2023-03-21 21:00:00,7.059067959600855,284.5879209384779,277.18596477068763,74.09321941973673,0.0065567010518202,2056.59944,820.664,312.36051
2023-03-21 22:00:00,7.212816677943546,282.2583296170211,276.7464325090413,146.0616157379642,0.1104447036910791,2044.57598,826.75721,302.93905
2023-03-21 23:00:00,7.212816677943546,282.2583296170211,276.7464325090413,146.0616157379642,0.1104447036910791,2040.9667,839.17159,306.45249
2023-03-22 00:00:00,7.037309813092975,281.386287790254,276.6310980597992,146.1118248953502,0.1485966575235184,1859.48014,872.26163,315.20501
2023-03-22 01:00:00,6.909140620333245,281.4631651525397,277.3137287277262,209.10834740054585,0.6661149699773934,1818.12598,877.11069,307.22269
2023-03-22 02:00:00,6.909140620333245,281.4631651525397,277.3137287277262,209.10834740054585,0.6661149699773934,1748.26504,873.9626,295.02985
2023-03-22 03:00:00,6.909140620333245,281.4631651525397,277.3137287277262,209.10834740054585,0.6661149699773934,1704.4651,875.6157,288.13618
2023-03-22 04:00:00,7.060388737057279,281.7415366545781,278.4166919594428,152.4989517680376,1.19970078344223,1652.51643,858.44152,296.9347
2023-03-22 05:00:00,7.060388737057279,281.7415366545781,278.4166919594428,152.4989517680376,1.19970078344223,1624.47201,846.63172,298.33104
2023-03-22 06:00:00,7.668501370390992,283.1075129155359,279.814015147416,155.77044453710627,1.1272631409832012,1632.6065,846.97058,291.44197
2023-03-22 07:00:00,8.258535362720881,283.7256649846663,280.4151278430664,0.9538633036561168,2.5006659651411907,1573.51152,839.86049,293.87854
2023-03-22 08:00:00,8.258535362720881,283.7256649846663,280.4151278430664,0.9538633036561168,2.5006659651411907,1559.49816,840.43955,291.50952
2023-03-22 09:00:00,8.258535362720881,283.7256649846663,280.4151278430664,0.9538633036561168,2.5006659651411907,1558.55878,850.95722,279.0476
2023-03-22 10:00:00,8.610077944072287,282.5771300953797,280.033515436028,0.4767726390445818,1.2827034595837272,1567.70391,843.80991,286.73258
2023-03-22 11:00:00,8.610077944072287,282.5771300953797,280.033515436028,0.4767726390445818,1.2827034595837272,1652.81123,838.71906,294.37248
2023-03-22 12:00:00,8.656767247759822,280.4825270494493,278.2584457472821,0.4910148667069822,1.3546297519778931,1742.48204,832.14722,302.24947
2023-03-22 13:00:00,8.722786231928668,278.3149024876853,275.76258590219345,0.0,2.1619902499898345,1822.01797,841.30203,302.33125
2023-03-22 14:00:00,8.722786231928668,278.3149024876853,275.76258590219345,0.0,2.1619902499898345,1906.40239,851.12756,306.7077
2023-03-22 15:00:00,8.722786231928668,278.3149024876853,275.76258590219345,0.0,2.1619902499898345,1954.17277,870.57413,318.76695
2023-03-22 16:00:00,8.48981911299153,275.8326087109773,272.53709851014605,0.0,0.2620776475596976,1976.11305,866.37399,326.00318
2023-03-22 17:00:00,8.48981911299153,275.8326087109773,272.53709851014605,0.0,0.2620776475596976,2012.07718,848.96778,341.93531
2023-03-22 18:00:00,7.688946913394089,273.5428289705758,269.6629108460077,0.0,0.2001505565670528,2061.41714,850.19564,338.88756
2023-03-22 19:00:00,6.393724646242096,271.76247850221694,267.80175086285914,89.4109600240809,0.2991281142318881,2075.05192,841.96059,339.60842
2023-03-22 20:00:00,6.393724646242096,271.76247850221694,267.80175086285914,89.4109600240809,0.2991281142318881,2067.29889,835.49541,338.48587
2023-03-22 21:00:00,6.393724646242096,271.76247850221694,267.80175086285914,89.4109600240809,0.2991281142318881,2051.54279,832.62921,333.46226
2023-03-22 22:00:00,7.005257739785826,274.1607566142044,267.0487524543586,269.6325057157412,0.0368385216389753,2039.43426,838.6475,323.42461
2023-03-22 23:00:00,7.005257739785826,274.1607566142044,267.0487524543586,269.6325057157412,0.0368385216389753,2034.38092,850.8408,326.5618
2023-03-23 00:00:00,7.089796325894534,278.37599958556166,267.2449960999934,277.0877867411559,0.0357838230836873,1840.8352,886.18394,303.75787
2023-03-23 01:00:00,7.179179011396938,279.90198873178804,267.15627995943703,568.7543050614094,0.0674683733730494,1801.00312,890.54213,296.54286
2023-03-23 02:00:00,7.179179011396938,279.90198873178804,267.15627995943703,568.7543050614094,0.0674683733730494,1732.9307,887.12709,285.05905
2023-03-23 03:00:00,7.179179011396938,279.90198873178804,267.15627995943703,568.7543050614094,0.0674683733730494,1690.63629,888.7622,278.60469
2023-03-23 04:00:00,4.987047028212171,277.2650481694439,268.1364683880157,408.779905607166,0.0237967169676587,1640.37781,871.16166,287.374
2023-03-23 05:00:00,4.987047028212171,277.2650481694439,268.1364683880157,408.779905607166,0.0237967169676587,1613.6767,859.1223,288.91395
2023-03-23 06:00:00,3.8687808212104353,273.5663532751319,267.0334206123618,386.1982747091686,0.020319208504843,1622.34205,859.22309,282.43792
2023-03-23 07:00:00,4.041550895255373,271.79693749067314,265.9691002175947,1.4763899460815055,0.0451635589444068,1564.65371,851.81076,285.19516
2023-03-23 08:00:00,4.041550895255373,271.79693749067314,265.9691002175947,1.4763899460815055,0.0451635589444068,1551.32755,852.19672,283.16651
2023-03-23 09:00:00,4.041550895255373,271.79693749067314,265.9691002175947,1.4763899460815055,0.0451635589444068,1550.56751,862.34595,271.35739
2023-03-23 10:00:00,4.541000816881564,270.39855246501213,264.78959472210573,0.7380281693020244,0.0015936324523781,1559.2762,854.71172,279.08992
2023-03-23 11:00:00,4.541000816881564,270.39855246501213,264.78959472210573,0.7380281693020244,0.0015936324523781,1642.47466,849.12537,286.87
2023-03-23 12:00:00,5.058792930935394,269.08109343556504,263.56328996357587,0.7343282801398068,0.0036155186075688,1730.18336,842.02009,294.87101
2023-03-23 13:00:00,6.947102875756276,271.35345929131995,261.8214002013761,0.0,0.0049239689638985,1807.95078,851.24252,295.13836
2023-03-23 14:00:00,6.947102875756276,271.35345929131995,261.8214002013761,0.0,0.0049239689638985,1890.70114,861.41256,299.58831
2023-03-23 15:00:00,6.947102875756276,271.35345929131995,261.8214002013761,0.0,0.0049239689638985,1937.62598,881.39633,311.58947
2023-03-23 16:00:00,7.467710338666521,274.7388598450271,261.2208382268699,0.0,0.0061782450206881,1959.00012,877.2407,318.76459
2023-03-23 17:00:00,7.467710338666521,274.7388598450271,261.2208382268699,0.0,0.0061782450206881,1994.20207,859.36209,334.66951
2023-03-23 18:00:00,7.684110373098945,275.7937726963799,260.9791697020553,0.0,0.0032764843174398,2042.23515,860.7099,331.90263
2023-03-23 19:00:00,5.715551549687324,273.68747247836427,261.8160573488096,168.03329373920212,0.0122821611866972,2055.22793,852.63249,332.58124
2023-03-23 20:00:00,5.715551549687324,273.68747247836427,261.8160573488096,168.03329373920212,0.0122821611866972,2047.62258,846.14597,331.43829
2023-03-23 21:00:00,5.715551549687324,273.68747247836427,261.8160573488096,168.03329373920212,0.0122821611866972,2032.08298,842.92973,326.47637
2023-03-23 22:00:00,4.0283918178817935,270.4958413334982,261.9074877213641,402.99573719971625,0.005665950232212,2019.79538,848.88546,316.64276
2023-03-23 23:00:00,4.0283918178817935,270.4958413334982,261.9074877213641,402.99573719971625,0.005665950232212,2014.90499,860.88842,319.90449
2023-03-24 00:00:00,3.2672682929495807,268.8713040445769,261.4570443243613,401.72127858233097,0.005812130293388,1891.95317,895.55301,295.7975
2023-03-24 01:00:00,2.750145003284822,268.09026725332683,261.2738127622574,692.9886989456767,0.0184083723065774,1849.4021,899.56764,289.11606
2023-03-24 02:00:00,2.750145003284822,268.09026725332683,261.2738127622574,692.9886989456767,0.0184083723065774,1779.03592,895.95367,278.12532
2023-03-24 03:00:00,2.750145003284822,268.09026725332683,261.2738127622574,692.9886989456767,0.0184083723065774,1735.6789,897.56162,271.97645
2023-03-24 04:00:00,2.64378905283448,267.4114353747739,260.95511415661053,489.1936542472597,0.0078881134680076,1684.89115,879.65849,280.72541
2023-03-24 05:00:00,2.64378905283448,267.4114353747739,260.95511415661053,489.1936542472597,0.0078881134680076,1660.01813,867.44544,282.36527
2023-03-24 06:00:00,3.686208919700504,271.8247393110994,259.3269892679746,490.94576961905824,0.0059778140390211,1671.48063,867.37206,276.1765
2023-03-24 07:00:00,4.016388913003556,277.15718989345163,260.0160778484676,1.5979637805021436,0.0164279673934277,1615.33365,859.74288,279.15671
2023-03-24 08:00:00,4.016388913003556,277.15718989345163,260.0160778484676,1.5979637805021436,0.0164279673934277,1602.78321,859.99437,277.36479
2023-03-24 09:00:00,4.016388913003556,277.15718989345163,260.0160778484676,1.5979637805021436,0.0164279673934277,1601.36348,869.89587,266.0096
2023-03-24 10:00:00,4.259595110059855,279.87426749557187,262.35692807777855,0.798921634904644,0.007882565770209,1610.34336,861.94188,273.77523
2023-03-24 11:00:00,4.259595110059855,279.87426749557187,262.35692807777855,0.798921634904644,0.007882565770209,1693.77401,856.03107,281.65277
2023-03-24 12:00:00,3.1607766036529927,276.80223949070273,265.08277312910013,0.7866122736224317,0.0102852105778787,1781.30263,848.5777,289.74003
2023-03-24 13:00:00,4.079691476053452,273.68329321624776,264.55543287237805,0.0,0.0126284727516297,1857.22754,857.85822,290.13641
2023-03-24 14:00:00,4.079691476053452,273.68329321624776,264.55543287237805,0.0,0.0126284727516297,1938.7037,868.27064,294.63749
2023-03-24 15:00:00,4.079691476053452,273.68329321624776,264.55543287237805,0.0,0.0126284727516297,1983.96526,888.62719,306.59822
2023-03-24 16:00:00,4.952664324810347,273.25347042574447,265.08279350863336,0.0,0.0,2004.67782,884.51872,313.7308
2023-03-24 17:00:00,4.952664324810347,273.25347042574447,265.08279350863336,0.0,0.0,2039.30442,866.33953,329.61683
2023-03-24 18:00:00,5.207135809926863,273.13328862872186,265.6518095076657,0.0,0.0,2089.29141,867.7826,327.04525
2023-03-24 19:00:00,5.24129741790902,273.0764044495402,266.1324825654597,178.08942108728422,0.0,2104.39573,859.81997,327.69456
2023-03-24 20:00:00,5.24129741790902,273.0764044495402,266.1324825654597,178.08942108728422,0.0,2097.17414,853.32439,326.53738
2023-03-24 21:00:00,5.24129741790902,273.0764044495402,266.1324825654597,178.08942108728422,0.0,2081.60272,849.87854,321.61839
2023-03-24 22:00:00,6.801391562450926,278.6320586591355,268.43376033017904,423.563956961167,0.0034525447578075,2069.72437,855.79558,311.92661
2023-03-24 23:00:00,6.801391562450926,278.6320586591355,268.43376033017904,423.563956961167,0.0034525447578075,2062.62671,867.67029,315.27496
2023-03-25 00:00:00,7.581334890463806,283.80852069697653,270.53790308458514,426.5073313091979,0.0013412909508816,1853.09228,907.56902,300.61498
2023-03-25 01:00:00,7.236284617341373,285.6557857981195,272.5423400042709,736.9957387847854,0.0102695869381094,1812.88709,911.15406,293.61061
2023-03-25 02:00:00,7.236284617341373,285.6557857981195,272.5423400042709,736.9957387847854,0.0102695869381094,1744.76516,907.30101,282.32148
2023-03-25 03:00:00,7.236284617341373,285.6557857981195,272.5423400042709,736.9957387847854,0.0102695869381094,1702.80369,908.88661,275.98772
2023-03-25 04:00:00,5.714048952077759,282.0176143370418,273.6119446072021,522.6029137015149,0.000722830951238,1653.20535,890.6084,284.74901
2023-03-25 05:00:00,5.714048952077759,282.0176143370418,273.6119446072021,522.6029137015149,0.000722830951238,1627.99968,878.18843,286.32841
2023-03-25 06:00:00,5.995463863806281,279.0904212635743,273.01400534693533,521.3632104919791,5.164187610260869e-05,1638.15127,877.90331,279.96581
2023-03-25 07:00:00,6.115013662559861,278.1207147657202,272.9114149405758,1.7464262774099746,5.164187610260869e-05,1581.86754,870.00712,282.81108
2023-03-25 08:00:00,6.115013662559861,278.1207147657202,272.9114149405758,1.7464262774099746,5.164187610260869e-05,1569.2375,870.08991,280.87587
2023-03-25 09:00:00,6.115013662559861,278.1207147657202,272.9114149405758,1.7464262774099746,5.164187610260869e-05,1568.28703,879.67349,269.24597
2023-03-25 10:00:00,6.008312025060633,277.48078081635833,273.01172575614885,0.8730544654995402,0.0,1576.88315,871.30284,276.99159
2023-03-25 11:00:00,6.008312025060633,277.48078081635833,273.01172575614885,0.8730544654995402,0.0,1659.17836,864.96849,284.81015
2023-03-25 12:00:00,6.212777853944756,277.7049054525141,274.08273925081073,0.8736234927152197,0.0,1745.77767,857.0596,292.8452
2023-03-25 13:00:00,7.106499137687857,279.1406009255757,275.4714187222912,0.0,0.0,1821.82019,866.40421,293.16347
2023-03-25 14:00:00,7.106499137687857,279.1406009255757,275.4714187222912,0.0,0.0,1903.16161,877.11874,297.63366
2023-03-25 15:00:00,7.106499137687857,279.1406009255757,275.4714187222912,0.0,0.0,1948.92396,897.94405,309.61881
2023-03-25 16:00:00,7.441547996262484,280.7582863951824,277.0252466244796,0.0,0.0,1969.71497,893.8818,316.77713
2023-03-25 17:00:00,7.441547996262484,280.7582863951824,277.0252466244796,0.0,0.0,2004.26787,875.30277,332.67461
2023-03-25 18:00:00,6.926032395834779,282.16107184564635,278.1785802990529,0.0,0.0,2052.45699,876.85591,329.98482
2023-03-25 19:00:00,6.412427040215454,282.2399054951204,279.0652047643,163.06300449353918,0.0,2066.02353,869.03334,330.65188
2023-03-25 20:00:00,6.412427040215454,282.2399054951204,279.0652047643,163.06300449353918,0.0,2058.66131,862.52165,329.50332
2023-03-25 21:00:00,6.412427040215454,282.2399054951204,279.0652047643,163.06300449353918,0.0,2043.22204,858.77644,324.55836
2023-03-25 22:00:00,6.130334184345244,282.19917401765923,280.1196561907991,377.6928703665343,0.0,2031.01678,864.64104,314.78073
2023-03-25 23:00:00,6.130334184345244,282.19917401765923,280.1196561907991,377.6928703665343,0.0,2025.25954,876.3514,318.07664
2023-03-26 00:00:00,6.124430869256113,283.2883909090522,281.4701442500022,378.3011095569205,0.0,1839.88272,841.25664,277.2708
2023-03-26 01:00:00,5.783588601082857,283.83927325295343,282.3091328766807,657.0613606596243,0.0,1796.90269,846.91384,271.83119
2023-03-26 02:00:00,5.783588601082857,283.83927325295343,282.3091328766807,657.0613606596243,0.0,1723.13106,843.94015,261.98801
2023-03-26 03:00:00,5.783588601082857,283.83927325295343,282.3091328766807,657.0613606596243,0.0,1674.1131,845.30737,256.55011
2023-03-26 04:00:00,5.4330050582811,283.70705450086973,282.36267707178223,459.7569692682615,0.0,1614.83445,828.74065,265.25182
2023-03-26 05:00:00,5.4330050582811,283.70705450086973,282.36267707178223,459.7569692682615,0.0,1575.97327,817.0241,267.12412
2023-03-26 06:00:00,5.082588282733529,285.37358098956605,282.83973640518514,464.22455332143534,0.0,1575.23066,817.59029,261.60387
2023-03-26 07:00:00,5.064712455190904,289.202526094502,283.76628792971405,1.6935895749129206,0.0,1505.63804,810.86057,265.10304
2023-03-26 08:00:00,5.064712455190904,289.202526094502,283.76628792971405,1.6935895749129206,0.0,1486.44496,811.76986,263.86201
2023-03-26 09:00:00,5.064712455190904,289.202526094502,283.76628792971405,1.6935895749129206,0.0,1486.0671,823.11449,253.5633
2023-03-26 10:00:00,5.069544392244999,291.73828220759214,284.69370937408087,0.8470450466751431,0.0,1496.80714,817.22144,261.40594
2023-03-26 11:00:00,5.069544392244999,291.73828220759214,284.69370937408087,0.8470450466751431,0.0,1591.00403,813.42884,269.51038
2023-03-26 12:00:00,4.918405366522693,289.7882421835836,285.632682834385,0.8684458624054587,0.0,1690.94807,808.28455,277.7983
2023-03-26 13:00:00,5.828335236547096,288.3773266321517,285.7692555638073,0.0,0.0003727503786476,1783.47001,817.56101,278.49502
2023-03-26 14:00:00,5.828335236547096,288.3773266321517,285.7692555638073,0.0,0.0003727503786476,1878.9044,826.84958,283.1151
2023-03-26 15:00:00,5.828335236547096,288.3773266321517,285.7692555638073,0.0,0.0003727503786476,1934.62055,845.3437,294.98175
2023-03-26 16:00:00,6.236409566219765,288.37346452941244,286.07851172384994,0.0,0.0199894363514321,1960.87702,841.41963,302.0154
2023-03-26 17:00:00,6.236409566219765,288.37346452941244,286.07851172384994,0.0,0.0199894363514321,2001.95366,825.44238,317.85742
2023-03-26 18:00:00,6.737959904942372,288.78781228203115,286.56683640759,0.0,0.0024275564311476,2053.53456,826.71787,315.74037
2023-03-26 19:00:00,6.39710993898498,288.143769435953,286.1067468772592,55.69125146524856,0.1625629338813865,2065.71434,818.321,316.32139
2023-03-26 20:00:00,6.39710993898498,288.143769435953,286.1067468772592,55.69125146524856,0.1625629338813865,2056.36754,812.02087,315.13117
2023-03-26 21:00:00,6.39710993898498,288.143769435953,286.1067468772592,55.69125146524856,0.1625629338813865,2039.59174,810.06254,310.31207
2023-03-26 22:00:00,6.276070614772799,289.14150184302184,285.97175975437483,110.5760015674071,0.7992366378849529,2027.4763,816.29393,300.95043
2023-03-26 23:00:00,6.276070614772799,289.14150184302184,285.97175975437483,110.5760015674071,0.7992366378849529,2026.50006,828.90535,304.50042
2023-03-27 00:00:00,5.6124650335565365,291.76005347215914,285.3599515851004,103.25093892008977,0.8701485041998493,1823.28713,788.27315,280.73766
2023-03-27 01:00:00,4.911076609023918,289.357764334146,284.9143580162736,134.40993665372145,2.1249179422525986,1779.35951,795.60809,275.06567
2023-03-27 02:00:00,4.911076609023918,289.357764334146,284.9143580162736,134.40993665372145,2.1249179422525986,1703.04638,793.36946,265.00775
2023-03-27 03:00:00,4.911076609023918,289.357764334146,284.9143580162736,134.40993665372145,2.1249179422525986,1650.51444,794.58721,259.4368
2023-03-27 04:00:00,5.107919931542773,286.7781148112214,283.73236615676217,100.28157791185988,2.2965163591048854,1586.23944,779.4144,268.14736
2023-03-27 05:00:00,5.107919931542773,286.7781148112214,283.73236615676217,100.28157791185988,2.2965163591048854,1539.84561,768.29203,269.97616
2023-03-27 06:00:00,5.167319600841675,285.2123399630684,283.3153950282849,103.46203608776464,2.247911731683036,1532.84066,769.56182,264.33079
2023-03-27 07:00:00,4.4818286621179295,283.8552953896765,282.49797858224696,1.101030005185609,5.627800268753581,1455.95132,763.78672,267.73287
2023-03-27 08:00:00,4.4818286621179295,283.8552953896765,282.49797858224696,1.101030005185609,5.627800268753581,1433.15716,765.36409,266.38878
2023-03-27 09:00:00,4.4818286621179295,283.8552953896765,282.49797858224696,1.101030005185609,5.627800268753581,1433.20509,778.11522,255.89236
2023-03-27 10:00:00,3.705137387612838,282.782148806692,281.639674477885,0.5503410526964081,3.130468571292797,1445.02271,774.18867,263.72055
2023-03-27 11:00:00,3.705137387612838,282.782148806692,281.639674477885,0.5503410526964081,3.130468571292797,1545.44076,772.41191,271.78256
2023-03-27 12:00:00,4.041750593895851,284.5341911117922,281.6780487880443,0.5570776994633324,3.326820141013897,1652.44359,769.45798,280.03295
2023-03-27 13:00:00,4.348218318829844,287.68529230474246,282.2592259795321,0.0,5.276254879878605,1753.98787,778.65906,280.67342
2023-03-27 14:00:00,4.348218318829844,287.68529230474246,282.2592259795321,0.0,5.276254879878605,1857.08101,786.79056,285.27125
2023-03-27 15:00:00,4.348218318829844,287.68529230474246,282.2592259795321,0.0,5.276254879878605,1918.35071,803.40327,297.15552
2023-03-27 16:00:00,4.684868043486274,288.7981931557052,281.7234783335998,0.0,0.519181583265601,1947.60873,799.56075,304.20767
2023-03-27 17:00:00,4.684868043486274,288.7981931557052,281.7234783335998,0.0,0.519181583265601,1992.22815,785.6332,320.05794
2023-03-27 18:00:00,4.70573765182431,285.68557019820014,281.6551070988833,0.0,0.5879992741615487,2045.22604,786.6625,317.85584
2023-03-27 19:00:00,4.279925653593023,283.0740648090008,280.8980791493143,179.99420199050903,0.6599479471214323,2056.27758,777.79217,318.4496
2023-03-27 20:00:00,4.279925653593023,283.0740648090008,280.8980791493143,179.99420199050903,0.6599479471214323,2045.81363,771.65204,317.26559
2023-03-27 21:00:00,4.279925653593023,283.0740648090008,280.8980791493143,179.99420199050903,0.6599479471214323,2028.3404,771.11149,312.4278
2023-03-27 22:00:00,3.731526827165525,281.6682716824131,280.0500785768631,432.5414433260486,0.0103192011010043,2016.19488,777.63035,303.00439
2023-03-27 23:00:00,3.731526827165525,281.6682716824131,280.0500785768631,432.5414433260486,0.0103192011010043,2018.15167,790.96213,306.51663
2023-03-28 00:00:00,4.530977569021781,280.5104465180121,279.02166511787044,433.6623028889418,0.0145661595682338,1984.74458,829.58672,275.00681
2023-03-28 01:00:00,5.036639504057446,279.66766430418966,277.63224163721907,738.7535866198695,0.0268984339573836,1933.88845,835.58067,269.71898
2023-03-28 02:00:00,5.036639504057446,279.66766430418966,277.63224163721907,738.7535866198695,0.0268984339573836,1853.31194,832.72052,260.01603
2023-03-28 03:00:00,5.036639504057446,279.66766430418966,277.63224163721907,738.7535866198695,0.0268984339573836,1800.9238,834.01718,254.66501
2023-03-28 04:00:00,5.226198586717304,285.5963290817772,275.61070826325056,523.9408439848673,0.0236339506861895,1739.6646,817.71818,263.36093
2023-03-28 05:00:00,5.226198586717304,285.5963290817772,275.61070826325056,523.9408439848673,0.0236339506861895,1705.33914,806.08431,265.26165
2023-03-28 06:00:00,4.763618937070731,286.20797495976933,276.7413971958283,523.6404222294996,0.0252386084427809,1712.02511,806.77062,259.82307
2023-03-28 07:00:00,2.744094806734858,285.69321119345443,277.1372046483092,2.3026539194550883,0.0450838191419511,1646.16931,800.21742,263.38567
2023-03-28 08:00:00,2.744094806734858,285.69321119345443,277.1372046483092,2.3026539194550883,0.0450838191419511,1628.86321,801.26242,262.21199
2023-03-28 09:00:00,2.744094806734858,285.69321119345443,277.1372046483092,2.3026539194550883,0.0450838191419511,1626.63551,812.91751,252.04236
2023-03-28 10:00:00,2.881172835550334,282.4843799698597,275.8571008710194,1.151376815747562,0.0124244491417811,1638.25246,807.47722,259.89438
2023-03-28 11:00:00,2.881172835550334,282.4843799698597,275.8571008710194,1.151376815747562,0.0124244491417811,1733.6926,804.15102,268.02656
2023-03-28 12:00:00,3.087008559465265,280.1879760236176,275.2314835023848,1.1528037896547056,0.0141391509051011,1833.77699,799.51676,276.33902
2023-03-28 13:00:00,3.229738215539577,279.16420430202567,275.22007187435406,0.0,0.0308617026437863,1921.86038,808.80798,277.07242
2023-03-28 14:00:00,3.229738215539577,279.16420430202567,275.22007187435406,0.0,0.0308617026437863,2014.35699,817.86824,281.70705
2023-03-28 15:00:00,3.229738215539577,279.16420430202567,275.22007187435406,0.0,0.0308617026437863,2065.82575,835.97604,293.56222
2023-03-28 16:00:00,3.409920406622124,278.5346847363858,275.14471718199337,0.0,0.0069356881559723,2090.46687,832.11312,300.58375
2023-03-28 17:00:00,3.409920406622124,278.5346847363858,275.14471718199337,0.0,0.0069356881559723,2130.22483,816.63079,316.42043
2023-03-28 18:00:00,3.122177760305552,281.93912323756274,277.2860978152962,0.0,0.0071535541382781,2187.53331,817.88823,314.3589
2023-03-28 19:00:00,3.1417105892794,285.91624917393153,277.6243026616499,192.987908731529,0.0074401414959246,2205.65601,809.40886,314.93156
2023-03-28 20:00:00,3.1417105892794,285.91624917393153,277.6243026616499,192.987908731529,0.0074401414959246,2197.30459,803.15754,313.73735
2023-03-28 21:00:00,3.1417105892794,285.91624917393153,277.6243026616499,192.987908731529,0.0074401414959246,2180.37275,801.52625,308.93041
2023-03-28 22:00:00,2.748641907957544,287.47888047262427,277.08824805799645,443.2411667167377,0.0,2169.42672,807.82949,299.60913
2023-03-28 23:00:00,2.748641907957544,287.47888047262427,277.08824805799645,443.2411667167377,0.0,2162.40133,820.59891,303.18374
2023-03-29 00:00:00,2.553613342386061,284.6201557703968,278.2634990382344,444.7012527413665,0.0,1925.94238,852.27293,290.27005
2023-03-29 01:00:00,3.164397344064972,281.60143790976065,277.3870104186633,742.9145465431986,0.000424756818782,1879.68904,857.49207,283.95913
2023-03-29 02:00:00,3.164397344064972,281.60143790976065,277.3870104186633,742.9145465431986,0.000424756818782,1804.3985,854.23403,273.31076
2023-03-29 03:00:00,3.164397344064972,281.60143790976065,277.3870104186633,742.9145465431986,0.000424756818782,1756.3421,855.5301,267.37401
2023-03-29 04:00:00,3.072540677688499,280.25398815015114,277.1489317394133,527.7714521898388,4.657101207896933e-05,1699.85569,838.56654,276.10887
2023-03-29 05:00:00,3.072540677688499,280.25398815015114,277.1489317394133,527.7714521898388,4.657101207896933e-05,1669.01874,826.59557,277.81806
2023-03-29 06:00:00,2.878612051612192,277.1138264148974,274.7297005130275,526.4778983895641,9.332430617382436e-05,1676.80142,826.92061,271.82875
2023-03-29 07:00:00,2.808756014398031,276.3727339187393,274.362951914556,2.6914939960825173,0.0024338711215705,1614.64833,819.90072,274.96381
2023-03-29 08:00:00,2.808756014398031,276.3727339187393,274.362951914556,2.6914939960825173,0.0024338711215705,1599.14845,820.63989,273.33626
2023-03-29 09:00:00,2.808756014398031,276.3727339187393,274.362951914556,2.6914939960825173,0.0024338711215705,1597.50906,831.69399,262.29623
2023-03-29 10:00:00,3.466102465565456,280.2038058265111,274.9867319269413,1.3460214485430984,0.0,1607.87498,825.44538,270.08483
2023-03-29 11:00:00,3.466102465565456,280.2038058265111,274.9867319269413,1.3460214485430984,0.0,1697.97461,821.29463,278.03008
2023-03-29 12:00:00,2.755939773351993,283.8214565691335,274.5365977839021,1.3425218911294916,0.0,1792.62579,815.76978,286.17722
2023-03-29 13:00:00,3.053723914429288,285.2809031348105,274.64354780357326,0.0,0.0,1876.04118,825.14732,286.66318
2023-03-29 14:00:00,3.053723914429288,285.2809031348105,274.64354780357326,0.0,0.0,1964.16588,834.74854,291.19977
2023-03-29 15:00:00,3.053723914429288,285.2809031348105,274.64354780357326,0.0,0.0,2013.50829,853.71024,303.13246
2023-03-29 16:00:00,2.79057949634735,282.83800300463434,275.8472438505352,0.0,0.0,2036.66476,849.88671,310.23552
2023-03-29 17:00:00,2.79057949634735,282.83800300463434,275.8472438505352,0.0,0.0,2074.38071,833.60135,326.10843
2023-03-29 18:00:00,2.72439506160058,279.2825465231807,274.19450159222947,0.0,0.0,2127.78884,835.02654,323.67243
2023-03-29 19:00:00,2.556165668866123,278.08095153750054,274.11436403412125,213.5622471777588,0.0,2143.83945,826.78737,324.30134
2023-03-29 20:00:00,2.556165668866123,278.08095153750054,274.11436403412125,213.5622471777588,0.0,2135.84603,820.49078,323.13436
2023-03-29 21:00:00,2.556165668866123,278.08095153750054,274.11436403412125,213.5622471777588,0.0,2119.52121,818.27784,318.24515
2023-03-29 22:00:00,2.376037702947305,276.99534629366485,273.77766260096445,478.3736198809255,0.0,2108.02128,824.47265,308.65187
2023-03-29 23:00:00,2.376037702947305,276.99534629366485,273.77766260096445,478.3736198809255,0.0,2101.7493,836.9326,312.06038
2023-03-30 00:00:00,2.557672016306632,274.8504251756433,272.0787889729657,478.47282550533873,0.0,1938.80835,869.64174,321.29392
2023-03-30 01:00:00,3.7846012552847945,280.3340313047602,272.5724184561244,812.8436518996479,0.0,1892.35708,874.2566,312.90346
2023-03-30 02:00:00,3.7846012552847945,280.3340313047602,272.5724184561244,812.8436518996479,0.0,1817.3622,870.67756,300.33348
2023-03-30 03:00:00,3.7846012552847945,280.3340313047602,272.5724184561244,812.8436518996479,0.0,1770.06353,871.96046,293.20613
2023-03-30 04:00:00,4.14022331138303,284.8239890989138,272.38482176009563,583.362892678207,0.0,1714.81692,854.47475,302.02021
2023-03-30 05:00:00,4.14022331138303,284.8239890989138,272.38482176009563,583.362892678207,0.0,1686.28367,842.2293,303.34011
2023-03-30 06:00:00,4.010194360011951,285.21314275216434,271.8383308673761,583.9092426205139,0.0,1696.19286,842.26605,296.23137
2023-03-30 07:00:00,2.931938464884588,282.56702015294513,273.9215573293692,2.9522093808843213,0.0,1636.23334,834.87743,298.49738
2023-03-30 08:00:00,2.931938464884588,282.56702015294513,273.9215573293692,2.9522093808843213,0.0,1621.81838,835.37858,295.94728
2023-03-30 09:00:00,2.931938464884588,282.56702015294513,273.9215573293692,2.9522093808843213,0.0,1619.95688,845.97275,283.13815
2023-03-30 10:00:00,2.981831563149824,278.95638246216856,272.8549224782322,1.4759751509217924,0.0,1630.08141,839.11196,290.79781
2023-03-30 11:00:00,2.981831563149824,278.95638246216856,272.8549224782322,1.4759751509217924,0.0,1718.56655,834.33752,298.36314
2023-03-30 12:00:00,4.167830042790401,278.4336731378204,272.8760850717,1.4560836585596015,0.0,1811.31276,828.14024,306.17418
2023-03-30 13:00:00,4.592956909017186,278.0323286586976,273.3517783285925,0.0,0.0,1892.0263,837.5944,306.15725
2023-03-30 14:00:00,4.592956909017186,278.0323286586976,273.3517783285925,0.0,0.0,1977.90531,847.61879,310.49459
2023-03-30 15:00:00,4.592956909017186,278.0323286586976,273.3517783285925,0.0,0.0,2025.4972,867.24376,322.58478
2023-03-30 16:00:00,4.7404654952160765,277.79066365185173,273.71190319421964,0.0,0.0,2047.74681,863.46492,329.85353
2023-03-30 17:00:00,4.7404654952160765,277.79066365185173,273.71190319421964,0.0,0.0,2084.42607,846.57956,345.80011
2023-03-30 18:00:00,6.974350433199291,281.66690339723687,274.70453889294487,0.0,0.0,2137.78123,848.14535,342.60299
2023-03-30 19:00:00,7.2219029617943375,285.7276609553205,276.1453423702719,196.3117276420747,0.0,2154.48075,840.09751,343.34627
2023-03-30 20:00:00,7.2219029617943375,285.7276609553205,276.1453423702719,196.3117276420747,0.0,2146.84777,833.77081,342.23459
2023-03-30 21:00:00,7.2219029617943375,285.7276609553205,276.1453423702719,196.3117276420747,0.0,2130.70287,831.11758,337.17816
2023-03-30 22:00:00,6.42161711939821,287.48461524352825,278.3678713734947,434.0496677779787,0.0,2119.2788,837.23225,327.032
2023-03-30 23:00:00,6.42161711939821,287.48461524352825,278.3678713734947,434.0496677779787,0.0,2111.86217,849.45494,330.1029
2023-03-31 00:00:00,3.6317553462370378,285.6069498779426,278.57214444283306,435.3519077748081,0.0,2007.7119,887.1218,316.53172
2023-03-31 01:00:00,4.004468977432406,282.4305111030702,277.7058963099115,702.2033704214939,0.0,1957.42637,891.12849,308.46048
2023-03-31 02:00:00,4.004468977432406,282.4305111030702,277.7058963099115,702.2033704214939,0.0,1879.03697,887.2264,296.18545
2023-03-31 03:00:00,4.004468977432406,282.4305111030702,277.7058963099115,702.2033704214939,0.0,1829.95021,888.49601,289.24089
2023-03-31 04:00:00,4.094603554499223,281.61130051716145,277.75845065802804,477.78090545937033,0.0,1773.51361,870.48493,298.04277
2023-03-31 05:00:00,4.094603554499223,281.61130051716145,277.75845065802804,477.78090545937033,0.0,1746.80457,857.96324,299.42245
2023-03-31 06:00:00,4.589150046109991,281.7268583450119,278.54497351413085,468.7619810095189,0.0,1759.99024,857.70981,292.48553
2023-03-31 07:00:00,4.951234650522375,282.0947196452244,279.3489442995952,1.8242642643124856,0.0109654823978766,1701.48198,849.95004,294.88494
2023-03-31 08:00:00,4.951234650522375,282.0947196452244,279.3489442995952,1.8242642643124856,0.0109654823978766,1687.80373,850.21164,292.47644
2023-03-31 09:00:00,4.951234650522375,282.0947196452244,279.3489442995952,1.8242642643124856,0.0109654823978766,1685.07237,860.34299,279.9389
2023-03-31 10:00:00,5.92900160753101,284.63363084777995,281.09802742143404,0.9122721698088756,0.0214558039289978,1695.67005,852.86605,287.61835
2023-03-31 11:00:00,5.92900160753101,284.63363084777995,281.09802742143404,0.9122721698088756,0.0214558039289978,1785.0488,847.46391,295.24201
2023-03-31 12:00:00,7.169753423969646,287.9156259835949,283.3019931684173,0.8711858959648314,0.0330682081378446,1878.19762,840.58984,303.1046
2023-03-31 13:00:00,7.147279899582301,289.155892299189,285.17456703912285,0.0,0.0566442623753533,1957.2044,850.1212,303.16489
2023-03-31 14:00:00,7.147279899582301,289.155892299189,285.17456703912285,0.0,0.0566442623753533,2042.03391,860.57149,307.53283
2023-03-31 15:00:00,7.147279899582301,289.155892299189,285.17456703912285,0.0,0.0566442623753533,2087.84606,880.86395,319.59881
2023-03-31 16:00:00,7.328053400637095,288.4728382848273,286.14441558362387,0.0,0.0877816122177214,2109.46102,877.13021,326.84214
2023-03-31 17:00:00,7.328053400637095,288.4728382848273,286.14441558362387,0.0,0.0877816122177214,2145.67432,859.64092,342.77742
2023-03-31 18:00:00,7.920018666005864,289.43692089949514,287.2875289455768,0.0,0.0588287320739787,2201.85226,861.34824,339.69714
2023-03-31 19:00:00,8.37420572382694,289.9286467825947,288.0883087537486,65.07956956229171,0.4031183415712162,2221.35712,853.49291,340.42286
2023-03-31 20:00:00,8.37420572382694,289.9286467825947,288.0883087537486,65.07956956229171,0.4031183415712162,2214.15007,847.13599,339.30267
2023-03-31 21:00:00,8.37420572382694,289.9286467825947,288.0883087537486,65.07956956229171,0.4031183415712162,2197.89693,844.03964,334.27191
2023-03-31 22:00:00,8.506122210104845,290.27824271081533,288.49900651980863,122.6080921545211,1.0609965208164749,2187.03396,850.07358,324.21063
2023-03-31 23:00:00,8.506122210104845,290.27824271081533,288.49900651980863,122.6080921545211,1.0609965208164749,2176.84652,862.0576,327.33334
2023-04-01 00:00:00,7.642967036510463,290.6475263668171,288.91204722123547,142.09996855078887,0.7563936344724163,1856.11427,880.39055,338.29919
2023-04-01 01:00:00,8.063827118249092,292.0294699451598,288.90742639157406,184.84389452146016,1.9241746818738028,1814.97041,884.57476,328.76888
2023-04-01 02:00:00,8.063827118249092,292.0294699451598,288.90742639157406,184.84389452146016,1.9241746818738028,1745.31633,880.7136,315.14558
2023-04-01 03:00:00,8.063827118249092,292.0294699451598,288.90742639157406,184.84389452146016,1.9241746818738028,1701.65184,881.92347,307.36566
2023-04-01 04:00:00,8.810538187593407,294.349738997753,287.15322861166794,135.30001485510633,1.1144883454304393,1649.82595,864.0468,316.22308
2023-04-01 05:00:00,8.810538187593407,294.349738997753,287.15322861166794,135.30001485510633,1.1144883454304393,1621.77894,851.54834,317.32965
2023-04-01 06:00:00,10.201361925650478,293.92395848148385,284.9148565580364,139.16960733942005,1.2356616834225236,1629.8203,851.34648,309.6073
2023-04-01 07:00:00,10.35087898009354,290.0566987029672,282.0002317338286,1.5664958679472187,1.789878432926216,1570.73942,843.67143,311.39695
2023-04-01 08:00:00,10.35087898009354,290.0566987029672,282.0002317338286,1.5664958679472187,1.789878432926216,1556.73168,844.00548,308.34117
2023-04-01 09:00:00,10.35087898009354,290.0566987029672,282.0002317338286,1.5664958679472187,1.789878432926216,1555.83217,854.31623,294.56234
2023-04-01 10:00:00,9.786431535222889,286.0871396086404,278.2160055478158,0.7833082801860162,0.2749583920249375,1564.93973,847.11041,302.15135
2023-04-01 11:00:00,9.786431535222889,286.0871396086404,278.2160055478158,0.7833082801860162,0.2749583920249375,1649.92484,841.9887,309.50841
2023-04-01 12:00:00,9.77788510551573,286.6535598131095,277.69694248390755,0.76874763419935,0.3348170874802053,1739.48842,835.42285,317.13519
2023-04-01 13:00:00,9.571015794808218,284.3396746562787,276.2601961567003,0.0,0.7431705419317584,1819.00246,844.97867,316.84263
2023-04-01 14:00:00,9.571015794808218,284.3396746562787,276.2601961567003,0.0,0.7431705419317584,1903.34773,855.31065,321.07078
2023-04-01 15:00:00,9.571015794808218,284.3396746562787,276.2601961567003,0.0,0.7431705419317584,1951.14244,875.39461,333.24727
2023-04-01 16:00:00,9.109768630191388,282.2520276476762,275.3173882351929,0.0,0.4345403480792532,1973.07897,871.71802,340.60686
2023-04-01 17:00:00,9.109768630191388,282.2520276476762,275.3173882351929,0.0,0.4345403480792532,2009.02382,854.53626,356.59379
2023-04-01 18:00:00,9.386395403274784,282.5344255309953,275.0770747266717,0.0,0.3333660821150238,2058.2004,856.25163,352.97951
2023-04-01 19:00:00,9.636428556229411,284.97187758219496,275.2082205992182,55.7893317431916,0.6717250832059031,2071.70361,848.35979,353.78543
2023-04-01 20:00:00,9.636428556229411,284.97187758219496,275.2082205992182,55.7893317431916,0.6717250832059031,2063.94237,842.03785,352.70409
2023-04-01 21:00:00,9.636428556229411,284.97187758219496,275.2082205992182,55.7893317431916,0.6717250832059031,2048.20024,839.1376,347.55599
2023-04-01 22:00:00,8.592778889156481,285.9122640424882,275.2782458889275,151.1705304039495,0.2871035876673414,2036.06292,845.21734,337.10682
2023-04-01 23:00:00,8.592778889156481,285.9122640424882,275.2782458889275,151.1705304039495,0.2871035876673414,2031.11725,857.29215,339.99266
2023-04-02 00:00:00,5.693816310546031,282.92459597188207,274.3905609610805,153.00635469953187,0.2607729907464611,1802.41464,815.27628,298.49078
2023-04-02 01:00:00,4.099884122840487,279.14228525277275,272.6508786567622,329.4402127279842,0.499036931247537,1760.74221,821.49255,291.62881
2023-04-02 02:00:00,4.099884122840487,279.14228525277275,272.6508786567622,329.4402127279842,0.499036931247537,1687.42084,818.49087,280.47126
2023-04-02 03:00:00,4.099884122840487,279.14228525277275,272.6508786567622,329.4402127279842,0.499036931247537,1637.73642,819.48312,274.21903
2023-04-02 04:00:00,3.391502555307373,277.1973979582689,271.9588100884082,241.59979186214608,0.1390060870089356,1576.91007,803.28384,282.97489
2023-04-02 05:00:00,3.391502555307373,277.1973979582689,271.9588100884082,241.59979186214608,0.1390060870089356,1534.10997,791.47198,284.58094
2023-04-02 06:00:00,2.880938347270066,276.53986240899656,271.4752065966399,247.7791384070892,0.1259511937018999,1529.3117,792.10326,278.29499
2023-04-02 07:00:00,2.8982073828375787,275.90527092513315,271.39437795403,2.2837773133617034,0.2433952804685346,1456.04358,785.57082,281.19977
2023-04-02 08:00:00,2.8982073828375787,275.90527092513315,271.39437795403,2.2837773133617034,0.2433952804685346,1435.02758,786.71548,279.32773
2023-04-02 09:00:00,2.8982073828375787,275.90527092513315,271.39437795403,2.2837773133617034,0.2433952804685346,1435.21241,798.75548,267.81895
2023-04-02 10:00:00,4.297537088544326,282.2092301867824,273.27078766279203,1.141859310259934,0.2347087121735707,1446.19039,793.98415,275.57337
2023-04-02 11:00:00,4.297537088544326,282.2092301867824,273.27078766279203,1.141859310259934,0.2347087121735707,1542.57539,791.36015,283.41796
2023-04-02 12:00:00,6.445330907390881,290.5908948861171,276.8603957987282,1.107185558394162,0.2844962140130614,1645.27354,787.5111,291.47603
2023-04-02 13:00:00,6.743105881264212,292.88865990567456,278.6381684411719,0.0,0.6335572894792223,1742.3011,797.00265,291.82874
2023-04-02 14:00:00,6.743105881264212,292.88865990567456,278.6381684411719,0.0,0.6335572894792223,1841.3832,805.93666,296.31254
2023-04-02 15:00:00,6.743105881264212,292.88865990567456,278.6381684411719,0.0,0.6335572894792223,1900.1962,823.73389,308.28694
2023-04-02 16:00:00,5.912072876421586,289.36871888111307,280.1963020681543,1.2769340841003874e-05,0.2769728550154589,1927.98122,820.1966,315.43393
2023-04-02 17:00:00,5.912072876421586,289.36871888111307,280.1963020681543,1.2769340841003874e-05,0.2769728550154589,1970.73669,805.57316,331.32634
2023-04-02 18:00:00,5.652756493884967,286.11671844832085,280.73782319343195,0.0,0.2212276888804384,2021.65372,807.01882,328.68868
2023-04-02 19:00:00,6.060152609685035,285.42659194607654,281.395181407852,74.12216117340989,0.4703712603981116,2032.11997,798.56491,329.3479
2023-04-02 20:00:00,6.060152609685035,285.42659194607654,281.395181407852,74.12216117340989,0.4703712603981116,2022.1201,792.45183,328.19556
2023-04-02 21:00:00,6.060152609685035,285.42659194607654,281.395181407852,74.12216117340989,0.4703712603981116,2005.10261,791.3074,323.26203
2023-04-02 22:00:00,5.672399221642425,284.9351044385502,282.0595714461581,172.43778380068733,0.1933139764143756,1992.72577,797.74806,313.52225
2023-04-02 23:00:00,5.672399221642425,284.9351044385502,282.0595714461581,172.43778380068733,0.1933139764143756,1994.19746,810.70758,316.84132
2023-04-03 00:00:00,6.247332428257554,286.70875180916323,284.2610869248125,183.65438014747343,0.1465546362789329,1932.13548,784.73645,286.34513
2023-04-03 01:00:00,7.059503578005075,289.61305185364665,284.9514546548104,356.95865309117994,0.2538607196195047,1880.93532,791.90075,280.29727
2023-04-03 02:00:00,7.059503578005075,289.61305185364665,284.9514546548104,356.95865309117994,0.2538607196195047,1797.07802,789.29474,269.89205
2023-04-03 03:00:00,7.059503578005075,289.61305185364665,284.9514546548104,356.95865309117994,0.2538607196195047,1739.1582,790.17915,264.10589
2023-04-03 04:00:00,6.757302804983237,292.6239121097309,284.5635534632428,256.2535560059112,0.3312058664900168,1669.57134,774.76044,272.83078
2023-04-03 05:00:00,6.757302804983237,292.6239121097309,284.5635534632428,256.2535560059112,0.3312058664900168,1621.45089,763.26328,274.58921
2023-04-03 06:00:00,6.357011120980994,293.8185562351248,284.7676167650285,260.3081673077139,0.5432672412611262,1616.06604,764.27987,268.74152
2023-04-03 07:00:00,5.031483868535707,291.4440434529401,284.92987591024666,2.116795869792908,2.403214636563382,1536.95606,758.27816,271.98651
2023-04-03 08:00:00,5.031483868535707,291.4440434529401,284.92987591024666,2.116795869792908,2.403214636563382,1513.10174,759.80126,270.47564
2023-04-03 09:00:00,5.031483868535707,291.4440434529401,284.92987591024666,2.116795869792908,2.403214636563382,1511.91621,772.6524,259.65947
2023-04-03 10:00:00,3.535435573746444,277.94693162033343,273.6198262616714,1.0581938027513291,2.783616539728864,1525.25518,769.02586,267.46436
2023-04-03 11:00:00,3.535435573746444,277.94693162033343,273.6198262616714,1.0581938027513291,2.783616539728864,1631.26608,767.57685,275.45769
2023-04-03 12:00:00,2.934248105968244,289.51553545832496,280.5096672801194,273.0369553717864,0.46748662122606,1743.55415,765.00635,283.64733
2023-04-03 13:00:00,3.412745181084534,285.76048419724657,278.788928643444,2.0282500418093736,1.9777371306814413,1847.99634,774.47256,284.19693
2023-04-03 14:00:00,3.412745181084534,285.76048419724657,278.788928643444,2.0282500418093736,1.9777371306814413,1954.24288,782.75495,288.75873
2023-04-03 15:00:00,3.412745181084534,285.76048419724657,278.788928643444,2.0282500418093736,1.9777371306814413,2016.0305,799.48395,300.67149
2023-04-03 16:00:00,4.190427336835679,284.196513524052,278.31720719473253,1.0141358115460974,2.5123808428825853,2046.13693,796.01869,307.75358
2023-04-03 17:00:00,4.190427336835679,284.196513524052,278.31720719473253,1.0141358115460974,2.5123808428825853,2092.24848,782.60189,323.61715
2023-04-03 18:00:00,4.190427336835679,284.196513524052,278.31720719473253,1.0141358115460974,2.5123808428825853,2151.06766,783.92665,321.27747
2023-04-03 19:00:00,3.6395408263551015,275.25238523874657,272.23220965918523,0.0,4.751613274000409,2166.25719,775.21244,321.89195
2023-04-03 20:00:00,3.6395408263551015,275.25238523874657,272.23220965918523,0.0,4.751613274000409,2155.80677,769.19937,320.71792
2023-04-03 21:00:00,3.6395408263551015,275.25238523874657,272.23220965918523,0.0,4.751613274000409,2137.69242,768.8808,315.84988
2023-04-03 22:00:00,4.477254750253467,278.3123109370018,271.9535431186318,0.0004504611267749,2.0590750280605308,2126.50183,775.49203,306.32653
2023-04-03 23:00:00,4.477254750253467,278.3123109370018,271.9535431186318,0.0004504611267749,2.0590750280605308,2125.55337,788.86638,309.77776
2023-04-04 00:00:00,4.675146144015539,282.1882881742758,272.1765246428008,0.0003201430337812,2.1281589458428027,1851.33601,822.9739,311.55614
2023-04-04 01:00:00,4.267631512898905,283.72748141334546,271.6995814348687,88.55334296622044,3.9395430457184735,1807.48526,828.89594,303.81841
2023-04-04 02:00:00,4.267631512898905,283.72748141334546,271.6995814348687,88.55334296622044,3.9395430457184735,1732.73033,825.7131,291.85158
2023-04-04 03:00:00,4.267631512898905,283.72748141334546,271.6995814348687,88.55334296622044,3.9395430457184735,1682.92284,826.66936,285.09795
2023-04-04 04:00:00,2.7939478156897635,281.45066769921004,273.1440278200393,211.742237631887,2.1796009422768075,1622.78713,810.20695,293.88716
2023-04-04 05:00:00,2.7939478156897635,281.45066769921004,273.1440278200393,211.742237631887,2.1796009422768075,1583.34413,798.23481,295.32927
2023-04-04 06:00:00,2.8230873447937737,276.5826436458996,272.0282297605902,227.61423492556497,2.725253393314512,1582.46333,798.71014,288.57189
2023-04-04 07:00:00,2.9196594234604354,275.7634030379536,271.98897209828937,383.1994066363309,6.155722122550062,1512.24498,791.98719,291.11066
2023-04-04 08:00:00,2.9196594234604354,275.7634030379536,271.98897209828937,383.1994066363309,6.155722122550062,1492.74731,793.01713,288.8501
2023-04-04 09:00:00,2.9196594234604354,275.7634030379536,271.98897209828937,383.1994066363309,6.155722122550062,1492.25171,804.85392,276.59631
2023-04-04 10:00:00,3.0702148695792952,274.9409579553592,271.63614656043103,261.7877708686649,3.4497378088796022,1503.21933,799.82699,284.29643
2023-04-04 11:00:00,3.0702148695792952,274.9409579553592,271.63614656043103,261.7877708686649,3.4497378088796022,1598.36769,796.94462,291.98101
2023-04-04 12:00:00,3.872588555345758,279.92518057166785,272.26268674169444,265.10048314052176,3.226233980314245,1699.27156,792.8198,299.89754
2023-04-04 13:00:00,3.6538770084306593,284.7097692198194,273.0285988165165,1.80627774655936,7.340264123823692,1792.58434,802.3705,300.03848
2023-04-04 14:00:00,3.6538770084306593,284.7097692198194,273.0285988165165,1.80627774655936,7.340264123823692,1888.76824,811.51337,304.43836
2023-04-04 15:00:00,3.6538770084306593,284.7097692198194,273.0285988165165,1.80627774655936,7.340264123823692,1944.82799,829.62712,316.47907
2023-04-04 16:00:00,3.2331001048914416,286.7565127364537,273.7084061328418,0.903296451797005,4.111363569924875,1971.33435,826.14439,323.69583
2023-04-04 17:00:00,3.2331001048914416,286.7565127364537,273.7084061328418,0.903296451797005,4.111363569924875,2012.7615,811.28993,339.61928
2023-04-04 18:00:00,2.961688076400982,284.14410295950154,275.6721801123348,0.8643889500575751,4.541768120138346,2065.0735,812.82714,336.66106
2023-04-04 19:00:00,3.65336452003095,280.4391054048175,274.6573801469854,0.0,6.030801330083761,2077.66309,804.47554,337.36846
2023-04-04 20:00:00,3.65336452003095,280.4391054048175,274.6573801469854,0.0,6.030801330083761,2068.26044,798.35993,336.23939
2023-04-04 21:00:00,3.65336452003095,280.4391054048175,274.6573801469854,0.0,6.030801330083761,2051.37639,797.03235,331.23547
2023-04-04 22:00:00,3.956266379697827,279.4203940099392,274.87137770525726,0.001549053307547,1.1151154258576723,2039.36733,803.44431,321.26285
2023-04-04 23:00:00,3.956266379697827,279.4203940099392,274.87137770525726,0.001549053307547,1.1151154258576723,2038.21317,816.29816,324.43971
2023-04-05 00:00:00,4.113852135915717,278.879026782578,275.06868729298645,0.0015232915014389,0.9443259807220684,1797.04275,828.60394,297.58138
2023-04-05 01:00:00,4.370081604179131,278.858213286414,275.6205086773083,159.82984128427807,1.2999962939834055,1757.75161,834.30377,290.78036
2023-04-05 02:00:00,4.370081604179131,278.858213286414,275.6205086773083,159.82984128427807,1.2999962939834055,1688.43306,830.97816,279.67914
2023-04-05 03:00:00,4.370081604179131,278.858213286414,275.6205086773083,159.82984128427807,1.2999962939834055,1643.27831,831.90003,273.4618
2023-04-05 04:00:00,6.248109241596948,284.3164599739514,278.4850462687958,400.6635710490156,0.0930983805898168,1588.42352,815.23694,282.21534
2023-04-05 05:00:00,6.248109241596948,284.3164599739514,278.4850462687958,400.6635710490156,0.0930983805898168,1553.3756,803.1372,283.8328
2023-04-05 06:00:00,7.469284512529811,289.3989438594065,281.0438499490828,413.2050622823657,0.0637156641411499,1554.41301,803.49117,277.57965
2023-04-05 07:00:00,7.717575528210858,290.6573374423134,282.85912629206047,744.9909484262173,0.078475026334121,1488.76305,796.62169,280.50992
2023-04-05 08:00:00,7.717575528210858,290.6573374423134,282.85912629206047,744.9909484262173,0.078475026334121,1471.49985,797.56519,278.66494
2023-04-05 09:00:00,7.717575528210858,290.6573374423134,282.85912629206047,744.9909484262173,0.078475026334121,1471.51165,809.25351,267.20802
2023-04-05 10:00:00,7.623210625819555,288.55160597906814,283.80242873362977,518.8802062161061,0.0379756812434713,1481.1269,804.04383,274.96623
2023-04-05 11:00:00,7.623210625819555,288.55160597906814,283.80242873362977,518.8802062161061,0.0379756812434713,1570.27909,800.9773,282.82196
2023-04-05 12:00:00,8.314517875469004,288.06651354472115,284.9537339991166,536.5641475583454,0.0261748245776707,1664.98237,796.6565,290.88986
2023-04-05 13:00:00,9.056012685061482,288.6608257829606,286.3087109748076,3.1683536520783795,0.1908674804722476,1752.55965,806.25724,291.25731
2023-04-05 14:00:00,9.056012685061482,288.6608257829606,286.3087109748076,3.1683536520783795,0.1908674804722476,1843.48135,815.55851,295.74698
2023-04-05 15:00:00,9.056012685061482,288.6608257829606,286.3087109748076,3.1683536520783795,0.1908674804722476,1896.72985,833.90975,307.71673
2023-04-05 16:00:00,8.829775246238956,289.319159243317,287.11659942361723,1.5844433454256532,0.3311681889563944,1921.39386,830.47613,314.85885
2023-04-05 17:00:00,8.829775246238956,289.319159243317,287.11659942361723,1.5844433454256532,0.3311681889563944,1960.36789,815.46202,330.74911
2023-04-05 18:00:00,8.099422053780412,289.26917090153995,287.02920479397835,1.531460700384385,0.2957858600417998,2008.73147,817.07379,328.13376
2023-04-05 19:00:00,8.584673266788974,290.98017817005103,286.4130243374708,0.0,0.6393159631808639,2019.48259,808.80169,328.78962
2023-04-05 20:00:00,8.584673266788974,290.98017817005103,286.4130243374708,0.0,0.6393159631808639,2010.57872,802.68714,327.63568
2023-04-05 21:00:00,8.584673266788974,290.98017817005103,286.4130243374708,0.0,0.6393159631808639,1994.3748,801.22867,322.70706
2023-04-05 22:00:00,9.860688647896389,293.2434460996492,284.3596118956728,0.0039336853999298,0.3387105515120088,1981.83703,807.62146,312.98348
2023-04-05 23:00:00,9.860688647896389,293.2434460996492,284.3596118956728,0.0039336853999298,0.3387105515120088,1981.00344,820.39793,316.31242
2023-04-06 00:00:00,10.555959863684858,293.36177331867896,282.19186471557657,0.0042700696987819,0.3579275390012251,1824.15095,830.15038,307.99283
2023-04-06 01:00:00,9.238470077208234,289.9048976566364,278.4870232869125,190.65469190203,0.6975735771858989,1783.78784,835.7586,300.49396
2023-04-06 02:00:00,9.238470077208234,289.9048976566364,278.4870232869125,190.65469190203,0.6975735771858989,1713.91727,832.34861,288.74785
2023-04-06 03:00:00,9.238470077208234,289.9048976566364,278.4870232869125,190.65469190203,0.6975735771858989,1668.97887,833.22603,282.13093
2023-04-06 04:00:00,7.7954755680692625,285.9360701310691,274.748556182123,413.08266961625145,0.1705778127173659,1614.88814,816.47103,290.91105
2023-04-06 05:00:00,7.7954755680692625,285.9360701310691,274.748556182123,413.08266961625145,0.1705778127173659,1582.21243,804.29132,292.39787
2023-04-06 06:00:00,8.350208370541342,283.3824269060673,273.1377417020258,418.2492020260521,0.1431543468524971,1585.81524,804.57944,285.76905
2023-04-06 07:00:00,8.561047037456078,281.0123508064985,272.1412378736233,687.1254892280117,0.2214671237521359,1522.3567,797.63822,288.40766
2023-04-06 08:00:00,8.561047037456078,281.0123508064985,272.1412378736233,687.1254892280117,0.2214671237521359,1506.18172,798.54739,286.25308
2023-04-06 09:00:00,8.561047037456078,281.0123508064985,272.1412378736233,687.1254892280117,0.2214671237521359,1505.80098,810.19554,274.20245
2023-04-06 10:00:00,7.897910192232166,278.8493434298062,271.6241953306581,481.0846956100646,0.1097641323208283,1515.3244,804.95394,281.91742
2023-04-06 11:00:00,7.897910192232166,278.8493434298062,271.6241953306581,481.0846956100646,0.1097641323208283,1603.32704,801.85771,289.64561
2023-04-06 12:00:00,8.078858568192878,281.3909667136876,272.6883601419636,481.9465692495392,0.0884348167143801,1696.51962,797.50886,297.60072
2023-04-06 13:00:00,6.6508319024202365,285.3449440853608,273.36596146491536,3.4823334481515458,0.1780569469304258,1781.41707,807.15259,297.79942
2023-04-06 14:00:00,6.6508319024202365,285.3449440853608,273.36596146491536,3.4823334481515458,0.1780569469304258,1870.19845,816.52207,302.22219
2023-04-06 15:00:00,6.6508319024202365,285.3449440853608,273.36596146491536,3.4823334481515458,0.1780569469304258,1921.55148,834.9648,314.24482
2023-04-06 16:00:00,5.00206130415954,287.49249121291336,273.8354702832066,1.7411499935270571,0.1837731561255354,1945.30143,831.58498,321.44257
2023-04-06 17:00:00,5.00206130415954,287.49249121291336,273.8354702832066,1.7411499935270571,0.1837731561255354,1983.29188,816.56746,337.35753
2023-04-06 18:00:00,2.54417505023887,285.1946585813399,275.8397008571649,1.7713437087562054,0.192174560342064,2032.27702,818.2335,334.48677
2023-04-06 19:00:00,2.747380736787422,281.1966771715637,274.0536675698552,0.0,0.5930079126618375,2044.23743,810.00362,335.18102
2023-04-06 20:00:00,2.747380736787422,281.1966771715637,274.0536675698552,0.0,0.5930079126618375,2035.7376,803.90195,334.04559
2023-04-06 21:00:00,2.747380736787422,281.1966771715637,274.0536675698552,0.0,0.5930079126618375,2019.65993,802.42131,329.06088
2023-04-06 22:00:00,3.493506340657,280.01162800760443,274.13623580989275,0.0064869352869167,0.1096442421007938,2007.3185,808.8168,319.15177
2023-04-06 23:00:00,3.493506340657,280.01162800760443,274.13623580989275,0.0064869352869167,0.1096442421007938,2004.86625,821.57134,322.3674
2023-04-07 00:00:00,4.393139819199796,279.36689780235633,274.6346494814045,0.0066299340931265,0.1625258255365817,1886.25956,834.41732,289.76431
2023-04-07 01:00:00,4.923610288499738,279.1426700636932,275.0841353647334,207.8931298087288,0.1753524154507916,1842.29639,839.84544,283.48727
2023-04-07 02:00:00,4.923610288499738,279.1426700636932,275.0841353647334,207.8931298087288,0.1753524154507916,1769.10745,836.30991,272.87024
2023-04-07 03:00:00,4.923610288499738,279.1426700636932,275.0841353647334,207.8931298087288,0.1753524154507916,1722.25328,837.14781,266.95289
2023-04-07 04:00:00,6.925691805625693,285.31322707735785,277.74053399796503,438.2342151826072,0.0010660752504407,1666.68294,820.22659,275.68646
2023-04-07 05:00:00,6.925691805625693,285.31322707735785,277.74053399796503,438.2342151826072,0.0010660752504407,1635.10539,807.93304,277.40201
2023-04-07 06:00:00,7.318396940155603,291.02515185427023,279.4738634367648,467.5288138302972,0.0006411735344395,1641.24019,808.11661,271.43094
2023-04-07 07:00:00,6.468581849781921,292.7530166801663,281.47728200808046,745.5935432820409,0.001272373110188,1578.55464,801.05232,274.58017
2023-04-07 08:00:00,6.468581849781921,292.7530166801663,281.47728200808046,745.5935432820409,0.001272373110188,1562.78012,801.89187,272.96763
2023-04-07 09:00:00,6.468581849781921,292.7530166801663,281.47728200808046,745.5935432820409,0.001272373110188,1561.63215,813.42778,261.95646
2023-04-07 10:00:00,4.823322168162872,289.60747331538744,282.9300052144059,525.5708732209009,0.011224802874182,1571.67363,808.05464,269.74716
2023-04-07 11:00:00,4.823322168162872,289.60747331538744,282.9300052144059,525.5708732209009,0.011224802874182,1660.97724,804.82687,277.69862
2023-04-07 12:00:00,4.658338371160347,286.42256647670223,282.51815860224576,539.1625342129962,0.005831239735577,1755.08402,800.33937,285.85122
2023-04-07 13:00:00,4.2070559351217724,284.9412762475173,282.2518143836142,3.702377061509701,0.0146860508912657,1839.10628,810.03226,286.34539
2023-04-07 14:00:00,4.2070559351217724,284.9412762475173,282.2518143836142,3.702377061509701,0.0146860508912657,1927.51196,819.53128,290.88524
2023-04-07 15:00:00,4.2070559351217724,284.9412762475173,282.2518143836142,3.702377061509701,0.0146860508912657,1977.65528,838.16399,302.81535
2023-04-07 16:00:00,3.566327907384025,284.49706767789667,281.6914227466187,1.851254544428696,0.0350448841083255,2001.05271,834.83685,309.91568
2023-04-07 17:00:00,3.566327907384025,284.49706767789667,281.6914227466187,1.851254544428696,0.0350448841083255,2038.88727,819.71385,325.7874
2023-04-07 18:00:00,3.5995088699795783,284.3339908113489,281.72709100396764,1.730618517112068,0.0304974802528475,2090.57828,821.44939,323.36384
2023-04-07 19:00:00,4.503219053386603,287.5046926162963,282.7157581399261,0.0,0.0964445075167802,2105.03269,813.28754,323.99088
2023-04-07 20:00:00,4.503219053386603,287.5046926162963,282.7157581399261,0.0,0.0964445075167802,2096.83846,807.19157,322.82298
2023-04-07 21:00:00,4.503219053386603,287.5046926162963,282.7157581399261,0.0,0.0964445075167802,2080.60749,805.61703,317.93648
2023-04-07 22:00:00,4.989839999785341,290.9024540781379,283.12736793744364,0.0114370285181368,0.1387886735350526,2068.78008,812.001,308.35224
2023-04-07 23:00:00,4.989839999785341,290.9024540781379,283.12736793744364,0.0114370285181368,0.1387886735350526,2064.00456,824.69668,311.76624
2023-04-08 00:00:00,4.913948718769785,293.32334459829474,284.0953770819383,0.011947366680222,0.1288641458203818,1920.54991,850.37004,278.46193
2023-04-08 01:00:00,4.340658256748951,290.98624666353857,285.0546576885148,168.92442135688682,0.3165388725339534,1874.58633,855.23857,272.9425
2023-04-08 02:00:00,4.340658256748951,290.98624666353857,285.0546576885148,168.92442135688682,0.3165388725339534,1799.54236,851.40163,263.02553
2023-04-08 03:00:00,4.340658256748951,290.98624666353857,285.0546576885148,168.92442135688682,0.3165388725339534,1751.604,852.2223,257.54192
2023-04-08 04:00:00,4.880197529852911,288.377470966877,284.54683143880294,389.0386044116297,0.143742088364544,1695.18107,834.81616,266.24665
2023-04-08 05:00:00,4.880197529852911,288.377470966877,284.54683143880294,389.0386044116297,0.143742088364544,1664.1616,822.26395,268.10402
2023-04-08 06:00:00,5.655509158421811,288.5479359330003,285.61216607210315,405.02841116220327,0.1307619214458797,1671.65711,822.17798,262.54077
2023-04-08 07:00:00,5.722733476874434,288.34000490656933,286.1241658133167,757.8986154823344,0.1778129702802594,1609.35143,814.77036,266.00661
2023-04-08 08:00:00,5.722733476874434,288.34000490656933,286.1241658133167,757.8986154823344,0.1778129702802594,1593.77469,815.38982,264.73018
2023-04-08 09:00:00,5.722733476874434,288.34000490656933,286.1241658133167,757.8986154823344,0.1778129702802594,1592.20453,826.50331,254.36351
2023-04-08 10:00:00,5.993302457323429,288.415284672193,286.7015427907384,556.7273073525218,0.0315062343640534,1602.54009,820.57063,262.20118
2023-04-08 11:00:00,5.993302457323429,288.415284672193,286.7015427907384,556.7273073525218,0.0315062343640534,1692.60589,816.77303,270.29104
2023-04-08 12:00:00,7.328196309674597,292.4824448636065,288.10080295035425,566.1465916858988,0.0294478169209539,1787.26585,811.67172,278.56607
2023-04-08 13:00:00,8.467938540547877,297.20645617012383,287.3363676457113,5.008864534097797,0.0327644536644255,1870.86304,821.43928,279.24348
2023-04-08 14:00:00,8.467938540547877,297.20645617012383,287.3363676457113,5.008864534097797,0.0327644536644255,1959.11139,831.33049,283.8559
2023-04-08 15:00:00,8.467938540547877,297.20645617012383,287.3363676457113,5.008864534097797,0.0327644536644255,2008.62192,850.57632,295.72863
2023-04-08 16:00:00,9.109374272507074,299.10950529111994,287.38479686678653,2.504014108740092,0.0,2031.84403,847.29622,302.76861
2023-04-08 17:00:00,9.109374272507074,299.10950529111994,287.38479686678653,2.504014108740092,0.0,2069.61554,831.6279,318.61347
2023-04-08 18:00:00,9.457747997631497,295.5799209666751,286.0000690585642,2.51539885902874,0.0,2122.81467,833.49768,316.46719
2023-04-08 19:00:00,8.877648105568515,291.9934337328325,283.36163282416555,0.0,0.0,2138.64303,825.51447,317.0526
2023-04-08 20:00:00,8.877648105568515,291.9934337328325,283.36163282416555,0.0,0.0,2130.61075,819.39269,315.86452
2023-04-08 21:00:00,8.877648105568515,291.9934337328325,283.36163282416555,0.0,0.0,2114.29024,817.41577,311.03897
2023-04-08 22:00:00,7.890001269294468,288.817206922891,279.9066516787716,0.0236012657733309,0.0,2102.74713,823.7273,301.65612
2023-04-08 23:00:00,7.890001269294468,288.817206922891,279.9066516787716,0.0236012657733309,0.0,2096.70459,836.20501,305.19312
2023-04-09 00:00:00,7.627739916227963,286.37879517758955,279.53103670260003,217.27972950997497,0.0,1832.31178,775.94838,263.4743
2023-04-09 01:00:00,7.65536619184784,283.156583460536,276.510806797884,462.8330369608201,0.0005122811328686,1788.02588,783.15043,258.95948
2023-04-09 02:00:00,7.65536619184784,283.156583460536,276.510806797884,462.8330369608201,0.0005122811328686,1711.52648,780.31198,249.97084
2023-04-09 03:00:00,7.65536619184784,283.156583460536,276.510806797884,462.8330369608201,0.0005122811328686,1659.06363,780.89657,245.06239
2023-04-09 04:00:00,8.359984703039308,282.8063465137934,273.7943827996345,777.0847267550088,0.0008848492295004,1595.03925,765.42065,253.7289
2023-04-09 05:00:00,8.359984703039308,282.8063465137934,273.7943827996345,777.0847267550088,0.0008848492295004,1549.42977,753.66936,255.77429
2023-04-09 06:00:00,7.805880234626776,285.60211867514147,273.0365264531786,784.0856552602143,0.0011227751539189,1543.27482,754.54724,250.75184
2023-04-09 07:00:00,7.041368717565121,286.658861829426,272.35428506392805,565.9467058068376,0.0,1467.10981,748.4568,254.63751
2023-04-09 08:00:00,7.041368717565121,286.658861829426,272.35428506392805,565.9467058068376,0.0,1444.67551,750.00659,253.80676
2023-04-09 09:00:00,7.041368717565121,286.658861829426,272.35428506392805,565.9467058068376,0.0,1444.59289,763.09629,244.29477
2023-04-09 10:00:00,5.02544914981992,284.03956902932146,273.05288436516673,4.897225281572789,0.0,1456.38085,759.93944,252.19471
2023-04-09 11:00:00,5.02544914981992,284.03956902932146,273.05288436516673,4.897225281572789,0.0,1556.4209,758.98911,260.46812
2023-04-09 12:00:00,3.4098471914473167,280.0070370245448,270.8832919079936,4.840284943294151,0.0,1662.92626,756.9838,268.90552
2023-04-09 13:00:00,3.2140904632548004,278.30896263230534,270.06267406122447,2.4200111997121985,0.0,1763.58456,766.66739,269.82586
2023-04-09 14:00:00,3.2140904632548004,278.30896263230534,270.06267406122447,2.4200111997121985,0.0,1865.97077,774.95201,274.53457
2023-04-09 15:00:00,3.2140904632548004,278.30896263230534,270.06267406122447,2.4200111997121985,0.0,1926.61317,791.57477,286.3312
2023-04-09 16:00:00,2.901831663620216,276.8564559741324,269.421412602521,0.0,0.0,1955.56904,788.43938,293.29114
2023-04-09 17:00:00,2.901831663620216,276.8564559741324,269.421412602521,0.0,0.0,1999.86358,775.68066,309.1004
2023-04-09 18:00:00,2.7470038272716835,276.2109223844124,269.4192776212551,0.0,0.0,2053.0699,777.23004,307.32181
2023-04-09 19:00:00,4.11862937608113,281.610341784361,270.1181150941808,0.0312170811490075,0.0,2064.52362,768.59709,307.85199
2023-04-09 20:00:00,4.11862937608113,281.610341784361,270.1181150941808,0.0312170811490075,0.0,2054.19354,762.7095,306.63718
2023-04-09 21:00:00,4.11862937608113,281.610341784361,270.1181150941808,0.0312170811490075,0.0,2036.76163,762.73443,301.89241
2023-04-09 22:00:00,4.374397997940239,285.84283053582385,270.8131150685979,189.36503039592444,0.0,2024.68175,769.45562,292.77665
2023-04-09 23:00:00,4.374397997940239,285.84283053582385,270.8131150685979,189.36503039592444,0.0,2026.10134,782.94475,296.47677
2023-04-10 00:00:00,4.210373611514878,287.9426270419624,272.16306198759537,183.1613567893651,0.0,1946.9437,749.14117,245.06073
2023-04-10 01:00:00,3.0248841387203576,285.4142865572463,275.16278000462466,362.35158239031296,0.0029215518490693,1893.91918,757.16949,241.78018
2023-04-10 02:00:00,3.0248841387203576,285.4142865572463,275.16278000462466,362.35158239031296,0.0029215518490693,1807.53607,754.66972,233.9321
2023-04-10 03:00:00,3.0248841387203576,285.4142865572463,275.16278000462466,362.35158239031296,0.0029215518490693,1747.12269,755.15288,229.73028
2023-04-10 04:00:00,3.1478825288295,281.3344507200644,273.63573141178426,501.6067721852479,0.008311193321817,1674.45569,740.35516,238.3498
2023-04-10 05:00:00,3.1478825288295,281.3344507200644,273.63573141178426,501.6067721852479,0.008311193321817,1622.93439,728.87147,240.62624
2023-04-10 06:00:00,3.3279145414792906,279.74824788017634,273.4556076134387,490.4317213750114,0.009518979653556,1615.32746,730.08133,236.26821
2023-04-10 07:00:00,3.2180713085715245,278.5688407587277,273.37776536538684,324.9084183009311,0.0559574536921824,1532.81475,724.45071,240.66969
2023-04-10 08:00:00,3.2180713085715245,278.5688407587277,273.37776536538684,324.9084183009311,0.0559574536921824,1507.28808,726.3306,240.38649
2023-04-10 09:00:00,3.2180713085715245,278.5688407587277,273.37776536538684,324.9084183009311,0.0559574536921824,1506.03144,740.13243,231.92451
2023-04-10 10:00:00,3.1490318076024466,277.733118648017,273.15832985930854,1.5900199085389948,0.4306864248178552,1520.10899,737.98405,239.90096
2023-04-10 11:00:00,3.1490318076024466,277.733118648017,273.15832985930854,1.5900199085389948,0.4306864248178552,1629.75351,738.06902,248.3999
2023-04-10 12:00:00,4.701008225889439,284.2378569044467,274.87416015030834,1.3897905611048311,0.6998811211221835,1745.954,737.1909,257.03676
2023-04-10 13:00:00,5.451035316566893,288.8815431212193,274.99332137892685,0.6948315755230466,0.9674038622366756,1854.63365,746.85785,258.2556
2023-04-10 14:00:00,5.451035316566893,288.8815431212193,274.99332137892685,0.6948315755230466,0.9674038622366756,1964.6147,754.57529,263.08254
2023-04-10 15:00:00,5.451035316566893,288.8815431212193,274.99332137892685,0.6948315755230466,0.9674038622366756,2028.75986,770.26542,274.7857
2023-04-10 16:00:00,5.365560782356983,290.1080070849092,275.5996151951024,0.0,1.928203137759481,2060.25349,767.201,281.6473
2023-04-10 17:00:00,5.365560782356983,290.1080070849092,275.5996151951024,0.0,1.928203137759481,2108.09886,755.50915,297.41283
2023-04-10 18:00:00,3.8677616002218143,286.75471334532494,277.9244016021905,0.0,2.107835699745872,2168.64582,756.95886,296.08601
2023-04-10 19:00:00,3.70809260269832,282.9895727145457,276.77893419167225,0.0121839505410734,0.6989435031559238,2184.19622,748.10135,296.5483
2023-04-10 20:00:00,3.70809260269832,282.9895727145457,276.77893419167225,0.0121839505410734,0.6989435031559238,2173.29482,742.30403,295.30065
2023-04-10 21:00:00,3.70809260269832,282.9895727145457,276.77893419167225,0.0121839505410734,0.6989435031559238,2154.77051,743.05643,290.65513
2023-04-10 22:00:00,3.4867405020537525,281.610525584147,276.51741070070426,102.26318557923912,1.1084880569480429,2143.75683,749.92891,281.86753
2023-04-10 23:00:00,3.4867405020537525,281.610525584147,276.51741070070426,102.26318557923912,1.1084880569480429,2143.42417,763.78207,285.768
2023-04-11 00:00:00,3.086362764742735,280.168407681592,275.8522279458367,102.55320125602516,1.2030308208918243,1990.32548,781.97226,301.62571
2023-04-11 01:00:00,2.9035762630862267,279.26489625597407,275.5104395324716,260.3954605094873,0.3447795150091772,1937.30758,788.93335,294.55361
2023-04-11 02:00:00,2.9035762630862267,279.26489625597407,275.5104395324716,260.3954605094873,0.3447795150091772,1853.13288,785.93738,283.20189
2023-04-11 03:00:00,2.9035762630862267,279.26489625597407,275.5104395324716,260.3954605094873,0.3447795150091772,1796.69685,786.48139,276.82933
2023-04-11 04:00:00,4.498588805327662,290.32749819256173,277.75020962016697,561.023350357469,0.9015674992845114,1730.1147,770.78686,285.5932
2023-04-11 05:00:00,4.498588805327662,290.32749819256173,277.75020962016697,561.023350357469,0.9015674992845114,1688.91873,758.89432,287.15993
2023-04-11 06:00:00,4.113552631862901,290.5725937781257,278.4472472837166,541.3551208001046,0.9975923778566268,1690.4552,759.63885,280.76085
2023-04-11 07:00:00,3.2749021314297586,289.4953463842711,281.53800275451084,413.5850146089784,0.9469433335652496,1617.84362,753.38829,283.5778
2023-04-11 08:00:00,3.2749021314297586,289.4953463842711,281.53800275451084,413.5850146089784,0.9469433335652496,1597.2098,754.84453,281.61256
2023-04-11 09:00:00,3.2749021314297586,289.4953463842711,281.53800275451084,413.5850146089784,0.9469433335652496,1595.12576,767.77542,269.92501
2023-04-11 10:00:00,3.5714953760996204,285.27481853839686,280.2241541848458,5.54787993098461,2.1105048814414467,1607.95977,764.42505,277.6664
2023-04-11 11:00:00,3.5714953760996204,285.27481853839686,280.2241541848458,5.54787993098461,2.1105048814414467,1709.84031,763.2798,285.4726
2023-04-11 12:00:00,3.5718822887487978,283.6384319864835,279.07133788709314,5.5502195698902455,3.0366820701737502,1817.03703,761.06757,293.49669
2023-04-11 13:00:00,3.247952761271764,282.6601759132995,279.1904457531794,2.774721797070171,0.9088982174639476,1913.50206,770.80779,293.79861
2023-04-11 14:00:00,3.247952761271764,282.6601759132995,279.1904457531794,2.774721797070171,0.9088982174639476,2013.24113,779.26452,298.26225
2023-04-11 15:00:00,3.247952761271764,282.6601759132995,279.1904457531794,2.774721797070171,0.9088982174639476,2069.63598,796.14417,310.25258
2023-04-11 16:00:00,3.0859350116530417,281.98707558600046,279.40071637696497,0.0,0.9884283599675434,2097.0443,793.06558,317.41629
2023-04-11 17:00:00,3.0859350116530417,281.98707558600046,279.40071637696497,0.0,0.9884283599675434,2140.15849,780.14029,333.31616
2023-04-11 18:00:00,4.360265594765316,286.93692125299964,280.50127010573266,0.0,0.9604001778676532,2199.77009,781.77304,330.60159
2023-04-11 19:00:00,4.658319911359849,291.2384276967626,280.9958863561433,0.0632487913135513,0.0233274452791223,2217.67241,773.22729,331.27235
2023-04-11 20:00:00,4.658319911359849,291.2384276967626,280.9958863561433,0.0632487913135513,0.0233274452791223,2208.35167,767.34224,330.12561
2023-04-11 21:00:00,4.658319911359849,291.2384276967626,280.9958863561433,0.0632487913135513,0.0233274452791223,2190.69506,767.22858,325.17518
2023-04-11 22:00:00,4.5374170725811,292.4973743929884,281.1533780644379,224.89014731118883,0.0653423081797802,2179.8986,773.93007,315.37955
2023-04-11 23:00:00,4.5374170725811,292.4973743929884,281.1533780644379,224.89014731118883,0.0653423081797802,2174.89031,787.33635,318.66449
2023-04-12 00:00:00,3.571811961217649,288.9622599294803,282.0182722120953,227.18757851730612,0.0436636714650721,1940.93744,798.71238,297.52071
2023-04-12 01:00:00,3.468448650869008,284.9210329768406,280.82443824758786,471.7929226426001,0.0150388216065625,1892.17082,805.0903,290.72379
2023-04-12 02:00:00,3.468448650869008,284.9210329768406,280.82443824758786,471.7929226426001,0.0150388216065625,1813.12719,801.78374,279.62631
2023-04-12 03:00:00,3.468448650869008,284.9210329768406,280.82443824758786,471.7929226426001,0.0150388216065625,1761.14181,802.31423,273.4113
2023-04-12 04:00:00,3.3600843718842697,283.5087334711735,280.47324283875594,804.3386121877255,0.0266431085618644,1699.65589,786.11548,282.16466
2023-04-12 05:00:00,3.3600843718842697,283.5087334711735,280.47324283875594,804.3386121877255,0.0266431085618644,1662.8504,773.95735,283.78291
2023-04-12 06:00:00,2.5840323001078467,284.20747186782523,282.24762640772553,809.2905011772248,0.0204625739660211,1666.43478,774.42305,277.53194
2023-04-12 07:00:00,2.436965413013027,283.9309464301684,282.1506710581498,589.8782169115727,0.0003841930805324,1598.36337,767.81634,280.4639
2023-04-12 08:00:00,2.436965413013027,283.9309464301684,282.1506710581498,589.8782169115727,0.0003841930805324,1579.95163,769.04291,278.62072
2023-04-12 09:00:00,2.436965413013027,283.9309464301684,282.1506710581498,589.8782169115727,0.0003841930805324,1578.31727,781.53055,267.16725
2023-04-12 10:00:00,3.0327056634862704,288.05289626908234,283.548450583747,6.193490795181385,0.0005269694837188,1589.85506,777.5906,274.92572
2023-04-12 11:00:00,3.0327056634862704,288.05289626908234,283.548450583747,6.193490795181385,0.0005269694837188,1685.92496,775.84477,282.78216
2023-04-12 12:00:00,3.9782709023418654,290.1810961295927,283.18171794544656,6.238653593753799,0.0009115092178328,1787.08505,772.98509,290.85075
2023-04-12 13:00:00,3.5926391288563764,291.1408953328167,282.8229237747839,3.1189499683412656,0.0,1877.85633,782.79993,291.2192
2023-04-12 14:00:00,3.5926391288563764,291.1408953328167,282.8229237747839,3.1189499683412656,0.0,1972.39869,791.66508,295.70923
2023-04-12 15:00:00,3.5926391288563764,291.1408953328167,282.8229237747839,3.1189499683412656,0.0,2025.9525,809.18466,307.67872
2023-04-12 16:00:00,2.7607996618228143,289.19011936851723,283.4628995095377,0.0,0.0,2051.52739,806.15028,314.82048
2023-04-12 17:00:00,2.7607996618228143,289.19011936851723,283.4628995095377,0.0,0.0,2092.22012,792.64763,330.7106
2023-04-12 18:00:00,2.4526554186712968,285.9564113518579,282.9838993178599,0.0,0.0,2148.12413,794.41692,328.09673
2023-04-12 19:00:00,2.428912126744546,284.6909951886197,282.6101748459857,0.0889879460154509,0.0,2164.379,786.05604,328.7524
2023-04-12 20:00:00,2.428912126744546,284.6909951886197,282.6101748459857,0.0889879460154509,0.0,2155.56811,780.14223,327.5983
2023-04-12 21:00:00,2.428912126744546,284.6909951886197,282.6101748459857,0.0889879460154509,0.0,2138.57034,779.60456,322.67003
2023-04-12 22:00:00,2.42405234437558,283.67133034177147,282.16932033049727,256.0758498427231,0.0,2127.28705,786.22903,312.94752
2023-04-12 23:00:00,2.42405234437558,283.67133034177147,282.16932033049727,256.0758498427231,0.0,2122.44502,799.40669,316.27712
2023-04-13 00:00:00,2.416491428811037,282.76133447129035,281.3615762874032,257.14394731902746,0.0,1946.09327,827.04186,279.9706
2023-04-13 01:00:00,3.4264684522391065,288.5202184889497,282.7293877186649,505.3692556334109,0.0064208363809511,1897.72048,832.45839,274.35004
2023-04-13 02:00:00,3.4264684522391065,288.5202184889497,282.7293877186649,505.3692556334109,0.0064208363809511,1819.64517,828.66415,264.33965
2023-04-13 03:00:00,3.4264684522391065,288.5202184889497,282.7293877186649,505.3692556334109,0.0064208363809511,1768.96149,829.20093,258.79814
2023-04-13 04:00:00,4.069244043530477,292.5781901837012,281.8156252570865,772.3500940671568,0.0322179168658955,1709.30886,812.17987,267.50673
2023-04-13 05:00:00,4.069244043530477,292.5781901837012,281.8156252570865,772.3500940671568,0.0322179168658955,1675.22119,799.60973,269.34515
2023-04-13 06:00:00,4.781120006803457,293.8271016047803,281.4449645222504,789.4918535055135,0.0321609965714829,1681.04234,799.63095,263.72748
2023-04-13 07:00:00,3.664985285107983,290.74891305060925,283.08147656813753,557.8005916049385,0.0712829823492178,1615.60758,792.44783,267.15103
2023-04-13 08:00:00,3.664985285107983,290.74891305060925,283.08147656813753,557.8005916049385,0.0712829823492178,1598.49681,793.29467,265.82973
2023-04-13 09:00:00,3.664985285107983,290.74891305060925,283.08147656813753,557.8005916049385,0.0712829823492178,1596.71837,805.03167,255.37706
2023-04-13 10:00:00,3.8094336064523713,286.30032331798986,281.4010373276536,5.147550457761856,0.5502381313964909,1607.85829,800.0786,263.20845
2023-04-13 11:00:00,3.8094336064523713,286.30032331798986,281.4010373276536,5.147550457761856,0.5502381313964909,1701.65285,797.29889,271.27982
2023-04-13 12:00:00,4.243071620521033,285.6227873023987,281.8241715793624,5.34015416419814,0.7564327378559067,1800.23934,793.32201,279.53851
2023-04-13 13:00:00,4.108216186388813,284.2288180008728,281.1199694224939,2.670133497973844,0.6204614059888064,1887.74925,803.23857,280.19145
2023-04-13 14:00:00,4.108216186388813,284.2288180008728,281.1199694224939,2.670133497973844,0.6204614059888064,1979.51807,812.77434,284.79422
2023-04-13 15:00:00,4.108216186388813,284.2288180008728,281.1199694224939,2.670133497973844,0.6204614059888064,2031.07392,831.35495,296.6746
2023-04-13 16:00:00,3.883681947175968,283.19390250173205,280.4720163566136,0.0,1.0438724670752864,2055.56447,828.36151,303.72262
2023-04-13 17:00:00,3.883681947175968,283.19390250173205,280.4720163566136,0.0,1.0438724670752864,2094.97408,813.84796,319.57108
2023-04-13 18:00:00,5.160225746598805,289.9036200165728,281.95542713992705,0.0,1.241512475763446,2150.32649,815.81976,317.3878
2023-04-13 19:00:00,5.591724966172917,294.5232549226366,282.02444673978584,0.0585857004865175,0.5924798472352337,2166.9559,807.7547,317.97875
2023-04-13 20:00:00,5.591724966172917,294.5232549226366,282.02444673978584,0.0585857004865175,0.5924798472352337,2158.54591,801.78186,316.79337
2023-04-13 21:00:00,5.591724966172917,294.5232549226366,282.02444673978584,0.0585857004865175,0.5924798472352337,2141.80335,800.51507,311.95968
2023-04-13 22:00:00,5.763185314288238,295.946705847522,281.7249166188076,164.2230016248898,1.0295226553373515,2130.5238,807.00253,302.54994
2023-04-13 23:00:00,5.763185314288238,295.946705847522,281.7249166188076,164.2230016248898,1.0295226553373515,2124.65012,819.7937,306.07054
2023-04-14 00:00:00,4.063479571417302,292.6742294421923,283.939187485354,162.06178162877117,1.167638274693272,1826.16157,818.61858,297.68292
2023-04-14 01:00:00,3.969667782346456,287.8487688406316,281.9669656800925,334.12352700777694,0.0760549403802358,1785.12898,824.26667,290.87509
2023-04-14 02:00:00,3.969667782346456,287.8487688406316,281.9669656800925,334.12352700777694,0.0760549403802358,1714.15838,820.53752,279.76759
2023-04-14 03:00:00,3.969667782346456,287.8487688406316,281.9669656800925,334.12352700777694,0.0760549403802358,1667.99212,821.01027,273.54636
2023-04-14 04:00:00,3.8854892034424338,286.0923550199527,281.18923781922445,548.3093523853199,0.1106673025444813,1612.29238,804.16855,282.30014
2023-04-14 05:00:00,3.8854892034424338,286.0923550199527,281.18923781922445,548.3093523853199,0.1106673025444813,1577.5558,791.64133,283.91633
2023-04-14 06:00:00,4.064989795116405,285.34067472620853,281.2044693318842,543.9744074881462,0.082478462666188,1579.62329,791.73705,277.65954
2023-04-14 07:00:00,3.8964804703150193,284.4049281993239,280.8430649373903,395.4108774663308,0.0234262915396167,1514.13671,784.66953,280.58694
2023-04-14 08:00:00,3.8964804703150193,284.4049281993239,280.8430649373903,395.4108774663308,0.0234262915396167,1496.96289,785.61027,278.73893
2023-04-14 09:00:00,3.8964804703150193,284.4049281993239,280.8430649373903,395.4108774663308,0.0234262915396167,1496.62117,797.57166,267.2762
2023-04-14 10:00:00,5.547170691059236,291.3643958983272,282.7325380974202,5.049907122924816,0.0964580195997112,1506.51351,792.95222,275.03402
2023-04-14 11:00:00,5.547170691059236,291.3643958983272,282.7325380974202,5.049907122924816,0.0964580195997112,1596.46042,790.51701,282.88849
2023-04-14 12:00:00,6.195195372664744,296.35307864151946,283.5930114132717,5.099170209886767,0.1202750561900284,1691.79735,786.91787,290.95529
2023-04-14 13:00:00,6.344730699520024,297.6281590843517,283.68091093608774,2.5496269746650664,0.1332507380240911,1779.21125,796.85612,291.32111
2023-04-14 14:00:00,6.344730699520024,297.6281590843517,283.68091093608774,2.5496269746650664,0.1332507380240911,1870.16908,806.23631,295.81012
2023-04-14 15:00:00,6.344730699520024,297.6281590843517,283.68091093608774,2.5496269746650664,0.1332507380240911,1922.99755,824.54791,307.78039
2023-04-14 16:00:00,5.17696979217477,293.8685360118324,285.4017503584087,0.0,0.277464719331568,1947.57792,821.61374,314.92304
2023-04-14 17:00:00,5.17696979217477,293.8685360118324,285.4017503584087,0.0,0.277464719331568,1986.57729,807.47252,330.81356
2023-04-14 18:00:00,4.455467489287181,289.1618274221135,284.54593382880194,0.0,0.2773968701992227,2036.26948,809.44408,328.19572
2023-04-14 19:00:00,4.127620112016274,287.6500762523652,284.5554520158548,0.0942275807971027,0.0762890988879796,2048.17692,801.32716,328.85197
2023-04-14 20:00:00,4.127620112016274,287.6500762523652,284.5554520158548,0.0942275807971027,0.0762890988879796,2039.38719,795.39418,327.69818
2023-04-14 21:00:00,4.127620112016274,287.6500762523652,284.5554520158548,0.0942275807971027,0.0762890988879796,2023.09072,794.36871,322.76902
2023-04-14 22:00:00,3.5709686957057043,286.5885065096875,284.60665193771,168.90679905075717,0.1379574957066172,2010.79694,800.91091,313.04362
2023-04-14 23:00:00,3.5709686957057043,286.5885065096875,284.60665193771,168.90679905075717,0.1379574957066172,2008.93918,813.81598,316.37146
2023-04-15 00:00:00,3.65764205936874,286.1295483424089,284.9459890219936,131.6122240485446,0.3026739975293661,1888.00447,829.00989,290.61055
2023-04-15 01:00:00,5.339610980736838,291.483851444583,286.6508625014778,288.92692896978565,0.0940269279348069,1843.2663,834.27884,284.27682
2023-04-15 02:00:00,5.339610980736838,291.483851444583,286.6508625014778,288.92692896978565,0.0940269279348069,1768.77465,830.3316,273.60734
2023-04-15 03:00:00,5.339610980736838,291.483851444583,286.6508625014778,288.92692896978565,0.0940269279348069,1720.44633,830.77636,267.65753
2023-04-15 04:00:00,6.05676266703638,295.6150337035602,286.7862139844308,566.9970928412808,0.1889965052027946,1662.93245,813.60124,276.39328
2023-04-15 05:00:00,6.05676266703638,295.6150337035602,286.7862139844308,566.9970928412808,0.1889965052027946,1628.83125,800.88386,278.09822
2023-04-15 06:00:00,6.429981301810376,296.32314607619867,287.69961521344965,537.2145082141885,0.2427136934871102,1633.06655,800.78837,272.09657
2023-04-15 07:00:00,5.561955981152092,293.3428359538845,287.89664693843406,394.04631153321793,0.0765110611768853,1567.90125,793.48218,275.22209
2023-04-15 08:00:00,5.561955981152092,293.3428359538845,287.89664693843406,394.04631153321793,0.0765110611768853,1550.90521,794.27439,273.58442
2023-04-15 09:00:00,5.561955981152092,293.3428359538845,287.89664693843406,394.04631153321793,0.0765110611768853,1549.81353,805.96101,262.525
2023-04-15 10:00:00,5.254443889270293,290.4934580771344,287.1584403423764,5.678144402526368,0.3637473057926554,1560.2985,800.98582,270.31217
2023-04-15 11:00:00,5.254443889270293,290.4934580771344,287.1584403423764,5.678144402526368,0.3637473057926554,1651.95648,798.18953,278.25325
2023-04-15 12:00:00,5.171806338107987,287.9516555844058,285.9194576755743,5.368181099890334,0.6392027923661585,1748.6655,794.20283,286.39667
2023-04-15 13:00:00,4.972374206246832,286.6405191130426,284.98205988815266,2.6837974472516883,0.8418925264033353,1835.76387,804.20377,286.87715
2023-04-15 14:00:00,4.972374206246832,286.6405191130426,284.98205988815266,2.6837974472516883,0.8418925264033353,1926.82563,813.85138,291.41156
2023-04-15 15:00:00,4.972374206246832,286.6405191130426,284.98205988815266,2.6837974472516883,0.8418925264033353,1978.78035,832.57488,303.34595
2023-04-15 16:00:00,4.985384802284268,285.4504812061957,283.8894873607088,0.0,1.905034964615178,2003.19375,829.69062,310.45083
2023-04-15 17:00:00,4.985384802284268,285.4504812061957,283.8894873607088,0.0,1.905034964615178,2042.25904,815.21377,326.32455
2023-04-15 18:00:00,5.459487124977011,287.96360591382097,284.7406915984326,0.0,1.5939221514977038,2094.78105,817.28882,323.88019
2023-04-15 19:00:00,5.887531645265268,289.50728979301186,284.08487104995663,0.1024490524543708,0.8247802736729608,2109.14261,809.29808,324.51039
2023-04-15 20:00:00,5.887531645265268,289.50728979301186,284.08487104995663,0.1024490524543708,0.8247802736729608,2100.59169,803.3544,323.34397
2023-04-15 21:00:00,5.887531645265268,289.50728979301186,284.08487104995663,0.1024490524543708,0.8247802736729608,2084.09586,802.07339,318.45294
2023-04-15 22:00:00,6.5347103139278495,289.12051524691555,283.1751625803504,194.4877005640396,1.292701795915046,2072.32056,808.5722,308.85358
2023-04-15 23:00:00,6.5347103139278495,289.12051524691555,283.1751625803504,194.4877005640396,1.292701795915046,2068.29585,821.33503,312.25841
2023-04-16 00:00:00,5.815456715665974,287.58112642249887,282.4449880205071,178.57931905421214,1.5107484871204775,1888.17663,761.80922,284.77104
2023-04-16 01:00:00,4.824256739435825,284.050915650359,280.6160144609215,382.394288246538,0.5689353928966683,1839.90633,769.17721,278.82872
2023-04-16 02:00:00,4.824256739435825,284.050915650359,280.6160144609215,382.394288246538,0.5689353928966683,1759.08281,766.11978,268.52096
2023-04-16 03:00:00,4.824256739435825,284.050915650359,280.6160144609215,382.394288246538,0.5689353928966683,1703.32362,766.34211,262.79524
2023-04-16 04:00:00,4.856617606407135,282.0861793803856,279.1272831309849,716.6249754328926,1.0952104877014317,1635.86168,750.90035,271.51608
2023-04-16 05:00:00,4.856617606407135,282.0861793803856,279.1272831309849,716.6249754328926,1.0952104877014317,1588.41086,738.89445,273.29428
2023-04-16 06:00:00,4.151276635991228,281.18944774802475,276.51889440645084,704.4174527892981,1.308131955730106,1582.35062,739.66073,267.50337
2023-04-16 07:00:00,4.05532502062449,279.96178173434976,275.4604446859006,528.209264516677,0.3553890353427081,1504.11064,733.53566,270.79246
2023-04-16 08:00:00,4.05532502062449,279.96178173434976,275.4604446859006,528.209264516677,0.3553890353427081,1480.67117,735.16506,269.32843
2023-04-16 09:00:00,4.05532502062449,279.96178173434976,275.4604446859006,528.209264516677,0.3553890353427081,1479.98455,748.63631,258.60199
2023-04-16 10:00:00,5.804212401448998,284.88769768953455,275.077054690748,7.474471757253069,0.5640261055659492,1492.71363,746.17248,266.41346
2023-04-16 11:00:00,5.804212401448998,284.88769768953455,275.077054690748,7.474471757253069,0.5640261055659492,1596.49093,745.95262,274.42606
2023-04-16 12:00:00,8.223428705398302,288.21659662220014,273.3954068032004,7.498210233636068,0.7616664589381722,1706.67222,744.76833,282.63273
2023-04-16 13:00:00,8.100493261403543,289.5400233894112,274.06332730270606,3.749029854698708,0.2545829621847647,1809.97738,754.70112,283.20783
2023-04-16 14:00:00,8.100493261403543,289.5400233894112,274.06332730270606,3.749029854698708,0.2545829621847647,1914.97923,762.90442,287.77977
2023-04-16 15:00:00,8.100493261403543,289.5400233894112,274.06332730270606,3.749029854698708,0.2545829621847647,1976.57727,779.26628,299.68452
2023-04-16 16:00:00,5.806065758541838,286.85957696479807,275.36473564754976,0.0,0.9410748733167122,2006.3522,776.52332,306.7582
2023-04-16 17:00:00,5.806065758541838,286.85957696479807,275.36473564754976,0.0,0.9410748733167122,2051.87444,764.68424,322.61806
2023-04-16 18:00:00,3.6479763070317626,283.88733820169887,274.8818356776924,0.0,1.574385983916609,2108.35063,766.47899,320.31696
2023-04-16 19:00:00,3.337298918368038,282.26593077981863,274.5395796236718,0.1583714455619949,0.963519196362572,2121.86737,757.90684,320.92563
2023-04-16 20:00:00,3.337298918368038,282.26593077981863,274.5395796236718,0.1583714455619949,0.963519196362572,2111.40745,752.17796,319.74883
2023-04-16 21:00:00,3.337298918368038,282.26593077981863,274.5395796236718,0.1583714455619949,0.963519196362572,2093.54931,752.7081,314.88924
2023-04-16 22:00:00,3.130403614385787,281.0624602962856,274.360628039608,226.3959963920875,1.4979459179062662,2081.97353,759.57899,305.39397
2023-04-16 23:00:00,3.130403614385787,281.0624602962856,274.360628039608,226.3959963920875,1.4979459179062662,2082.20701,773.25487,308.86231
2023-04-17 00:00:00,3.5249213717864145,282.4837242107849,277.2161050006224,224.99818072529425,1.6659396695346471,1949.81368,724.51445,261.45704
2023-04-17 01:00:00,5.2724044745283,289.067151329829,279.4351108264476,423.1492016641856,0.2532267244608351,1895.8371,733.04915,257.07743
2023-04-17 02:00:00,5.2724044745283,289.067151329829,279.4351108264476,423.1492016641856,0.2532267244608351,1807.89032,730.48829,248.21375
2023-04-17 03:00:00,5.2724044745283,289.067151329829,279.4351108264476,423.1492016641856,0.2532267244608351,1745.73218,730.58913,243.38273
2023-04-17 04:00:00,5.946995263894134,294.40497337629904,280.7162288283764,662.2467778300402,0.4629856508012705,1670.77876,716.11146,252.04409
2023-04-17 05:00:00,5.946995263894134,294.40497337629904,280.7162288283764,662.2467778300402,0.4629856508012705,1616.32975,704.50299,254.1148
2023-04-17 06:00:00,4.563165728720923,294.8702943771104,280.71177590782327,687.6330212989421,0.4799546015266789,1606.54162,705.74949,249.16513
2023-04-17 07:00:00,3.773971945059603,291.31951442011,282.9528742722,502.650366816337,0.1247630371490847,1521.1477,700.28174,253.10729
2023-04-17 08:00:00,3.773971945059603,291.31951442011,282.9528742722,502.650366816337,0.1247630371490847,1494.20202,702.37649,252.33655
2023-04-17 09:00:00,3.773971945059603,291.31951442011,282.9528742722,502.650366816337,0.1247630371490847,1493.0008,716.83805,242.93958
2023-04-17 10:00:00,2.705449207571137,285.5988822750168,282.3548162623618,7.592297046173107,0.1406889024825345,1507.60246,715.76689,250.84791
2023-04-17 11:00:00,2.705449207571137,285.5988822750168,282.3548162623618,7.592297046173107,0.1406889024825345,1620.00971,716.9757,259.14603
2023-04-17 12:00:00,4.374801552651734,288.58178214525617,278.4278446053777,697.1445837800745,0.1761424270128562,1739.25695,717.34514,267.60527
2023-04-17 13:00:00,3.428438556088861,283.5364036766904,276.1075497440316,505.2680503321528,0.0311948571794463,1851.51205,727.23841,268.55831
2023-04-17 14:00:00,3.428438556088861,283.5364036766904,276.1075497440316,505.2680503321528,0.0311948571794463,1964.58534,734.63869,273.27995
2023-04-17 15:00:00,3.428438556088861,283.5364036766904,276.1075497440316,505.2680503321528,0.0311948571794463,2030.82634,749.68836,285.06633
2023-04-17 16:00:00,3.295136233859407,281.562148569774,274.9002682537765,7.513600501742002,0.0551581692578075,2063.49989,747.02149,292.01552
2023-04-17 17:00:00,3.295136233859407,281.562148569774,274.9002682537765,7.513600501742002,0.0551581692578075,2112.77838,736.644,307.82
2023-04-17 18:00:00,3.295136233859407,281.562148569774,274.9002682537765,7.513600501742002,0.0551581692578075,2174.33079,738.28111,306.09091
2023-04-17 19:00:00,2.6460522582126456,283.80625561419885,281.3888369529104,3.756891419991216,0.0383366146441883,2189.80634,729.38514,306.61362
2023-04-17 20:00:00,2.6460522582126456,283.80625561419885,281.3888369529104,3.756891419991216,0.0383366146441883,2178.49311,723.77474,305.39523
2023-04-17 21:00:00,2.6460522582126456,283.80625561419885,281.3888369529104,3.756891419991216,0.0383366146441883,2159.65774,725.3093,300.66134
2023-04-17 22:00:00,3.9309864417523457,290.9187540374912,283.11910494114886,0.0,0.0936180178777958,2148.71214,732.38612,291.58155
2023-04-17 23:00:00,3.9309864417523457,290.9187540374912,283.11910494114886,0.0,0.0936180178777958,2149.22358,746.56879,295.30359
2023-04-18 00:00:00,5.059739359806029,295.5418046152212,282.2189279479179,0.0,0.0335912374819142,1901.78694,756.45248,303.08278
2023-04-18 01:00:00,5.332268966766535,296.7215405994338,281.8738924668339,0.2212291678186752,0.0046969247215717,1853.50195,763.94901,295.913
2023-04-18 02:00:00,5.332268966766535,296.7215405994338,281.8738924668339,0.2212291678186752,0.0046969247215717,1773.34116,760.90552,284.47101
2023-04-18 03:00:00,5.332268966766535,296.7215405994338,281.8738924668339,0.2212291678186752,0.0046969247215717,1718.79427,761.06569,278.04254
2023-04-18 04:00:00,4.103288797211039,292.9614928465845,284.05797095459576,226.97613680783505,0.0137239935131183,1653.19412,745.7156,286.81012
2023-04-18 05:00:00,4.103288797211039,292.9614928465845,284.05797095459576,226.97613680783505,0.0137239935131183,1608.91916,733.70959,288.35856
2023-04-18 06:00:00,4.154633895894499,289.0833419841438,282.38687183837783,232.79492118361355,0.0192940046457904,1605.67838,734.50339,281.9069
2023-04-18 07:00:00,4.499673962010153,287.3476312454132,281.6420972900569,457.21495634920166,0.0043306051327971,1530.48255,728.43264,284.68306
2023-04-18 08:00:00,4.499673962010153,287.3476312454132,281.6420972900569,457.21495634920166,0.0043306051327971,1508.54732,730.11526,282.6745
2023-04-18 09:00:00,4.499673962010153,287.3476312454132,281.6420972900569,457.21495634920166,0.0043306051327971,1507.60318,743.72957,270.90383
2023-04-18 10:00:00,4.263231669682302,285.88101958339536,281.20878922441443,723.5209894375542,0.0087691612564746,1519.95281,741.48906,278.6392
2023-04-18 11:00:00,4.263231669682302,285.88101958339536,281.20878922441443,723.5209894375542,0.0087691612564746,1621.35186,741.50105,286.42756
2023-04-18 12:00:00,3.9830809570099697,284.95355260410565,280.7684990926031,759.2284115062369,0.0029407854227354,1728.77256,740.57272,294.43585
2023-04-18 13:00:00,5.67856306989022,291.5427022456254,282.7794197666335,550.4841581069263,0.0001549256283078,1828.32262,750.53714,294.71416
2023-04-18 14:00:00,5.67856306989022,291.5427022456254,282.7794197666335,550.4841581069263,0.0001549256283078,1930.17754,758.6566,299.16848
2023-04-18 15:00:00,5.67856306989022,291.5427022456254,282.7794197666335,550.4841581069263,0.0001549256283078,1989.39012,774.86334,311.16617
2023-04-18 16:00:00,6.056963061419197,295.9900494200013,282.50396536688675,8.044268594295206,0.0014448843548936,2017.90898,772.18265,318.33765
2023-04-18 17:00:00,6.056963061419197,295.9900494200013,282.50396536688675,8.044268594295206,0.0014448843548936,2061.97752,760.60517,334.241
2023-04-18 18:00:00,6.025797383163262,297.2554942355036,281.96333196070964,8.179738643703995,0.000566191010384,2118.1792,762.42027,331.49068
2023-04-18 19:00:00,4.816852897797643,293.35000109026606,283.9034873999666,4.089711377779364,0.0001549256283078,2132.42949,753.82753,332.1668
2023-04-18 20:00:00,4.816852897797643,293.35000109026606,283.9034873999666,4.089711377779364,0.0001549256283078,2122.45654,748.13169,331.02266
2023-04-18 21:00:00,4.816852897797643,293.35000109026606,283.9034873999666,4.089711377779364,0.0001549256283078,2104.86427,748.82377,326.0644
2023-04-18 22:00:00,4.604725376952167,289.04228016880154,282.2079913037496,0.0,0.0004129796946224,2093.35744,755.73435,316.24279
2023-04-18 23:00:00,4.604725376952167,289.04228016880154,282.2079913037496,0.0,0.0004129796946224,2092.14455,769.4822,319.51186
2023-04-19 00:00:00,4.306552093997225,287.3067451137216,281.9584802814113,0.0,0.0011361212742573,1842.73111,779.11905,336.7574
2023-04-19 01:00:00,3.901046258720465,286.09944345891813,281.76388597295875,0.2871609891793391,0.0009295537698469,1799.11024,785.84024,327.33042
2023-04-19 02:00:00,3.901046258720465,286.09944345891813,281.76388597295875,0.2871609891793391,0.0009295537698469,1724.33214,782.39727,313.80264
2023-04-19 03:00:00,3.901046258720465,286.09944345891813,281.76388597295875,0.2871609891793391,0.0009295537698469,1674.22308,782.55544,306.08187
2023-04-19 04:00:00,3.818428480994212,285.2211890323585,281.7606515375379,257.2593854993737,0.0027367088050413,1613.53275,766.53991,314.93534
2023-04-19 05:00:00,3.818428480994212,285.2211890323585,281.7606515375379,257.2593854993737,0.0027367088050413,1572.91803,754.19515,316.06126
2023-04-19 06:00:00,5.146405333049383,291.9393830188633,283.85830556809265,263.85456255800904,0.0134175689347703,1570.89949,754.62674,308.39456
2023-04-19 07:00:00,5.998011378578985,296.0819060035293,283.1558620033082,510.79831165435246,0.0123372713167992,1499.57535,748.08836,310.2274
2023-04-19 08:00:00,5.998011378578985,296.0819060035293,283.1558620033082,510.79831165435246,0.0123372713167992,1479.52997,749.46504,307.21746
2023-04-19 09:00:00,5.998011378578985,296.0819060035293,283.1558620033082,510.79831165435246,0.0123372713167992,1479.17184,762.47889,293.52655
2023-04-19 10:00:00,6.178427961464744,296.5873599587113,282.85866307722983,805.1189345609704,0.0131103385099881,1490.23878,759.43152,301.12197
2023-04-19 11:00:00,6.178427961464744,296.5873599587113,282.85866307722983,805.1189345609704,0.0131103385099881,1586.1322,758.62055,308.49791
2023-04-19 12:00:00,4.831360029765383,293.28173458478045,284.5439934786348,805.7559117850935,0.0471640813032133,1687.93832,756.80346,316.14141
2023-04-19 13:00:00,4.707961445312815,289.49131223059385,283.2610388040083,589.1637834807368,0.0005143870062323,1782.61023,766.85525,315.87385
2023-04-19 14:00:00,4.707961445312815,289.49131223059385,283.2610388040083,589.1637834807368,0.0005143870062323,1879.91086,775.51626,320.11188
2023-04-19 15:00:00,4.707961445312815,289.49131223059385,283.2610388040083,589.1637834807368,0.0005143870062323,1936.87488,792.57731,332.28056
2023-04-19 16:00:00,4.363909574215535,287.91402822336573,283.1490624071366,8.535069018551102,0.0022049232972335,1963.8397,789.93754,339.63189
2023-04-19 17:00:00,4.363909574215535,287.91402822336573,283.1490624071366,8.535069018551102,0.0022049232972335,2005.78174,777.55944,355.61517
2023-04-19 18:00:00,3.995030096063687,286.5485725669648,282.84149839273573,8.54706702520928,0.0024097599185418,2058.02004,779.54347,352.03869
2023-04-19 19:00:00,3.899562906426424,285.939893180362,283.0635345938712,4.273306058463266,0.0011702985402094,2070.1991,771.19164,352.83899
2023-04-19 20:00:00,3.899562906426424,285.939893180362,283.0635345938712,4.273306058463266,0.0011702985402094,2060.60831,765.45105,351.75486
2023-04-19 21:00:00,3.899562906426424,285.939893180362,283.0635345938712,4.273306058463266,0.0011702985402094,2043.64149,765.56254,346.6151
2023-04-19 22:00:00,5.290719997553943,291.76276007421484,285.0111402594641,0.0,0.0022960232753749,2031.57629,772.36505,336.19339
2023-04-19 23:00:00,5.290719997553943,291.76276007421484,285.0111402594641,0.0,0.0022960232753749,2031.06975,785.80367,339.09598
2023-04-20 00:00:00,5.836371939566487,296.3278497212858,285.5966031748301,0.0,0.0025017600905559,1824.80561,793.80223,318.4316
2023-04-20 01:00:00,6.133127345764283,297.679214792011,285.80231608507904,0.346920304357887,0.0023110570806917,1782.84961,800.00527,310.233
2023-04-20 02:00:00,6.133127345764283,297.679214792011,285.80231608507904,0.346920304357887,0.0023110570806917,1710.1531,796.28029,297.84032
2023-04-20 03:00:00,6.133127345764283,297.679214792011,285.80231608507904,0.346920304357887,0.0023110570806917,1661.91663,796.41906,290.82281
2023-04-20 04:00:00,5.244465397255528,294.4805432156813,287.2920405608109,248.7378174963069,0.0057974576824321,1603.42074,779.95348,299.62958
2023-04-20 05:00:00,5.244465397255528,294.4805432156813,287.2920405608109,248.7378174963069,0.0057974576824321,1564.86228,767.36605,300.98542
2023-04-20 06:00:00,4.905843246843085,290.0371071371377,286.49289770033965,248.78029746040212,0.0038198239829014,1563.94406,767.54621,293.97995
2023-04-20 07:00:00,4.73569205246156,288.8485492819384,286.173493676981,467.9866031945648,0.0126763921256197,1494.72109,760.68872,296.32613
2023-04-20 08:00:00,4.73569205246156,288.8485492819384,286.173493676981,467.9866031945648,0.0126763921256197,1475.70535,761.86161,293.86114
2023-04-20 09:00:00,4.73569205246156,288.8485492819384,286.173493676981,467.9866031945648,0.0126763921256197,1475.49634,774.48685,281.21522
2023-04-20 10:00:00,4.388206469771374,287.76316747424414,285.8979579424255,691.7110402213625,0.0489025402067218,1486.01528,770.92627,288.88679
2023-04-20 11:00:00,4.388206469771374,287.76316747424414,285.8979579424255,691.7110402213625,0.0489025402067218,1579.37988,769.59298,296.48718
2023-04-20 12:00:00,4.407233516580527,287.0550996764854,285.5425862474092,697.72947648341,0.0339084076831523,1678.52805,767.21346,304.32919
2023-04-20 13:00:00,5.852369321491782,290.17152567946243,286.2986168661552,495.0202395051068,0.0339616174583181,1770.57166,777.337,304.35868
2023-04-20 14:00:00,5.852369321491782,290.17152567946243,286.2986168661552,495.0202395051068,0.0339616174583181,1865.50295,786.36156,308.71443
2023-04-20 15:00:00,5.852369321491782,290.17152567946243,286.2986168661552,495.0202395051068,0.0339616174583181,1921.10165,803.98944,320.79005
2023-04-20 16:00:00,6.815882549422082,291.8126407233238,285.8252151558819,6.500450139627466,0.2633808099823057,1947.21518,801.39713,328.04352
2023-04-20 17:00:00,6.815882549422082,291.8126407233238,285.8252151558819,6.500450139627466,0.2633808099823057,1988.05446,788.52128,343.9833
2023-04-20 18:00:00,7.566522638078967,291.07148719442057,285.01222758686254,6.825534322281509,0.1754837445137743,2038.8104,790.6322,340.85641
2023-04-20 19:00:00,7.492098083581278,287.27520772289813,283.34689091450275,3.4127121600581014,0.083568464740573,2050.42102,782.44689,341.58915
2023-04-20 20:00:00,7.492098083581278,287.27520772289813,283.34689091450275,3.4127121600581014,0.083568464740573,2041.08143,776.68385,340.47238
2023-04-20 21:00:00,7.492098083581278,287.27520772289813,283.34689091450275,3.4127121600581014,0.083568464740573,2024.40091,776.42636,335.43137
2023-04-20 22:00:00,7.074711412276575,283.9155270887554,280.5864217607359,0.0,0.1087917653530274,2012.15232,783.16302,325.33621
2023-04-20 23:00:00,7.074711412276575,283.9155270887554,280.5864217607359,0.0,0.1087917653530274,2011.55812,796.40095,328.43828
2023-04-21 00:00:00,6.558387130096624,281.4892347278012,278.4761807574196,0.0,0.1170668322203305,1943.06495,802.10102,297.2879
2023-04-21 01:00:00,6.797910285501067,279.68202855693744,276.43275841438464,0.3978946288024833,0.0797358277113651,1894.14028,807.95838,290.50657
2023-04-21 02:00:00,6.797910285501067,279.68202855693744,276.43275841438464,0.3978946288024833,0.0797358277113651,1814.92032,803.99603,279.42351
2023-04-21 03:00:00,6.797910285501067,279.68202855693744,276.43275841438464,0.3978946288024833,0.0797358277113651,1762.79574,804.06329,273.21744
2023-04-21 04:00:00,7.043543684083415,278.3849324198251,274.71900493048446,229.4497605359988,0.2906311356927439,1701.16099,787.27996,281.97022
2023-04-21 05:00:00,7.043543684083415,278.3849324198251,274.71900493048446,229.4497605359988,0.2906311356927439,1664.26092,774.47779,283.59137
2023-04-21 06:00:00,8.186024112062409,281.35038041381307,273.92194497212336,227.14467308338368,0.1914582963298144,1667.8299,774.45962,277.34881
2023-04-21 07:00:00,8.833062933568073,285.02606057590515,273.4739003644045,445.49740724467375,0.170566038381169,1599.65557,767.3674,280.28729
2023-04-21 08:00:00,8.833062933568073,285.02606057590515,273.4739003644045,445.49740724467375,0.170566038381169,1581.19373,768.40663,278.45102
2023-04-21 09:00:00,8.833062933568073,285.02606057590515,273.4739003644045,445.49740724467375,0.170566038381169,1579.53692,780.81337,267.01085
2023-04-21 10:00:00,8.594195117240229,287.0515243618213,273.6897759192039,692.7528143545121,0.2351776586598375,1591.11487,776.99425,274.7703
2023-04-21 11:00:00,8.594195117240229,287.0515243618213,273.6897759192039,692.7528143545121,0.2351776586598375,1687.34915,775.40195,282.6296
2023-04-21 12:00:00,6.303941132609544,285.14787874820024,274.6452069646062,702.1995163222557,0.2024590519822184,1788.67406,772.74901,290.70066
2023-04-21 13:00:00,4.660130273951941,281.3043751111624,272.6669543809884,501.0545370623785,0.1228483476421179,1879.5759,782.96363,291.07292
2023-04-21 14:00:00,4.660130273951941,281.3043751111624,272.6669543809884,501.0545370623785,0.1228483476421179,1974.2432,792.23638,295.56443
2023-04-21 15:00:00,4.660130273951941,281.3043751111624,272.6669543809884,501.0545370623785,0.1228483476421179,2027.85113,810.23,307.53273
2023-04-21 16:00:00,4.525028344459481,279.707807630232,272.1498520170788,7.594792755755909,0.5627959620892142,2053.46705,807.734,314.67328
2023-04-21 17:00:00,4.525028344459481,279.707807630232,272.1498520170788,7.594792755755909,0.5627959620892142,2094.21837,794.64683,330.56282
2023-04-21 18:00:00,4.476039469462564,278.77791482563896,271.63573418608013,7.362432057410851,0.5564460920684945,2150.25423,796.88793,327.95468
2023-04-21 19:00:00,4.322583625625131,278.0498559006268,271.5614803894938,3.681119333194621,0.3705090903859108,2166.58611,788.83181,328.60945
2023-04-21 20:00:00,4.322583625625131,278.0498559006268,271.5614803894938,3.681119333194621,0.3705090903859108,2157.76659,783.07788,327.45499
2023-04-21 21:00:00,4.322583625625131,278.0498559006268,271.5614803894938,3.681119333194621,0.3705090903859108,2140.7501,782.6357,322.52795
2023-04-21 22:00:00,5.7778458642163,284.90987562201445,273.6586512938677,0.0,0.3929971912651065,2129.48653,789.34883,312.8096
2023-04-21 23:00:00,5.7778458642163,284.90987562201445,273.6586512938677,0.0,0.3929971912651065,2124.60708,802.47228,316.14175
2023-04-22 00:00:00,6.267445115169907,290.1208760309298,275.0486007703564,0.0,0.3049578397261931,1886.16082,806.6158,303.18019
2023-04-22 01:00:00,6.060055097717097,292.6709864407265,277.32415562695337,0.4977692578115143,9.63590512845214e-05,1840.78871,812.00494,296.0039
2023-04-22 02:00:00,6.060055097717097,292.6709864407265,277.32415562695337,0.4977692578115143,9.63590512845214e-05,1765.06604,807.50086,284.55589
2023-04-22 03:00:00,6.060055097717097,292.6709864407265,277.32415562695337,0.4977692578115143,9.63590512845214e-05,1715.23293,807.20886,278.12369
2023-04-22 04:00:00,3.957918019281659,289.86820350371147,280.5168415902264,292.3133252883075,9.63590512845214e-05,1655.67171,789.91672,286.8915
2023-04-22 05:00:00,3.957918019281659,289.86820350371147,280.5168415902264,292.3133252883075,9.63590512845214e-05,1618.73004,776.58712,288.43873
2023-04-22 06:00:00,3.823160009968144,284.80126171292386,278.1528401638781,290.4779202458637,0.0004109518270866,1620.72353,776.16359,281.98355
2023-04-22 07:00:00,3.802780172293849,283.2517422744353,278.0249666783063,540.78227224333,0.0002059452710264,1552.78542,768.65594,284.75698
2023-04-22 08:00:00,3.802780172293849,283.2517422744353,278.0249666783063,540.78227224333,0.0002059452710264,1534.42204,769.52454,282.74549
2023-04-22 09:00:00,3.802780172293849,283.2517422744353,278.0249666783063,540.78227224333,0.0002059452710264,1533.4389,781.8185,270.96931
2023-04-22 10:00:00,3.621471957018442,282.38711710092224,278.2790015058755,830.0376703596789,0.0042629760725183,1544.38017,778.02596,278.70426
2023-04-22 11:00:00,3.621471957018442,282.38711710092224,278.2790015058755,830.0376703596789,0.0042629760725183,1638.54726,776.48405,286.49141
2023-04-22 12:00:00,3.61216800504699,281.646768566917,278.5329197687912,835.837262144097,0.0008746366392214,1738.06177,773.91748,294.49867
2023-04-22 13:00:00,5.264512089721672,287.91961911802406,281.07495611082106,615.077235270292,5.164187610260869e-05,1828.59482,784.44938,294.77536
2023-04-22 14:00:00,5.264512089721672,287.91961911802406,281.07495611082106,615.077235270292,5.164187610260869e-05,1922.5994,794.08317,299.22904
2023-04-22 15:00:00,5.264512089721672,287.91961911802406,281.07495611082106,615.077235270292,5.164187610260869e-05,1976.61887,812.51544,311.22725
2023-04-22 16:00:00,6.061914624921787,293.36877686191895,283.3323964137969,9.80504822088774,5.164187610260869e-05,2002.1703,810.44033,318.39927
2023-04-22 17:00:00,6.061914624921787,293.36877686191895,283.3323964137969,9.80504822088774,5.164187610260869e-05,2042.59818,797.60859,334.30282
2023-04-22 18:00:00,6.83374317426517,295.43242808710824,285.1089682575764,9.832999754093802,0.0,2095.86985,800.22959,331.55014
2023-04-22 19:00:00,6.21750311717276,292.4481810159868,286.2679397814811,4.916412979886388,0.0,2109.97821,792.42984,332.22662
2023-04-22 20:00:00,6.21750311717276,292.4481810159868,286.2679397814811,4.916412979886388,0.0,2101.01662,786.79609,331.08264
2023-04-22 21:00:00,6.21750311717276,292.4481810159868,286.2679397814811,4.916412979886388,0.0,2084.23894,786.37961,326.12386
2023-04-22 22:00:00,6.729724469822427,289.5889886526011,285.6351193738342,0.0,0.0,2072.49013,793.15249,316.30052
2023-04-22 23:00:00,6.729724469822427,289.5889886526011,285.6351193738342,0.0,0.0,2069.43115,806.2082,319.56851
2023-04-23 00:00:00,7.192793733979398,289.1890956570493,285.4495821313326,0.0,0.0,1793.66709,753.13157,263.10927
2023-04-23 01:00:00,6.947792487898308,288.69629735584806,285.3698087973892,0.603993319527577,0.0,1750.23047,759.90521,258.61892
2023-04-23 02:00:00,6.947792487898308,288.69629735584806,285.3698087973892,0.603993319527577,0.0,1673.29924,755.68784,249.65291
2023-04-23 03:00:00,6.947792487898308,288.69629735584806,285.3698087973892,0.603993319527577,0.0,1619.09638,754.89134,244.75847
2023-04-23 04:00:00,6.399245783096005,288.2325633895092,285.4703735545395,307.2467407369043,0.0,1552.06613,738.63579,253.42404
2023-04-23 05:00:00,6.399245783096005,288.2325633895092,285.4703735545395,307.2467407369043,0.0,1500.50107,725.45278,255.47403
2023-04-23 06:00:00,7.465587753316516,291.9120120426075,286.3353665494319,306.83736143141056,0.0,1488.70274,725.4112,250.46475
2023-04-23 07:00:00,7.701494537431574,295.16770173201417,286.4492563071981,558.1770006794299,0.0,1406.8932,718.54972,254.36062
2023-04-23 08:00:00,7.701494537431574,295.16770173201417,286.4492563071981,558.1770006794299,0.0,1381.66508,719.98455,253.54074
2023-04-23 09:00:00,7.701494537431574,295.16770173201417,286.4492563071981,558.1770006794299,0.0,1382.2207,733.70512,244.04958
2023-04-23 10:00:00,7.583847075978142,296.52364517258104,286.82915412099464,853.3866207664133,0.0,1394.57178,732.08218,251.95101
2023-04-23 11:00:00,7.583847075978142,296.52364517258104,286.82915412099464,853.3866207664133,0.0,1498.58616,732.78631,260.22892
2023-04-23 12:00:00,6.9833858695549065,293.54466630203194,287.0282636365715,852.9473380292269,0.0,1609.84128,732.69023,268.67024
2023-04-23 13:00:00,7.524038741214147,291.54520620501086,286.49693326014096,627.727984149567,0.0,1717.44479,743.4414,269.59652
2023-04-23 14:00:00,7.524038741214147,291.54520620501086,286.49693326014096,627.727984149567,0.0,1825.56938,752.15667,274.30756
2023-04-23 15:00:00,7.524038741214147,291.54520620501086,286.49693326014096,627.727984149567,0.0,1890.7734,768.95424,286.10233
2023-04-23 16:00:00,7.830258178798772,290.5586354808398,285.9634426408421,10.46763140103359,0.0,1922.06623,767.36799,293.06032
2023-04-23 17:00:00,7.830258178798772,290.5586354808398,285.9634426408421,10.46763140103359,0.0,1969.00748,757.01414,308.86872
2023-04-23 18:00:00,7.558376215028995,289.45074278233403,285.377722663364,10.436577272707616,0.0,2022.08857,759.72781,307.09909
2023-04-23 19:00:00,7.206801430080072,288.14782369567376,284.3239661413253,5.218423033503039,0.0,2031.65402,751.65546,307.62791
2023-04-23 20:00:00,7.206801430080072,288.14782369567376,284.3239661413253,5.218423033503039,0.0,2020.37966,746.31036,306.41246
2023-04-23 21:00:00,7.206801430080072,288.14782369567376,284.3239661413253,5.218423033503039,0.0,2002.50555,747.46431,301.66966
2023-04-23 22:00:00,7.556296468778497,289.8595409940989,284.1834574583829,0.0,0.0,1990.18398,754.60734,292.56042
2023-04-23 23:00:00,7.556296468778497,289.8595409940989,284.1834574583829,0.0,0.0,1994.73308,768.38423,296.26449
2023-04-24 00:00:00,6.969804601987185,292.052401701545,283.27586277360865,0.0,0.0,1755.61359,743.39077,257.51534
2023-04-24 01:00:00,5.84277444062471,292.70693176667555,282.45064358175443,0.5997957749365815,0.0,1712.69546,750.23932,253.39996
2023-04-24 02:00:00,5.84277444062471,292.70693176667555,282.45064358175443,0.5997957749365815,0.0,1634.69414,745.81309,244.78045
2023-04-24 03:00:00,5.84277444062471,292.70693176667555,282.45064358175443,0.5997957749365815,0.0,1578.00578,744.72206,240.10068
2023-04-24 04:00:00,4.047875958146816,290.2103604849882,282.7872403716957,270.2635264298092,5.133027111553454e-05,1506.9858,728.44275,248.75197
2023-04-24 05:00:00,4.047875958146816,290.2103604849882,282.7872403716957,270.2635264298092,5.133027111553454e-05,1448.1954,715.02654,250.87215
2023-04-24 06:00:00,3.1561697073462307,285.7227262198156,280.1755204503453,279.9350121477647,0.0,1429.74407,714.86637,246.06471
2023-04-24 07:00:00,2.938360380839313,284.10131215303204,279.5209620746327,515.1085493764871,0.0017541007462772,1340.99638,707.94061,250.1173
2023-04-24 08:00:00,2.938360380839313,284.10131215303204,279.5209620746327,515.1085493764871,0.0017541007462772,1312.29802,709.41655,249.46374
2023-04-24 09:00:00,2.938360380839313,284.10131215303204,279.5209620746327,515.1085493764871,0.0017541007462772,1313.40625,723.40077,240.29157
2023-04-24 10:00:00,3.151233770359853,282.80497460758403,278.95860218979533,750.5302109823325,0.0339418755679741,1326.28187,722.27875,248.21627
2023-04-24 11:00:00,3.151233770359853,282.80497460758403,278.95860218979533,750.5302109823325,0.0339418755679741,1435.06472,723.51308,256.56265
2023-04-24 12:00:00,3.062209593497875,282.5048053036954,278.75078672632105,778.9304145972187,0.0171966749887865,1551.94421,724.01565,265.06461
2023-04-24 13:00:00,4.901374993278529,286.34513470553327,278.6278501166769,564.6184398510825,0.0086187407739807,1667.69689,734.97614,266.08152
2023-04-24 14:00:00,4.901374993278529,286.34513470553327,278.6278501166769,564.6184398510825,0.0086187407739807,1782.77202,743.66713,270.8285
2023-04-24 15:00:00,4.901374993278529,286.34513470553327,278.6278501166769,564.6184398510825,0.0086187407739807,1853.42768,760.31864,282.59488
2023-04-24 16:00:00,5.661615479949283,288.4866609446865,277.6389536573947,10.074614580455476,0.078563320318886,1887.65756,759.05455,289.52301
2023-04-24 17:00:00,5.661615479949283,288.4866609446865,277.6389536573947,10.074614580455476,0.078563320318886,1938.05422,749.38637,305.31811
2023-04-24 18:00:00,5.899697991880549,289.530931478315,277.0186355651182,10.094010321176764,0.0380794673736862,1991.7776,752.31249,303.68572
2023-04-24 19:00:00,5.225902253319848,286.3485535623518,277.52026020458766,5.047023917029632,0.0081060665300055,1999.82255,744.30811,304.19392
2023-04-24 20:00:00,5.225902253319848,286.3485535623518,277.52026020458766,5.047023917029632,0.0081060665300055,1987.72266,739.08861,302.96849
2023-04-24 21:00:00,5.225902253319848,286.3485535623518,277.52026020458766,5.047023917029632,0.0081060665300055,1969.53504,740.60835,298.25584
2023-04-24 22:00:00,4.448028298757776,282.1213637454167,275.5337579155499,0.0,0.0095906924000352,1957.19044,747.86468,289.24628
2023-04-24 23:00:00,4.448028298757776,282.1213637454167,275.5337579155499,0.0,0.0095906924000352,1965.38971,761.76947,293.01125
2023-04-25 00:00:00,4.050776917402791,279.6704355934942,273.904201642316,0.0,0.0069721297819879,1844.71366,793.55245,268.14631
2023-04-25 01:00:00,4.170265458660648,277.8649128548785,272.8648905011232,0.6764530662323777,0.010256087138565,1798.98932,798.55209,263.31832
2023-04-25 02:00:00,4.170265458660648,277.8649128548785,272.8648905011232,0.6764530662323777,0.010256087138565,1720.53572,793.046,254.0403
2023-04-25 03:00:00,4.170265458660648,277.8649128548785,272.8648905011232,0.6764530662323777,0.010256087138565,1666.17337,791.79821,248.95258
2023-04-25 04:00:00,4.590348722443477,276.52861348636003,272.0226899147535,271.81156439783547,0.0189843723977982,1599.82211,773.88679,257.631
2023-04-25 05:00:00,4.590348722443477,276.52861348636003,272.0226899147535,271.81156439783547,0.0189843723977982,1551.70411,759.52584,259.61778
2023-04-25 06:00:00,6.394567455672789,282.2686618930952,272.312537938839,270.6351404571234,0.0124160253863269,1543.95007,758.42269,254.42675
2023-04-25 07:00:00,6.561977949773665,284.9634833791273,272.34559790683403,500.1715919744097,0.0322081697007132,1465.26803,750.3254,258.18155
2023-04-25 08:00:00,6.561977949773665,284.9634833791273,272.34559790683403,500.1715919744097,0.0322081697007132,1441.5971,751.07775,257.21185
2023-04-25 09:00:00,6.561977949773665,284.9634833791273,272.34559790683403,500.1715919744097,0.0322081697007132,1441.44437,763.73603,247.43346
2023-04-25 10:00:00,4.799910470128747,283.37296589014284,273.60046638358415,759.6789882043022,0.0820634749823354,1453.79401,760.90781,255.31397
2023-04-25 11:00:00,4.799910470128747,283.37296589014284,273.60046638358415,759.6789882043022,0.0820634749823354,1556.56888,760.41172,263.53018
2023-04-25 12:00:00,4.523633203623103,283.0233223494874,272.9502063688212,762.7063765012467,0.0883771280097589,1666.00841,759.05932,271.91696
2023-04-25 13:00:00,2.672844803035736,277.27445281192763,270.76632223231604,546.4852475680204,0.0410146229033827,1769.80357,770.34033,272.76157
2023-04-25 14:00:00,2.672844803035736,277.27445281192763,270.76632223231604,546.4852475680204,0.0410146229033827,1874.96274,780.33715,277.44026
2023-04-25 15:00:00,2.672844803035736,277.27445281192763,270.76632223231604,546.4852475680204,0.0410146229033827,1937.33421,798.99297,289.2606
2023-04-25 16:00:00,2.4160582399543804,275.97532781308144,270.542174558687,8.135862983391586,0.2383706558671908,1967.31526,797.99455,296.24551
2023-04-25 17:00:00,2.4160582399543804,275.97532781308144,270.542174558687,8.135862983391586,0.2383706558671908,2012.89782,786.73059,312.06587
2023-04-25 18:00:00,2.221108117869486,275.89303488491754,271.17641779521,8.44592362728492,0.2477452118827715,2067.45061,790.17733,310.17265
2023-04-25 19:00:00,3.3397663822470727,281.17273509006293,271.420800032051,4.2230019605275055,1.2636922998879294,2079.22849,782.7944,310.72005
2023-04-25 20:00:00,3.3397663822470727,281.17273509006293,271.420800032051,4.2230019605275055,1.2636922998879294,2068.56906,777.53063,309.51356
2023-04-25 21:00:00,3.3397663822470727,281.17273509006293,271.420800032051,4.2230019605275055,1.2636922998879294,2050.82853,777.82557,304.74361
2023-04-25 22:00:00,3.9647723372906256,284.71692234260274,271.66920779017306,0.0,2.451412038001643,2038.89159,784.87721,295.54461
2023-04-25 23:00:00,3.9647723372906256,284.71692234260274,271.66920779017306,0.0,2.451412038001643,2040.71854,798.09492,299.19387
2023-04-26 00:00:00,3.8690825262487145,286.02985727527914,273.3414492603216,0.0,2.943093219781476,1865.37844,837.46521,270.60118
2023-04-26 01:00:00,2.933419843930684,284.0478624293221,275.8792368391856,0.7570227554496045,0.7847009516359098,1819.64776,840.50799,265.60864
2023-04-26 02:00:00,2.933419843930684,284.0478624293221,275.8792368391856,0.7570227554496045,0.7847009516359098,1742.2287,833.55831,256.17856
2023-04-26 03:00:00,2.933419843930684,284.0478624293221,275.8792368391856,0.7570227554496045,0.7847009516359098,1689.74066,831.78625,250.99664
2023-04-26 04:00:00,2.7148274445731486,280.0032201852155,274.3404832029101,195.25694403816328,1.230911137526388,1626.26053,812.04045,259.68133
2023-04-26 05:00:00,2.7148274445731486,280.0032201852155,274.3404832029101,195.25694403816328,1.230911137526388,1583.02443,796.35638,261.6373
2023-04-26 06:00:00,2.73013913150453,278.6960737336654,273.3922353910648,177.76969204076318,1.5147991839509245,1579.59752,794.06847,256.35767
2023-04-26 07:00:00,2.719271556174756,277.95735020067764,273.4541637166343,298.05955308498847,0.5369117649664904,1505.59615,784.59827,260.04371
2023-04-26 08:00:00,2.719271556174756,277.95735020067764,273.4541637166343,298.05955308498847,0.5369117649664904,1484.23828,784.59874,259.00104
2023-04-26 09:00:00,2.719271556174756,277.95735020067764,273.4541637166343,298.05955308498847,0.5369117649664904,1483.69244,796.10366,249.08265
2023-04-26 10:00:00,2.70029075404105,277.8729327362362,273.95101193600044,404.1179808392458,0.9874855904874444,1495.45593,791.98366,256.95296
2023-04-26 11:00:00,2.70029075404105,277.8729327362362,273.95101193600044,404.1179808392458,0.9874855904874444,1594.56567,790.2039,265.13908
2023-04-26 12:00:00,3.932373452167752,282.70761965462293,275.0420173062574,427.1717745950972,1.163484519183256,1699.7532,787.51145,273.49928
2023-04-26 13:00:00,4.428830123228052,285.30979365964373,276.2053117036155,322.072319966339,0.8786240871302216,1797.77414,799.39646,274.30409
2023-04-26 14:00:00,4.428830123228052,285.30979365964373,276.2053117036155,322.072319966339,0.8786240871302216,1898.09273,810.80942,278.96701
2023-04-26 15:00:00,4.428830123228052,285.30979365964373,276.2053117036155,322.072319966339,0.8786240871302216,1956.79891,831.50942,290.79984
2023-04-26 16:00:00,4.338354779569311,285.4945151610671,277.27345414582953,6.640059932015968,2.2797472314894893,1984.8488,831.18855,297.79784
2023-04-26 17:00:00,4.338354779569311,285.4945151610671,277.27345414582953,6.640059932015968,2.2797472314894893,2028.19516,818.97497,313.62403
2023-04-26 18:00:00,3.583327664107854,282.7569472378896,278.40436564422976,6.480751271878297,2.900603752125916,2082.31324,823.2509,311.67061
2023-04-26 19:00:00,3.457015502689407,281.06241304196624,277.9595745793836,3.240825656701918,1.9497108329182624,2095.209,816.63661,312.22703
2023-04-26 20:00:00,3.457015502689407,281.06241304196624,277.9595745793836,3.240825656701918,1.9497108329182624,2085.29751,811.47333,311.02493
2023-04-26 21:00:00,3.457015502689407,281.06241304196624,277.9595745793836,3.240825656701918,1.9497108329182624,2067.96651,810.84834,306.24176
2023-04-26 22:00:00,3.204164270216721,280.3814807367695,278.0210368441024,0.0,2.80515806246196,2056.13363,817.8085,296.99902
2023-04-26 23:00:00,3.204164270216721,280.3814807367695,278.0210368441024,0.0,2.80515806246196,2055.74498,830.41809,300.62155
2023-04-27 00:00:00,3.3028025528175453,280.28236728613444,278.5405143034532,0.0,3.40339310959359,1832.40189,887.55598,302.90422
2023-04-27 01:00:00,3.6181813643866834,280.2359465645351,278.7654071656822,0.4471580395411939,0.4299952156530609,1789.23185,888.41028,295.7464
2023-04-27 02:00:00,3.6181813643866834,280.2359465645351,278.7654071656822,0.4471580395411939,0.4299952156530609,1714.7402,879.87823,284.31548
2023-04-27 03:00:00,3.6181813643866834,280.2359465645351,278.7654071656822,0.4471580395411939,0.4299952156530609,1664.63791,877.55827,277.89387
2023-04-27 04:00:00,4.358021106662482,282.23140483630027,279.3659062305476,234.8716996286251,0.8344317725408398,1603.77629,855.77241,286.661
2023-04-27 05:00:00,4.358021106662482,282.23140483630027,279.3659062305476,234.8716996286251,0.8344317725408398,1562.41824,838.64321,288.21167
2023-04-27 06:00:00,5.028491065730565,283.71237886426684,280.46327970625504,243.22211195568187,0.5888100083931316,1559.54624,835.05036,281.76648
2023-04-27 07:00:00,4.976849657477288,284.34415146257174,280.9941479296126,451.6542723902837,0.2039889440836466,1487.54456,824.05893,284.54761
2023-04-27 08:00:00,4.976849657477288,284.34415146257174,280.9941479296126,451.6542723902837,0.2039889440836466,1467.16191,823.21704,282.54436
2023-04-27 09:00:00,4.976849657477288,284.34415146257174,280.9941479296126,451.6542723902837,0.2039889440836466,1466.94859,833.40537,270.78389
2023-04-27 10:00:00,4.929459158760565,283.3132147180232,281.1905795497529,725.0350683680767,0.4605055847265323,1478.02344,827.78591,278.52
2023-04-27 11:00:00,4.929459158760565,283.3132147180232,281.1905795497529,725.0350683680767,0.4605055847265323,1574.20908,824.51199,286.31054
2023-04-27 12:00:00,5.33959320528668,282.9696778604376,281.4432156770058,730.3180677011087,0.2677305497647186,1676.42861,820.25422,294.32077
2023-04-27 13:00:00,5.425549660909114,282.4694916441266,281.31761731109145,553.0645985677565,0.0667665993508482,1771.92661,832.78638,294.60195
2023-04-27 14:00:00,5.425549660909114,282.4694916441266,281.31761731109145,553.0645985677565,0.0667665993508482,1869.87514,845.77941,299.05739
2023-04-27 15:00:00,5.425549660909114,282.4694916441266,281.31761731109145,553.0645985677565,0.0667665993508482,1927.44531,868.77373,311.05422
2023-04-27 16:00:00,5.604026423780655,282.0863495218184,281.20931715025966,12.574838232814804,0.119789131166572,1954.694,869.16822,318.22476
2023-04-27 17:00:00,5.604026423780655,282.0863495218184,281.20931715025966,12.574838232814804,0.119789131166572,1996.933,855.81351,334.12765
2023-04-27 18:00:00,4.923984434679058,280.12465542519385,278.6384335300863,12.53059374375797,0.1461792713603656,2048.88686,860.98709,331.3817
2023-04-27 19:00:00,5.6094464555917725,282.18379544442604,278.7197077431332,6.265193998198086,0.0382614768968663,2060.61551,855.22051,332.05719
2023-04-27 20:00:00,5.6094464555917725,282.18379544442604,278.7197077431332,6.265193998198086,0.0382614768968663,2050.89374,850.1539,330.91271
2023-04-27 21:00:00,5.6094464555917725,282.18379544442604,278.7197077431332,6.265193998198086,0.0382614768968663,2033.89511,848.45987,325.95545
2023-04-27 22:00:00,5.638246562491094,285.27184800849614,279.1881061294817,0.0,0.0744644445989851,2021.75289,855.3043,316.13699
2023-04-27 23:00:00,5.638246562491094,285.27184800849614,279.1881061294817,0.0,0.0744644445989851,2021.81162,867.22106,319.40801
2023-04-28 00:00:00,5.1390018302858405,286.12842321338417,281.0426461627598,0.0,0.0731152578354231,1762.83575,919.92296,293.28415
2023-04-28 01:00:00,4.429312355644027,284.74410627078987,281.1986857289289,1.1120107897418652,0.0249123423323711,1724.09808,919.26063,286.77117
2023-04-28 02:00:00,4.429312355644027,284.74410627078987,281.1986857289289,1.1120107897418652,0.0249123423323711,1654.04109,909.55505,275.93614
2023-04-28 03:00:00,4.429312355644027,284.74410627078987,281.1986857289289,1.1120107897418652,0.0249123423323711,1606.92754,906.76381,269.88369
2023-04-28 04:00:00,4.193010867613506,283.0400290988908,280.3382707900421,331.94170203164254,0.0404048647110313,1548.85183,883.53688,278.62627
2023-04-28 05:00:00,4.193010867613506,283.0400290988908,280.3382707900421,331.94170203164254,0.0404048647110313,1507.7798,865.32353,280.29764
2023-04-28 06:00:00,2.894258219740101,281.05122187209804,278.1336128309144,332.08334655372084,0.0545108446856878,1503.24149,860.77858,274.19958
2023-04-28 07:00:00,2.853609039862926,280.2493225262442,277.47386004848704,583.1654972495071,0.012644255420994,1431.85834,848.69889,277.25019
2023-04-28 08:00:00,2.853609039862926,280.2493225262442,277.47386004848704,583.1654972495071,0.012644255420994,1411.75884,847.27693,275.533
2023-04-28 09:00:00,2.853609039862926,280.2493225262442,277.47386004848704,583.1654972495071,0.012644255420994,1412.35866,856.61672,264.32112
2023-04-28 10:00:00,2.899966969814898,280.0337864260497,277.2630923670629,873.9792994157286,0.0171969648987978,1422.59878,850.08945,272.0972
2023-04-28 11:00:00,2.899966969814898,280.0337864260497,277.2630923670629,873.9792994157286,0.0171969648987978,1515.95157,845.92012,280.00553
2023-04-28 12:00:00,3.601675068910192,283.3763515203826,279.14560157996505,874.0983553388364,0.0186240894507396,1615.61809,840.73696,288.11999
2023-04-28 13:00:00,3.5563715167231047,285.8860307128847,279.8261445470529,647.6795288804958,0.0012137575357041,1710.25631,853.78527,288.55712
2023-04-28 14:00:00,3.5563715167231047,285.8860307128847,279.8261445470529,647.6795288804958,0.0012137575357041,1807.04306,867.88209,293.07436
2023-04-28 15:00:00,3.5563715167231047,285.8860307128847,279.8261445470529,647.6795288804958,0.0012137575357041,1864.87276,892.44661,305.02232
2023-04-28 16:00:00,3.231905640375726,286.853453422834,280.06342076659234,12.886227078962555,0.0015403014663045,1891.90754,893.43821,312.1415
2023-04-28 17:00:00,3.231905640375726,286.853453422834,280.06342076659234,12.886227078962555,0.0015403014663045,1933.58818,879.48174,328.02155
2023-04-28 18:00:00,3.175346528606217,284.8335478862966,279.4959170856571,12.864953911704053,0.0018677541634963,1982.06346,885.34839,325.51161
2023-04-28 19:00:00,3.162331037419656,281.7072691536856,278.19405968754324,6.432619661014277,0.0095030176229832,1991.09515,880.19775,326.15164
2023-04-28 20:00:00,3.162331037419656,281.7072691536856,278.19405968754324,6.432619661014277,0.0095030176229832,1981.24772,875.23568,324.99003
2023-04-28 21:00:00,3.162331037419656,281.7072691536856,278.19405968754324,6.432619661014277,0.0095030176229832,1964.57555,872.89708,320.08457
2023-04-28 22:00:00,3.000640547975572,280.3739360246872,277.70997937117284,0.0,0.0495631061530125,1951.83525,879.6933,310.43755
2023-04-28 23:00:00,3.000640547975572,280.3739360246872,277.70997937117284,0.0,0.0495631061530125,1954.01199,891.16047,313.81326
2023-04-29 00:00:00,3.3761316399614545,280.9991884445134,279.13399552824126,0.0,0.044381674756669,1879.76317,925.19508,270.694
2023-04-29 01:00:00,3.6002138537115007,281.0099454381248,279.2090907256893,1.155212366673419,0.0955499738112373,1834.04142,924.04278,265.69523
2023-04-29 02:00:00,3.6002138537115007,281.0099454381248,279.2090907256893,1.155212366673419,0.0955499738112373,1757.36684,913.78818,256.25942
2023-04-29 03:00:00,3.6002138537115007,281.0099454381248,279.2090907256893,1.155212366673419,0.0955499738112373,1706.21202,910.64214,251.07392
2023-04-29 04:00:00,4.867068204097971,285.4218151798537,280.4656381823446,298.9560071719296,0.2347453712619363,1644.76872,886.88913,259.75885
2023-04-29 05:00:00,4.867068204097971,285.4218151798537,280.4656381823446,298.9560071719296,0.2347453712619363,1604.98197,868.14293,261.71366
2023-04-29 06:00:00,4.558206751706599,286.2418505068658,279.30331415833086,308.8687926080238,0.1691545131789929,1604.607,863.18485,256.43069
2023-04-29 07:00:00,5.082003909827511,286.21660945469193,279.5402046462721,547.4829228302297,0.0854913118577585,1533.91363,850.67839,260.11413
2023-04-29 08:00:00,5.082003909827511,286.21660945469193,279.5402046462721,547.4829228302297,0.0854913118577585,1514.19069,849.07686,259.0687
2023-04-29 09:00:00,5.082003909827511,286.21660945469193,279.5402046462721,547.4829228302297,0.0854913118577585,1513.36977,858.28376,249.145
2023-04-29 10:00:00,4.545098206485847,284.19663242282206,279.94634610877114,797.311150887756,0.1666932549178031,1524.71654,851.75373,257.01494
2023-04-29 11:00:00,4.545098206485847,284.19663242282206,279.94634610877114,797.311150887756,0.1666932549178031,1621.22849,847.60456,265.19995
2023-04-29 12:00:00,4.942146356309275,282.9549799637198,280.1071187772885,804.0173131261705,0.1768245140575483,1723.40455,842.47456,273.55911
2023-04-29 13:00:00,5.8421064818907,282.04638687327383,279.377221931438,576.5004495111605,0.0370743295908401,1817.34406,855.83915,274.36245
2023-04-29 14:00:00,5.8421064818907,282.04638687327383,279.377221931438,576.5004495111605,0.0370743295908401,1914.23964,870.31182,279.02476
2023-04-29 15:00:00,5.8421064818907,282.04638687327383,279.377221931438,576.5004495111605,0.0370743295908401,1970.35725,895.34004,290.85803
2023-04-29 16:00:00,6.3508685536356175,281.1637358306294,278.63015242116944,10.07607182951902,0.1809402236175028,1997.04225,896.74853,297.85656
2023-04-29 17:00:00,6.3508685536356175,281.1637358306294,278.63015242116944,10.07607182951902,0.1809402236175028,2038.80724,883.01544,313.68294
2023-04-29 18:00:00,4.71420573496973,279.8560389531819,278.1952072051314,10.213318903856797,0.0923897452707877,2092.60762,889.26318,311.72723
2023-04-29 19:00:00,6.477318319412376,281.75798415584774,278.3421954478245,5.106840382435084,0.8136846914297992,2106.28487,884.37419,312.28402
2023-04-29 20:00:00,6.477318319412376,281.75798415584774,278.3421954478245,5.106840382435084,0.8136846914297992,2096.90108,879.52919,311.08208
2023-04-29 21:00:00,6.477318319412376,281.75798415584774,278.3421954478245,5.106840382435084,0.8136846914297992,2079.86056,877.19507,306.29841
2023-04-29 22:00:00,7.191545414231216,283.6409913454837,278.0883663004615,0.0,1.8464626944879587,2068.09937,884.04632,297.05401
2023-04-29 23:00:00,7.191545414231216,283.6409913454837,278.0883663004615,0.0,1.8464626944879587,2066.15222,895.43547,300.67554
2023-04-30 00:00:00,8.026397726153096,284.0427895982109,275.9482302797097,0.0,2.136005618117224,1903.20206,901.51744,240.10746
2023-04-30 01:00:00,6.842347881899349,282.8597581737571,276.24367966553285,1.0850687692032452,0.6332530802021972,1852.5404,900.62815,237.1589
2023-04-30 02:00:00,6.842347881899349,282.8597581737571,276.24367966553285,1.0850687692032452,0.6332530802021972,1768.18447,889.98477,229.61762
2023-04-30 03:00:00,6.842347881899349,282.8597581737571,276.24367966553285,1.0850687692032452,0.6332530802021972,1708.7564,886.21522,225.60591
2023-04-30 04:00:00,5.333041696786789,280.03417567760243,274.86972116703,242.6176429417473,1.0306949636974772,1636.64388,862.50136,234.2128
2023-04-30 05:00:00,5.333041696786789,280.03417567760243,274.86972116703,242.6176429417473,1.0306949636974772,1583.69464,843.30699,236.55138
2023-04-30 06:00:00,5.595622993199923,278.5771127213057,275.6908024813053,241.41907087440995,0.3520055716120319,1573.79955,838.14629,232.37207
2023-04-30 07:00:00,5.890490178258708,278.23120928518125,275.30872473337894,402.4039872031635,0.235999042100043,1490.10131,825.56639,236.91229
2023-04-30 08:00:00,5.890490178258708,278.23120928518125,275.30872473337894,402.4039872031635,0.235999042100043,1463.97684,824.09316,236.77639
2023-04-30 09:00:00,5.890490178258708,278.23120928518125,275.30872473337894,402.4039872031635,0.235999042100043,1463.28043,833.93921,228.59687
2023-04-30 10:00:00,6.186106914848298,278.05696612837744,274.9129256222277,571.348787600464,0.3946063900660392,1477.10306,828.57854,236.59391
2023-04-30 11:00:00,6.186106914848298,278.05696612837744,274.9129256222277,571.348787600464,0.3946063900660392,1586.42513,825.66288,245.15352
2023-04-30 12:00:00,7.193069920464307,281.0870373095637,275.0250824216437,582.4002171651447,0.3750084063280551,1702.64218,821.92026,253.84403
2023-04-30 13:00:00,7.301079833091034,284.0750166695258,275.73904717833864,425.2144402081241,0.0508023767554983,1812.73292,835.71644,255.14314
2023-04-30 14:00:00,7.301079833091034,284.0750166695258,275.73904717833864,425.2144402081241,0.0508023767554983,1923.662,850.06499,260.00191
2023-04-30 15:00:00,7.301079833091034,284.0750166695258,275.73904717833864,425.2144402081241,0.0508023767554983,1989.13174,874.66902,271.67992
2023-04-30 16:00:00,7.225068916444049,285.80655478704966,276.329630431889,9.566474226700544,0.3133075965553731,2021.13638,876.7543,278.51505
2023-04-30 17:00:00,7.225068916444049,285.80655478704966,276.329630431889,9.566474226700544,0.3133075965553731,2069.40826,864.58106,294.26883
2023-04-30 18:00:00,6.14006937670341,285.06429263186504,277.01795130026943,9.432004448290778,0.2581944180787847,2128.24299,871.25597,293.06353
2023-04-30 19:00:00,4.193304821527689,280.8292308509001,275.08769891333174,4.715937415669367,0.6128403971226477,2141.99523,866.47877,293.50757
2023-04-30 20:00:00,4.193304821527689,280.8292308509001,275.08769891333174,4.715937415669367,0.6128403971226477,2130.78492,861.90554,292.25109
2023-04-30 21:00:00,4.193304821527689,280.8292308509001,275.08769891333174,4.715937415669367,0.6128403971226477,2112.30163,860.42431,287.63228
2023-04-30 22:00:00,4.044148986475106,279.49764550607927,274.43808767127086,0.0,1.5083327169350105,2100.93586,867.53011,278.93294
2023-04-30 23:00:00,4.044148986475106,279.49764550607927,274.43808767127086,0.0,1.5083327169350105,2102.4483,879.23166,282.88733
2023-05-01 00:00:00,2.812045162170234,278.67169543847626,275.9069313086394,0.0,1.8386570183714208,1842.67526,867.07418,240.2267
2023-05-01 01:00:00,3.092633865331551,278.8190374620975,276.00727805933786,1.158131125618564,1.0285294330366097,1793.69602,867.20183,237.27014
2023-05-01 02:00:00,3.092633865331551,278.8190374620975,276.00727805933786,1.158131125618564,1.0285294330366097,1709.29619,856.92789,229.72148
2023-05-01 03:00:00,3.092633865331551,278.8190374620975,276.00727805933786,1.158131125618564,1.0285294330366097,1647.88557,852.97694,225.70519
2023-05-01 04:00:00,4.840251134456096,284.5085593162733,277.07985222604145,200.6171745730804,2.0412666879466097,1572.05998,830.08093,234.31237
2023-05-01 05:00:00,4.840251134456096,284.5085593162733,277.07985222604145,200.6171745730804,2.0412666879466097,1511.11846,811.1648,236.64948
2023-05-01 06:00:00,5.377709328297351,289.229744284431,279.43014686558183,188.7309002220333,2.5849429956713084,1493.41493,806.38331,232.46586
2023-05-01 07:00:00,5.121222712725368,290.73921109554124,280.76887598278984,348.8419129711631,0.5768648083122161,1402.18418,794.34836,237.00273
2023-05-01 08:00:00,5.121222712725368,290.73921109554124,280.76887598278984,348.8419129711631,0.5768648083122161,1372.3285,793.28367,236.86329
2023-05-01 09:00:00,5.121222712725368,290.73921109554124,280.76887598278984,348.8419129711631,0.5768648083122161,1372.59077,804.04577,228.67699
2023-05-01 10:00:00,3.8151556941063554,288.9933875090637,282.4446095677894,536.8555411401626,0.967243915736169,1387.07123,800.00739,236.67353
2023-05-01 11:00:00,3.8151556941063554,288.9933875090637,282.4446095677894,536.8555411401626,0.967243915736169,1501.40619,798.45242,245.23164
2023-05-01 12:00:00,2.92358483153864,282.7018550221667,277.43724033269154,555.5106457946567,1.0441494158597435,1623.71529,796.19562,253.92089
2023-05-01 13:00:00,2.7481619053013127,281.60517536827945,277.0293780404013,410.1612247390962,0.608662398338356,1743.06229,810.01315,255.21808
2023-05-01 14:00:00,2.7481619053013127,281.60517536827945,277.0293780404013,410.1612247390962,0.608662398338356,1861.58448,823.66886,260.07609
2023-05-01 15:00:00,2.7481619053013127,281.60517536827945,277.0293780404013,410.1612247390962,0.608662398338356,1933.23407,847.11288,271.75467
2023-05-01 16:00:00,3.08548417079808,280.3975323086865,277.48395046219207,11.29624635106848,1.8423865054174164,1968.36232,849.34798,278.59047
2023-05-01 17:00:00,3.08548417079808,280.3975323086865,277.48395046219207,11.29624635106848,1.8423865054174164,2020.13394,838.60458,294.34453
2023-05-01 18:00:00,2.44642845906403,281.3645785737709,277.08721760804207,588.5722891284045,1.261994376077885,2078.37763,845.20076,293.13629
2023-05-01 19:00:00,2.571875962248444,280.5322851024277,276.95443960407755,436.1362282176839,0.6526236344351366,2089.25773,840.16472,293.58078
2023-05-01 20:00:00,2.571875962248444,280.5322851024277,276.95443960407755,436.1362282176839,0.6526236344351366,2076.75954,835.72579,292.32451
2023-05-01 21:00:00,2.571875962248444,280.5322851024277,276.95443960407755,436.1362282176839,0.6526236344351366,2057.71962,835.19941,287.70504
2023-05-01 22:00:00,2.76321033830512,280.4108081393425,277.3083669884068,11.84317097232098,1.9126477555997985,2045.95556,842.51107,279.0036
2023-05-01 23:00:00,2.76321033830512,280.4108081393425,277.3083669884068,11.84317097232098,1.9126477555997985,2051.9431,854.6795,282.95667
2023-05-02 00:00:00,2.76321033830512,280.4108081393425,277.3083669884068,11.84317097232098,1.9126477555997985,1931.33284,919.29621,277.38086
2023-05-02 01:00:00,3.678843474127648,287.2554056338429,278.900596634207,5.921682325086053,2.192779886466041,1879.73712,917.50463,271.93386
2023-05-02 02:00:00,3.678843474127648,287.2554056338429,278.900596634207,5.921682325086053,2.192779886466041,1795.12929,906.11478,262.08387
2023-05-02 03:00:00,3.678843474127648,287.2554056338429,278.900596634207,5.921682325086053,2.192779886466041,1736.30262,902.00713,256.64174
2023-05-02 04:00:00,3.851042306918006,287.7598054944269,279.07888663209644,0.0,4.143898502046131,1665.48733,877.41874,265.34374
2023-05-02 05:00:00,3.851042306918006,287.7598054944269,279.07888663209644,0.0,4.143898502046131,1615.67739,857.5273,267.21467
2023-05-02 06:00:00,3.3370444822771423,285.6801953264887,280.43428750011526,0.0,4.015681584630576,1608.96724,851.77019,261.69043
2023-05-02 07:00:00,3.2884233559026663,283.3157741729948,279.2013449955825,0.9917554405022097,1.824629797147664,1528.20649,838.52138,265.18652
2023-05-02 08:00:00,3.2884233559026663,283.3157741729948,279.2013449955825,0.9917554405022097,1.824629797147664,1503.53831,836.70528,263.94224
2023-05-02 09:00:00,3.2884233559026663,283.3157741729948,279.2013449955825,0.9917554405022097,1.824629797147664,1502.41381,846.08682,253.63724
2023-05-02 10:00:00,3.168635843242785,281.95068003169973,278.6717841511813,244.2385079907674,3.300367809114506,1516.02743,840.26885,261.4794
2023-05-02 11:00:00,3.168635843242785,281.95068003169973,278.6717841511813,244.2385079907674,3.300367809114506,1623.54169,836.90855,269.58251
2023-05-02 12:00:00,3.346827583866604,280.8221973736234,277.9733163590914,241.7883502429584,3.5545623791191354,1737.50787,832.71582,277.86924
2023-05-02 13:00:00,3.432760303794362,280.1755464520621,277.8063773501514,461.1411077933953,0.5250391349102569,1843.99523,846.86163,278.56416
2023-05-02 14:00:00,3.432760303794362,280.1755464520621,277.8063773501514,461.1411077933953,0.5250391349102569,1951.99589,861.87226,283.18354
2023-05-02 15:00:00,3.432760303794362,280.1755464520621,277.8063773501514,461.1411077933953,0.5250391349102569,2015.00935,887.39804,295.05078
2023-05-02 16:00:00,4.646387675396285,284.6318258890919,278.743002969556,728.6809223928719,0.7973050110360599,2045.79333,889.90239,302.08497
2023-05-02 17:00:00,4.646387675396285,284.6318258890919,278.743002969556,728.6809223928719,0.7973050110360599,2092.71702,877.49013,317.92728
2023-05-02 18:00:00,4.736594688109592,287.7242233773617,279.09921093023524,732.4314821605784,0.5987009561762597,2151.99654,884.62221,315.8075
2023-05-02 19:00:00,4.474997761451662,288.2316741704339,279.7261432466336,537.6247469020796,0.2179599586344024,2167.04673,880.22926,316.38894
2023-05-02 20:00:00,4.474997761451662,288.2316741704339,279.7261432466336,537.6247469020796,0.2179599586344024,2156.35276,875.742,315.19894
2023-05-02 21:00:00,4.474997761451662,288.2316741704339,279.7261432466336,537.6247469020796,0.2179599586344024,2138.06955,873.93784,310.3792
2023-05-02 22:00:00,3.742205743164424,286.0953814047069,280.8751652083979,12.690154404894392,0.6947476672426581,2126.89725,881.03506,301.01562
2023-05-02 23:00:00,3.742205743164424,286.0953814047069,280.8751652083979,12.690154404894392,0.6947476672426581,2126.51392,892.4883,304.56439
2023-05-03 00:00:00,3.4293337276250835,283.9150578042097,280.05455810134345,13.104498283368397,0.6945119873566459,1939.05205,942.83161,282.99784
2023-05-03 01:00:00,3.30542401866418,282.852292914782,279.8398979561715,6.552505818515547,0.037373575373426,1888.2558,939.86268,277.17435
2023-05-03 02:00:00,3.30542401866418,282.852292914782,279.8398979561715,6.552505818515547,0.037373575373426,1805.47319,927.50974,266.97644
2023-05-03 03:00:00,3.30542401866418,282.852292914782,279.8398979561715,6.552505818515547,0.037373575373426,1749.03659,922.97409,261.31877
2023-05-03 04:00:00,3.140369482610716,282.10676895599204,279.6865907894623,0.0,0.0414103692227154,1681.5568,897.24845,270.03509
2023-05-03 05:00:00,3.140369482610716,282.10676895599204,279.6865907894623,0.0,0.0414103692227154,1636.60933,876.45948,271.83553
2023-05-03 06:00:00,2.9137449672831868,282.23732956293816,279.9905562221919,0.0,0.0261422172908757,1633.86026,869.9308,266.1086
2023-05-03 07:00:00,3.467217839269666,285.5992944276109,281.5257981561699,1.7678135475307344,0.0032657932888297,1557.82394,855.81416,269.44737
2023-05-03 08:00:00,3.467217839269666,285.5992944276109,281.5257981561699,1.7678135475307344,0.0032657932888297,1535.48637,853.55012,268.03607
2023-05-03 09:00:00,3.467217839269666,285.5992944276109,281.5257981561699,1.7678135475307344,0.0032657932888297,1534.12249,862.31632,257.41075
2023-05-03 10:00:00,3.37598963812402,287.89219147042,282.4625851810883,307.2291043466641,0.0065930735696862,1547.0066,855.88272,265.22955
2023-05-03 11:00:00,3.37598963812402,287.89219147042,282.4625851810883,307.2291043466641,0.0065930735696862,1650.39467,851.92225,273.26387
2023-05-03 12:00:00,3.1338523950946007,288.55095494798434,282.8690493434781,306.7206003268026,0.0047624340835436,1759.70696,847.11917,281.48978
2023-05-03 13:00:00,2.71814473839686,287.20785710688483,283.44588304216984,491.6756365648097,0.017827355112138,1860.34856,861.7115,282.09364
2023-05-03 14:00:00,2.71814473839686,287.20785710688483,283.44588304216984,491.6756365648097,0.017827355112138,1963.36828,877.58491,286.67696
2023-05-03 15:00:00,2.71814473839686,287.20785710688483,283.44588304216984,491.6756365648097,0.017827355112138,2022.81723,904.31632,298.57269
2023-05-03 16:00:00,2.470627325128305,284.7676106258907,282.8014988221543,655.8114871894832,0.0484163472779313,2051.65924,907.35287,305.6369
2023-05-03 17:00:00,2.470627325128305,284.7676106258907,282.8014988221543,655.8114871894832,0.0484163472779313,2096.27823,894.60163,321.49254
2023-05-03 18:00:00,2.2346130985875146,283.3194375872929,281.995185098157,663.4207919303819,0.0518501496906247,2154.49687,902.31995,319.23497
2023-05-03 19:00:00,2.1416705144177097,282.5057621725296,281.4202122442165,481.3866037586704,0.0272247474988513,2170.15869,898.42445,319.83709
2023-05-03 20:00:00,2.1416705144177097,282.5057621725296,281.4202122442165,481.3866037586704,0.0272247474988513,2160.17868,894.04385,318.6571
2023-05-03 21:00:00,2.1416705144177097,282.5057621725296,281.4202122442165,481.3866037586704,0.0272247474988513,2142.35855,891.80463,313.80711
2023-05-03 22:00:00,2.420846179010709,282.4975292796137,281.3446734313831,11.3363553599755,0.0650794284462132,2131.18005,898.88603,304.34344
2023-05-03 23:00:00,2.420846179010709,282.4975292796137,281.3446734313831,11.3363553599755,0.0650794284462132,2128.99841,910.01087,307.83107
2023-05-04 00:00:00,3.396967237676862,286.8181400738432,282.3128393223741,11.149465986570444,0.0784063200477892,1950.73119,995.37092,246.62105
2023-05-04 01:00:00,3.778236336275452,289.64827682263854,281.9098090861524,5.574720549783235,0.1022427106068042,1899.81719,990.12972,243.23588
2023-05-04 02:00:00,3.778236336275452,289.64827682263854,281.9098090861524,5.574720549783235,0.1022427106068042,1817.41489,976.15126,235.29114
2023-05-04 03:00:00,3.778236336275452,289.64827682263854,281.9098090861524,5.574720549783235,0.1022427106068042,1761.79733,971.06742,231.02948
2023-05-04 04:00:00,4.075126418189948,289.5054908852469,281.71388531788193,0.0,0.2755430193758483,1695.61881,943.2298,239.65299
2023-05-04 05:00:00,4.075126418189948,289.5054908852469,281.71388531788193,0.0,0.2755430193758483,1652.99821,920.95907,241.90982
2023-05-04 06:00:00,4.288321032304434,286.9122915368664,282.2699539659852,0.0,0.2910010603258537,1652.36154,913.08622,237.49551
2023-05-04 07:00:00,3.7857349438817,284.0252832084189,281.226599042009,1.8428921866540189,0.2152068027690891,1578.54759,897.39786,241.85325
2023-05-04 08:00:00,3.7857349438817,284.0252832084189,281.226599042009,1.8428921866540189,0.2152068027690891,1557.30876,894.25847,241.52368
2023-05-04 09:00:00,3.7857349438817,284.0252832084189,281.226599042009,1.8428921866540189,0.2152068027690891,1555.73587,901.6431,232.9727
2023-05-04 10:00:00,3.4816134809966863,282.8658039850412,280.8464406710491,316.3065187697923,0.3541131163049034,1568.3613,893.6229,240.94269
2023-05-04 11:00:00,3.4816134809966863,282.8658039850412,280.8464406710491,316.3065187697923,0.3541131163049034,1670.06968,888.07941,249.42252
2023-05-04 12:00:00,3.6583095487411192,282.1725396765726,280.46890410421,320.61847853320785,0.2893083117181355,1777.41481,881.61506,258.04248
2023-05-04 13:00:00,3.8209063588378687,281.85227158353,280.0734118785329,549.585652957398,0.0128196258944856,1875.31743,896.86401,259.236
2023-05-04 14:00:00,3.8209063588378687,281.85227158353,280.0734118785329,549.585652957398,0.0128196258944856,1976.0523,914.37606,264.05295
2023-05-04 15:00:00,3.8209063588378687,281.85227158353,280.0734118785329,549.585652957398,0.0128196258944856,2033.7418,943.49405,275.764
2023-05-04 16:00:00,5.183152401292279,285.71553105550095,280.57427036503805,786.3191064403721,0.0198909515775138,2061.66574,947.25042,282.63394
2023-05-04 17:00:00,5.183152401292279,285.71553105550095,280.57427036503805,786.3191064403721,0.0198909515775138,2105.22975,933.27167,298.4032
2023-05-04 18:00:00,5.612837122517584,289.24217264941217,280.3192643598421,788.3596958378755,0.0295050212413624,2163.3305,941.90586,297.03808
2023-05-04 19:00:00,6.01733286806691,290.7178940265876,280.3176799280379,589.4585721216629,0.0039104706397023,2179.5966,938.88407,297.50612
2023-05-04 20:00:00,6.01733286806691,290.7178940265876,280.3176799280379,589.4585721216629,0.0039104706397023,2169.97746,934.59537,296.26126
2023-05-04 21:00:00,6.01733286806691,290.7178940265876,280.3176799280379,589.4585721216629,0.0039104706397023,2152.3446,931.22437,291.60736
2023-05-04 22:00:00,4.627433684022185,288.67902908640394,281.14956774693246,15.608062637322911,0.0049408144726836,2141.23131,938.17841,282.79191
2023-05-04 23:00:00,4.627433684022185,288.67902908640394,281.14956774693246,15.608062637322911,0.0049408144726836,2137.9354,948.57701,286.67543
2023-05-05 00:00:00,3.9718975081791488,283.96079320679,278.72876533115686,15.686881893862328,0.0046355720824503,1877.25651,1002.09481,305.46302
2023-05-05 01:00:00,3.815134567976029,281.79312697335905,277.6358753062965,7.843516534331055,0.0,1830.99209,996.31713,298.13372
2023-05-05 02:00:00,3.815134567976029,281.79312697335905,277.6358753062965,7.843516534331055,0.0,1753.21618,981.76848,286.54429
2023-05-05 03:00:00,3.815134567976029,281.79312697335905,277.6358753062965,7.843516534331055,0.0,1700.68813,976.33331,280.02448
2023-05-05 04:00:00,4.130403631141171,280.2477645618771,276.5537785913757,0.0,0.0,1637.36216,947.93074,288.79813
2023-05-05 05:00:00,4.130403631141171,280.2477645618771,276.5537785913757,0.0,0.0,1594.92294,925.10994,290.31671
2023-05-05 06:00:00,4.823212474823652,279.79330175533767,276.0303727457249,0.0,0.0,1592.43312,916.80403,283.77918
2023-05-05 07:00:00,7.337244338356743,284.52240921547684,275.62860648686734,2.242734021433539,0.0,1519.15421,900.66214,286.48862
2023-05-05 08:00:00,7.337244338356743,284.52240921547684,275.62860648686734,2.242734021433539,0.0,1498.1562,897.32465,284.4093
2023-05-05 09:00:00,7.337244338356743,284.52240921547684,275.62860648686734,2.242734021433539,0.0,1497.44583,904.53788,272.5029
2023-05-05 10:00:00,8.189697702884567,287.2152795713585,275.3612876772497,330.6805152629772,0.0,1509.20975,896.46135,280.22838
2023-05-05 11:00:00,8.189697702884567,287.2152795713585,275.3612876772497,330.6805152629772,0.0,1608.03592,890.88323,287.98756
2023-05-05 12:00:00,8.069648328200323,288.2316316434741,275.6104469852121,331.8145600474151,0.0,1712.80615,884.41253,295.97009
2023-05-05 13:00:00,6.135980733381958,286.0875476531571,276.5736393916281,564.4623221794891,0.0,1809.94744,899.98041,296.20979
2023-05-05 14:00:00,6.135980733381958,286.0875476531571,276.5736393916281,564.4623221794891,0.0,1909.58128,917.90053,300.64883
2023-05-05 15:00:00,6.135980733381958,286.0875476531571,276.5736393916281,564.4623221794891,0.0,1967.63223,947.53431,312.65861
2023-05-05 16:00:00,4.347794000998846,281.79630621541304,274.6229640338921,746.2464190551534,0.0,1995.37896,951.70611,319.84282
2023-05-05 17:00:00,4.347794000998846,281.79630621541304,274.6229640338921,746.2464190551534,0.0,2038.41167,937.89541,335.75179
2023-05-05 18:00:00,4.3812727302221095,280.0014180864132,273.9520549305652,764.9721681664023,0.0,2092.87392,946.91803,332.94306
2023-05-05 19:00:00,4.699600806442372,278.85665242595405,273.4998455002709,529.2542619843517,0.0063604134862041,2106.28386,944.1713,333.62802
2023-05-05 20:00:00,4.699600806442372,278.85665242595405,273.4998455002709,529.2542619843517,0.0063604134862041,2096.51487,939.99551,332.48809
2023-05-05 21:00:00,4.699600806442372,278.85665242595405,273.4998455002709,529.2542619843517,0.0063604134862041,2079.21439,936.5904,327.517
2023-05-05 22:00:00,5.03565121245091,278.36410711680406,273.4466726112856,8.264548414922155,0.0719867533506828,2067.47105,943.59177,317.65297
2023-05-05 23:00:00,5.03565121245091,278.36410711680406,273.4466726112856,8.264548414922155,0.0719867533506828,2066.45091,953.89265,320.89614
2023-05-06 00:00:00,6.836717589525053,283.88874714246964,274.28163208199663,9.186132191123855,0.0739126548170848,1813.03132,1024.46009,277.23
2023-05-06 01:00:00,7.396556022793417,287.6925289715123,274.52147653586474,4.593229782615314,0.1999260655602188,1770.6088,1017.55545,271.79313
2023-05-06 02:00:00,7.396556022793417,287.6925289715123,274.52147653586474,4.593229782615314,0.1999260655602188,1696.47874,1002.07976,261.95249
2023-05-06 03:00:00,7.396556022793417,287.6925289715123,274.52147653586474,4.593229782615314,0.1999260655602188,1646.18284,996.22857,256.51615
2023-05-06 04:00:00,7.142376585539149,289.18756212147434,275.69212762337173,0.0,0.5778302347614045,1584.72356,966.73556,265.21778
2023-05-06 05:00:00,7.142376585539149,289.18756212147434,275.69212762337173,0.0,0.5778302347614045,1541.60074,943.04993,267.09058
2023-05-06 06:00:00,5.361196689670949,287.06418427361507,277.33854343304574,0.0,0.6654540215339975,1536.84147,934.00232,261.57177
2023-05-06 07:00:00,3.897804814415002,282.16858117227173,275.3232612008616,1.2313492863075417,0.4048325169957466,1463.20572,917.02735,265.0721
2023-05-06 08:00:00,3.897804814415002,282.16858117227173,275.3232612008616,1.2313492863075417,0.4048325169957466,1442.01181,913.26145,263.83231
2023-05-06 09:00:00,3.897804814415002,282.16858117227173,275.3232612008616,1.2313492863075417,0.4048325169957466,1442.08119,919.89009,253.53591
2023-05-06 10:00:00,3.70274765541639,280.4491674044001,274.6837360756467,181.5517955310836,0.7400090208488375,1453.23334,911.23338,261.3787
2023-05-06 11:00:00,3.70274765541639,280.4491674044001,274.6837360756467,181.5517955310836,0.7400090208488375,1550.30381,905.09043,269.48362
2023-05-06 12:00:00,3.522979093149168,279.17609417703363,274.0045888941779,190.41782221774292,0.6675311885652437,1653.67303,898.04654,277.77201
2023-05-06 13:00:00,3.624990388290068,278.84072824475805,273.99296422271493,326.35017568224043,0.1630821638468394,1751.17072,914.04654,278.46937
2023-05-06 14:00:00,3.624990388290068,278.84072824475805,273.99296422271493,326.35017568224043,0.1630821638468394,1850.72122,932.79304,283.08973
2023-05-06 15:00:00,3.624990388290068,278.84072824475805,273.99296422271493,326.35017568224043,0.1630821638468394,1909.69629,963.57941,294.9562
2023-05-06 16:00:00,5.358180120026587,285.34975964942646,274.98808158093686,428.7581226543064,0.5376580455728932,1937.62613,968.26754,301.98961
2023-05-06 17:00:00,5.358180120026587,285.34975964942646,274.98808158093686,428.7581226543064,0.5376580455728932,1980.60155,954.14543,317.83155
2023-05-06 18:00:00,6.169768791625156,289.2864637790959,275.248320835399,463.0670693423453,0.4142361883567946,2032.13206,963.73418,315.71548
2023-05-06 19:00:00,5.93331668793804,290.88155237983153,275.9671258990719,332.92230364677334,0.6161426939921746,2042.99201,961.46544,316.29634
2023-05-06 20:00:00,5.93331668793804,290.88155237983153,275.9671258990719,332.92230364677334,0.6161426939921746,2032.97141,957.39436,315.10607
2023-05-06 21:00:00,5.93331668793804,290.88155237983153,275.9671258990719,332.92230364677334,0.6161426939921746,2015.87561,953.57936,310.28715
2023-05-06 22:00:00,3.9239863824579353,288.59671777479616,278.5418746722321,6.864846504997377,1.332335513234094,2003.59421,960.56791,300.92625
2023-05-06 23:00:00,3.9239863824579353,288.59671777479616,278.5418746722321,6.864846504997377,1.332335513234094,2004.83185,970.5565,304.47668
2023-05-07 00:00:00,2.9381774874327653,282.720180583167,276.0600354210519,6.128399856563547,1.7952776284286645,1760.8519,976.63266,250.98063
2023-05-07 01:00:00,2.6842745987069208,280.8468752908727,275.0723344823502,3.064331152969938,0.6044375374238267,1718.00344,970.91565,247.30327
2023-05-07 02:00:00,2.6842745987069208,280.8468752908727,275.0723344823502,3.064331152969938,0.6044375374238267,1640.46649,955.62213,239.0885
2023-05-07 03:00:00,2.6842745987069208,280.8468752908727,275.0723344823502,3.064331152969938,0.6044375374238267,1584.50519,949.26232,234.6595
2023-05-07 04:00:00,2.4654260550307407,279.4848301463917,274.4480144037183,0.0,0.9212803140549364,1514.54638,920.63573,243.29413
2023-05-07 05:00:00,2.4654260550307407,279.4848301463917,274.4480144037183,0.0,0.9212803140549364,1457.41913,897.00737,245.49628
2023-05-07 06:00:00,2.264640932193232,279.9347648114185,275.1483175316357,0.0,0.7573817194093732,1440.4392,888.24782,240.92466
2023-05-07 07:00:00,3.0816439682708863,287.1811047388027,276.7603577648887,1.820135014132488,0.0948597598581358,1353.34213,871.79899,245.1603
2023-05-07 08:00:00,3.0816439682708863,287.1811047388027,276.7603577648887,1.820135014132488,0.0948597598581358,1325.49794,868.52178,244.70107
2023-05-07 09:00:00,3.0816439682708863,287.1811047388027,276.7603577648887,1.820135014132488,0.0948597598581358,1326.61078,876.42726,235.9015
2023-05-07 10:00:00,3.2124744578127347,291.44182380331773,277.9672643755226,204.34479090329583,0.2998757343818786,1339.52497,869.74064,243.85338
2023-05-07 11:00:00,3.2124744578127347,291.44182380331773,277.9672643755226,204.34479090329583,0.2998757343818786,1447.37233,865.64069,252.27977
2023-05-07 12:00:00,3.044335122646939,292.75202703955733,279.1844638136121,224.6490593137821,0.5084125378350264,1563.17021,860.84832,260.85252
2023-05-07 13:00:00,2.451231847334983,290.2391484610096,282.46737155122463,383.7376000810733,0.9863764404677552,1677.28393,877.09252,261.97539
2023-05-07 14:00:00,2.451231847334983,290.2391484610096,282.46737155122463,383.7376000810733,0.9863764404677552,1790.80863,895.05827,266.76432
2023-05-07 15:00:00,2.451231847334983,290.2391484610096,282.46737155122463,383.7376000810733,0.9863764404677552,1860.25097,924.42592,278.49752
2023-05-07 16:00:00,2.486679579412729,285.6342232500019,280.41891806807814,524.3662098329082,2.43969397377216,1893.7309,929.6176,285.39075
2023-05-07 17:00:00,2.486679579412729,285.6342232500019,280.41891806807814,524.3662098329082,2.43969397377216,1943.16384,917.77787,301.17034
2023-05-07 18:00:00,2.559549292843903,284.30512077972384,280.2278189772856,547.070988905987,1.609015786519699,1996.28783,927.50492,299.69829
2023-05-07 19:00:00,2.654603841331258,283.6478881558703,280.4136667252998,375.198768145452,1.3242389234398486,2004.21792,925.02591,300.18239
2023-05-07 20:00:00,2.654603841331258,283.6478881558703,280.4136667252998,375.198768145452,1.3242389234398486,1992.06938,921.23367,298.94531
2023-05-07 21:00:00,2.654603841331258,283.6478881558703,280.4136667252998,375.198768145452,1.3242389234398486,1973.76804,918.8458,294.26789
2023-05-07 22:00:00,2.779425543092012,284.3638099039538,281.3101116098129,6.6821877372171645,2.635051209793407,1961.24883,926.17839,285.37477
2023-05-07 23:00:00,2.779425543092012,284.3638099039538,281.3101116098129,6.6821877372171645,2.635051209793407,1968.61667,936.81084,289.21084
2023-05-08 00:00:00,4.018750988963825,289.71968701539754,283.4511368898411,7.072672910040413,2.1423661944051484,1880.7312,971.66535,258.80718
2023-05-08 01:00:00,4.807450021267815,293.22370553758265,285.38050320051383,3.5361156038697974,0.5725757405741894,1828.87811,965.86097,254.60521
2023-05-08 02:00:00,4.807450021267815,293.22370553758265,285.38050320051383,3.5361156038697974,0.5725757405741894,1741.2457,950.2758,245.90566
2023-05-08 03:00:00,4.807450021267815,293.22370553758265,285.38050320051383,3.5361156038697974,0.5725757405741894,1677.25269,943.62205,241.17632
2023-05-08 04:00:00,4.796095933425911,293.6763774716003,286.6047150204807,0.0,1.2885465996564458,1598.63442,914.83276,249.83089
2023-05-08 05:00:00,4.796095933425911,293.6763774716003,286.6047150204807,0.0,1.2885465996564458,1535.83299,890.90123,251.93488
2023-05-08 06:00:00,4.413558422695292,290.79942048751275,286.9754624932094,0.0,0.6114578904453222,1517.72685,881.94781,247.08084
2023-05-08 07:00:00,4.473123073599957,288.8165781577311,286.43623523295264,1.4717458035629956,0.4428041504701723,1424.48935,865.33711,251.09723
2023-05-08 08:00:00,4.473123073599957,288.8165781577311,286.43623523295264,1.4717458035629956,0.4428041504701723,1393.65658,862.03696,250.40526
2023-05-08 09:00:00,4.473123073599957,288.8165781577311,286.43623523295264,1.4717458035629956,0.4428041504701723,1393.52616,870.07968,241.15942
2023-05-08 10:00:00,4.387793196343109,288.3611776436673,286.72573039995825,148.0279030544518,1.2246133733172957,1408.74923,863.72352,249.07876
2023-05-08 11:00:00,4.387793196343109,288.3611776436673,286.72573039995825,148.0279030544518,1.2246133733172957,1526.1796,859.97967,257.40931
2023-05-08 12:00:00,4.374725486536567,287.8601492288791,286.3971423475765,164.73041250549974,0.7359476051270898,1651.60367,855.59801,265.89726
2023-05-08 13:00:00,4.339321020175078,287.7925667485646,286.5700459437031,270.80364668103385,0.4929063790826881,1773.48885,872.06912,266.89328
2023-05-08 14:00:00,4.339321020175078,287.7925667485646,286.5700459437031,270.80364668103385,0.4929063790826881,1894.42515,890.12389,271.63195
2023-05-08 15:00:00,4.339321020175078,287.7925667485646,286.5700459437031,270.80364668103385,0.4929063790826881,1967.1634,919.52459,283.40487
2023-05-08 16:00:00,4.98220437788019,290.6500211128402,287.8055439890595,356.7028483913823,1.2667220713873608,2003.0927,925.04573,290.33989
2023-05-08 17:00:00,4.98220437788019,290.6500211128402,287.8055439890595,356.7028483913823,1.2667220713873608,2055.99358,913.72185,306.13806
2023-05-08 18:00:00,4.973802387773372,293.8565300285384,288.2211778390371,371.4322394067926,1.1586351808382374,2116.64403,923.69586,304.47397
2023-05-08 19:00:00,4.612356768875767,295.6221980071035,288.3939360733145,271.86724960715026,0.8550865936001615,2128.8906,921.33498,304.98696
2023-05-08 20:00:00,4.612356768875767,295.6221980071035,288.3939360733145,271.86724960715026,0.8550865936001615,2116.21752,917.65851,303.76384
2023-05-08 21:00:00,4.612356768875767,295.6221980071035,288.3939360733145,271.86724960715026,0.8550865936001615,2096.82522,915.51372,299.04422
2023-05-08 22:00:00,3.840365019822749,294.0336764828636,289.2313142316451,9.285829592688646,1.387773865743992,2085.41367,922.93663,290.01163
2023-05-08 23:00:00,3.840365019822749,294.0336764828636,289.2313142316451,9.285829592688646,1.387773865743992,2090.78672,933.63188,293.76252
2023-05-09 00:00:00,3.7673293700770296,289.8054730703566,287.42884466523185,10.764165399728014,1.282796124420973,1917.93759,1005.82532,281.34831
2023-05-09 01:00:00,3.645058529463742,288.37380140141664,286.96344557876915,5.382284555848085,0.2819691249892124,1866.54137,998.79719,275.63541
2023-05-09 02:00:00,3.645058529463742,288.37380140141664,286.96344557876915,5.382284555848085,0.2819691249892124,1781.61298,982.52871,265.53964
2023-05-09 03:00:00,3.645058529463742,288.37380140141664,286.96344557876915,5.382284555848085,0.2819691249892124,1721.98252,975.80863,259.94527
2023-05-09 04:00:00,3.4205483047019545,287.49474787949697,286.46601425409085,0.0,0.4466167221247297,1649.8569,945.95024,268.65738
2023-05-09 05:00:00,3.4205483047019545,287.49474787949697,286.46601425409085,0.0,0.4466167221247297,1597.62177,921.42724,270.47853
2023-05-09 06:00:00,3.435566202266048,288.4710160768483,287.4617524818302,0.0,0.573624395618237,1588.6773,911.86918,264.81114
2023-05-09 07:00:00,4.318682565253846,292.7473099892832,288.6135091141897,1.8039332267039123,0.0790445550537602,1505.60695,894.49696,268.1961
2023-05-09 08:00:00,4.318682565253846,292.7473099892832,288.6135091141897,1.8039332267039123,0.0790445550537602,1479.79627,890.71636,266.83384
2023-05-09 09:00:00,4.318682565253846,292.7473099892832,288.6135091141897,1.8039332267039123,0.0790445550537602,1478.90396,897.85532,256.30258
2023-05-09 10:00:00,4.7314139644946245,297.54937674114467,288.9605430260509,226.23637404393816,0.2394078133049991,1492.77337,890.31617,264.12826
2023-05-09 11:00:00,4.7314139644946245,297.54937674114467,288.9605430260509,226.23637404393816,0.2394078133049991,1601.99252,885.36979,272.18279
2023-05-09 12:00:00,5.168787805822084,299.30921081164774,288.3226792081164,235.4897359470619,0.2373456742905252,1717.96889,879.69524,280.42655
2023-05-09 13:00:00,4.326916514229524,296.62371120725777,290.01051291959715,389.0462398983076,0.1241109968467221,1827.30133,896.35081,281.05714
2023-05-09 14:00:00,4.326916514229524,296.62371120725777,290.01051291959715,389.0462398983076,0.1241109968467221,1937.66758,915.26629,285.65103
2023-05-09 15:00:00,4.326916514229524,296.62371120725777,290.01051291959715,389.0462398983076,0.1241109968467221,2002.52268,946.00175,297.5384
2023-05-09 16:00:00,4.449740034779182,290.3183263351566,288.072539791924,450.2261976694234,0.3190714534841106,2034.26159,951.65725,304.59383
2023-05-09 17:00:00,4.449740034779182,290.3183263351566,288.072539791924,450.2261976694234,0.3190714534841106,2082.27725,939.19988,320.44555
2023-05-09 18:00:00,4.059320701950655,290.9701311854293,288.63088646548044,468.30596615180696,0.4487619896903231,2141.61982,949.48953,318.22844
2023-05-09 19:00:00,2.94804667223325,289.5786114438872,288.35808930428914,322.9608820709241,0.359735086672538,2155.99261,947.52831,318.82446
2023-05-09 20:00:00,2.94804667223325,289.5786114438872,288.35808930428914,322.9608820709241,0.359735086672538,2144.91976,943.80716,317.64156
2023-05-09 21:00:00,2.94804667223325,289.5786114438872,288.35808930428914,322.9608820709241,0.359735086672538,2126.44627,940.8123,312.80045
2023-05-09 22:00:00,4.168756115839551,295.4223871299161,289.97884115980173,7.1530015036805,0.7135365036937086,2115.19565,948.08668,303.36616
2023-05-09 23:00:00,4.168756115839551,295.4223871299161,289.97884115980173,7.1530015036805,0.7135365036937086,2116.01225,958.31476,306.87175
2023-05-10 00:00:00,4.064715460448338,300.6296015684395,289.6615472596135,7.701723887161923,0.8709178988226253,1907.07534,1077.86988,286.31874
2023-05-10 01:00:00,4.269758620457594,302.27711607252337,289.1521294060253,3.8508063931931455,0.4626999567510271,1857.58021,1067.84084,280.27264
2023-05-10 02:00:00,4.269758620457594,302.27711607252337,289.1521294060253,3.8508063931931455,0.4626999567510271,1775.51474,1049.51253,269.86905
2023-05-10 03:00:00,4.269758620457594,302.27711607252337,289.1521294060253,3.8508063931931455,0.4626999567510271,1718.89993,1042.17218,264.08392
2023-05-10 04:00:00,3.3446864236163987,298.89112431146856,291.2246450032624,0.0,0.8779231018656026,1650.62268,1009.55547,272.8087
2023-05-10 05:00:00,3.3446864236163987,298.89112431146856,291.2246450032624,0.0,0.8779231018656026,1603.01583,983.16898,274.56748
2023-05-10 06:00:00,4.19775532352916,293.7691693034142,289.6568442599512,0.0,0.8359523589871447,1597.3477,971.88979,268.72073
2023-05-10 07:00:00,3.671484774962216,292.1030670332661,289.038467187381,1.5953727983663808,0.7724302496073235,1518.86286,952.48033,271.96648
2023-05-10 08:00:00,3.671484774962216,292.1030670332661,289.038467187381,1.5953727983663808,0.7724302496073235,1495.30867,947.53954,270.4564
2023-05-10 09:00:00,3.671484774962216,292.1030670332661,289.038467187381,1.5953727983663808,0.7724302496073235,1494.40355,952.78162,259.64175
2023-05-10 10:00:00,3.239136858110646,290.92668394572786,288.716932948689,221.6768549349651,1.890786176987084,1507.37272,942.99819,267.44675
2023-05-10 11:00:00,3.239136858110646,290.92668394572786,288.716932948689,221.6768549349651,1.890786176987084,1611.99052,935.8026,275.4404
2023-05-10 12:00:00,2.9330384671203307,290.8491051539823,289.3618618675372,237.1469136553908,1.3533720226885604,1722.9445,927.75364,283.63029
2023-05-10 13:00:00,3.963714655547073,295.95746338188866,290.47061831035785,448.1938885161014,0.6295588971832278,1826.57858,945.19977,284.18035
2023-05-10 14:00:00,3.963714655547073,295.95746338188866,290.47061831035785,448.1938885161014,0.6295588971832278,1931.97786,966.26951,288.74233
2023-05-10 15:00:00,3.963714655547073,295.95746338188866,290.47061831035785,448.1938885161014,0.6295588971832278,1993.56209,1000.17923,300.65493
2023-05-10 16:00:00,4.434535485232537,299.79116469645345,290.326676892726,713.9872414234791,0.8858198298030449,2023.42669,1006.67075,307.73686
2023-05-10 17:00:00,4.434535485232537,299.79116469645345,290.326676892726,713.9872414234791,0.8858198298030449,2069.13851,992.37823,323.60041
2023-05-10 18:00:00,4.835785365592093,301.23526075290704,290.4624940084136,687.3208625842688,1.0860717195749514,2126.58301,1003.79696,321.26135
2023-05-10 19:00:00,4.042884461115419,297.9612896514407,291.3318200218514,514.6172733745437,0.1900791330993093,2140.82726,1002.95764,321.8757
2023-05-10 20:00:00,4.042884461115419,297.9612896514407,291.3318200218514,514.6172733745437,0.1900791330993093,2130.39037,999.3151,320.70165
2023-05-10 21:00:00,4.042884461115419,297.9612896514407,291.3318200218514,514.6172733745437,0.1900791330993093,2112.4355,994.71671,315.83376
2023-05-10 22:00:00,3.5979164490164552,293.32315997937644,290.270827436208,17.72934296278475,0.5253183649213445,2101.02338,1001.78658,306.31089
2023-05-10 23:00:00,3.5979164490164552,293.32315997937644,290.270827436208,17.72934296278475,0.5253183649213445,2100.70656,1011.02112,309.76238
2023-05-11 00:00:00,2.7595723681732025,292.1063204201823,289.3341518271596,17.685077308908312,0.689917513306983,1831.87922,1086.3753,271.9975
2023-05-11 01:00:00,2.680526667208224,291.1943118717317,289.079482531264,8.84264926910957,0.3183911354893528,1787.42793,1075.75355,266.91136
2023-05-11 02:00:00,2.680526667208224,291.1943118717317,289.079482531264,8.84264926910957,0.3183911354893528,1710.60955,1056.83113,257.39483
2023-05-11 03:00:00,2.680526667208224,291.1943118717317,289.079482531264,8.84264926910957,0.3183911354893528,1657.75834,1049.1448,252.15928
2023-05-11 04:00:00,2.325989513337184,291.1345555336134,289.2503973330214,0.0,0.4008137029883127,1593.20625,1015.91669,260.84752
2023-05-11 05:00:00,2.325989513337184,291.1345555336134,289.2503973330214,0.0,0.4008137029883127,1546.86683,988.96078,262.78599
2023-05-11 06:00:00,3.588577938547881,296.62674969673,291.04072277530315,0.0,0.453150556982562,1540.13696,977.22524,257.45599
2023-05-11 07:00:00,4.328880303861107,300.38731984616913,290.2878173970573,3.372367671336036,0.0008143075409584,1463.25927,957.33045,261.10292
2023-05-11 08:00:00,4.328880303861107,300.38731984616913,290.2878173970573,3.372367671336036,0.0008143075409584,1440.47346,952.16934,260.01871
2023-05-11 09:00:00,4.328880303861107,300.38731984616913,290.2878173970573,3.372367671336036,0.0008143075409584,1440.41819,957.19268,250.02068
2023-05-11 10:00:00,4.803120965046852,300.9386408723597,289.87352896029495,355.3636555762545,0.0028736089811346,1452.3239,947.28653,257.88524
2023-05-11 11:00:00,4.803120965046852,300.9386408723597,289.87352896029495,355.3636555762545,0.0028736089811346,1553.01027,939.98827,266.05424
2023-05-11 12:00:00,4.033465615741888,298.9905103355346,291.6452269340811,358.7213301467258,0.0045369562661549,1660.23794,931.859,274.3993
2023-05-11 13:00:00,4.679631433513306,294.05573194524504,290.15306620559585,560.9457178335264,0.0483253614650035,1761.7792,949.6263,275.18151
2023-05-11 14:00:00,4.679631433513306,294.05573194524504,290.15306620559585,560.9457178335264,0.0483253614650035,1864.92228,971.14274,279.83544
2023-05-11 15:00:00,4.679631433513306,294.05573194524504,290.15306620559585,560.9457178335264,0.0483253614650035,1926.09482,1005.63116,291.67533
2023-05-11 16:00:00,4.4207461186851855,291.90840802448474,289.7496942354159,770.3002342184167,0.1306445863342375,1955.34319,1012.53487,298.68083
2023-05-11 17:00:00,4.4207461186851855,291.90840802448474,289.7496942354159,770.3002342184167,0.1306445863342375,1999.98823,998.34091,314.51031
2023-05-11 18:00:00,3.457626992715338,290.5461750692966,288.98966214406585,758.3325161564046,0.1484066555809283,2053.38917,1010.15606,312.52264
2023-05-11 19:00:00,3.1323014590344656,290.695275971166,289.3355329062661,574.9521337335783,0.0535798442369186,2064.77956,1009.60745,313.0842
2023-05-11 20:00:00,3.1323014590344656,290.695275971166,289.3355329062661,574.9521337335783,0.0535798442369186,2054.34382,1006.07228,311.88461
2023-05-11 21:00:00,3.1323014590344656,290.695275971166,289.3355329062661,574.9521337335783,0.0535798442369186,2036.8395,1001.39192,307.09392
2023-05-11 22:00:00,4.273487674288184,295.0836340819168,290.7532114800153,19.21666566789884,0.0861298440555523,2024.76668,1008.49943,297.82625
2023-05-11 23:00:00,4.273487674288184,295.0836340819168,290.7532114800153,19.21666566789884,0.0861298440555523,2026.43313,1017.61201,301.43362
2023-05-12 00:00:00,4.64078248740085,297.4735742719667,289.57755194723813,19.12233286996704,0.0917454144936922,1825.5737,1124.2967,254.8463
2023-05-12 01:00:00,5.16917918702894,298.6857373041311,289.8806161846647,9.560825524389806,0.0123235131101787,1781.69517,1111.97116,250.90981
2023-05-12 02:00:00,5.16917918702894,298.6857373041311,289.8806161846647,9.560825524389806,0.0123235131101787,1705.58601,1091.78137,242.45561
2023-05-12 03:00:00,5.16917918702894,298.6857373041311,289.8806161846647,9.560825524389806,0.0123235131101787,1653.36628,1083.62663,237.87828
2023-05-12 04:00:00,4.855682983091773,295.73454997821415,290.633157598328,0.0,0.0266089863705752,1589.54961,1048.79764,246.52277
2023-05-12 05:00:00,4.855682983091773,295.73454997821415,290.633157598328,0.0,0.0266089863705752,1543.88443,1020.67878,248.67643
2023-05-12 06:00:00,4.810309367442965,291.1390513789228,288.32252737487653,0.0,0.0314849193207522,1537.50391,1007.90531,243.9653
2023-05-12 07:00:00,4.604120988411413,289.96160651407627,287.7401463605272,2.937919640381184,0.0108877570663045,1461.31731,986.81058,248.09265
2023-05-12 08:00:00,4.604120988411413,289.96160651407627,287.7401463605272,2.937919640381184,0.0108877570663045,1438.8702,980.99532,247.51849
2023-05-12 09:00:00,4.604120988411413,289.96160651407627,287.7401463605272,2.937919640381184,0.0108877570663045,1438.86891,985.02294,238.49847
2023-05-12 10:00:00,4.612646777133099,289.2970658048132,287.4487361386773,348.60271735014226,0.0193161361879503,1450.58993,974.00971,246.43426
2023-05-12 11:00:00,4.612646777133099,289.2970658048132,287.4487361386773,348.60271735014226,0.0193161361879503,1550.43105,965.61236,254.81334
2023-05-12 12:00:00,4.812112970769661,289.5005646809609,288.2990381053701,362.4638997645826,0.0132801793301885,1656.77318,956.33755,263.34424
2023-05-12 13:00:00,5.674722719503471,291.6837892113723,289.33955542905767,590.18888774906,0.00751464011441,1757.44961,974.63969,264.40442
2023-05-12 14:00:00,5.674722719503471,291.6837892113723,289.33955542905767,590.18888774906,0.00751464011441,1859.81021,997.39034,269.16854
2023-05-12 15:00:00,5.674722719503471,291.6837892113723,289.33955542905767,590.18888774906,0.00751464011441,1920.53782,1033.65594,280.92135
2023-05-12 16:00:00,5.755489785070714,294.4649221596843,289.7301800556396,850.3998738532857,0.0143755078918632,1949.5065,1041.16305,287.83521
2023-05-12 17:00:00,5.755489785070714,294.4649221596843,289.7301800556396,850.3998738532857,0.0143755078918632,1993.78722,1026.16753,303.624
2023-05-12 18:00:00,5.191346944978004,294.7850051625393,289.77137503652966,854.0423233369645,0.0115566177484249,2046.68118,1038.71403,302.05709
2023-05-12 19:00:00,4.426342147611795,293.6659023424131,290.3181795688298,649.4553845910098,0.002972199663237,2057.86846,1038.83845,302.55544
2023-05-12 20:00:00,4.426342147611795,293.6659023424131,290.3181795688298,649.4553845910098,0.002972199663237,2047.51419,1035.39571,301.32527
2023-05-12 21:00:00,4.426342147611795,293.6659023424131,290.3181795688298,649.4553845910098,0.002972199663237,2030.10546,1029.92731,296.62702
2023-05-12 22:00:00,3.888185170432787,291.2068073111287,289.6098421838663,21.54343151224535,0.0044631718622956,2017.96886,1036.95932,287.66501
2023-05-12 23:00:00,3.888185170432787,291.2068073111287,289.6098421838663,21.54343151224535,0.0044631718622956,2019.6202,1045.54647,291.459
2023-05-13 00:00:00,3.887718991085984,290.3591481817839,289.08691161714137,21.58263573344394,0.0077714477615016,1804.85926,1129.30117,282.98272
2023-05-13 01:00:00,3.6368892637082935,289.9456615575094,289.02141864586895,10.79145307540441,4.81795256422607e-05,1762.30604,1116.51993,277.16027
2023-05-13 02:00:00,3.6368892637082935,289.9456615575094,289.02141864586895,10.79145307540441,4.81795256422607e-05,1687.52765,1095.82304,266.96327
2023-05-13 03:00:00,3.6368892637082935,289.9456615575094,289.02141864586895,10.79145307540441,4.81795256422607e-05,1636.20974,1087.3422,261.30618
2023-05-13 04:00:00,3.426965387883365,290.3323244275262,289.3781885899396,0.0,4.81795256422607e-05,1573.23845,1052.02529,270.02248
2023-05-13 05:00:00,3.426965387883365,290.3323244275262,289.3781885899396,0.0,4.81795256422607e-05,1527.67994,1023.41439,271.8231
2023-05-13 06:00:00,5.139995114349908,294.7849172769656,291.39033921789616,0.0,0.0005763939252342,1520.81965,1010.25884,266.09672
2023-05-13 07:00:00,5.20911349816483,297.8521132763709,291.7239978396875,3.816027308005311,0.0,1444.83817,988.76862,269.43591
2023-05-13 08:00:00,5.20911349816483,297.8521132763709,291.7239978396875,3.816027308005311,0.0,1422.48564,982.78631,268.02503
2023-05-13 09:00:00,5.20911349816483,297.8521132763709,291.7239978396875,3.816027308005311,0.0,1422.72574,986.68757,257.40061
2023-05-13 10:00:00,4.676153163335994,298.8338771577129,292.06449492680696,383.4961298505177,0.0,1434.19472,975.66599,265.21948
2023-05-13 11:00:00,4.676153163335994,298.8338771577129,292.06449492680696,383.4961298505177,0.0,1533.17303,967.28134,273.25398
2023-05-13 12:00:00,3.9740590443155073,296.1521757359718,292.52962608663046,383.1646205047136,0.0,1638.73338,958.04916,281.48002
2023-05-13 13:00:00,3.37027329650374,292.8775600804962,291.3796850044321,623.7171252133646,0.0,1739.12769,976.64248,282.08415
2023-05-13 14:00:00,3.37027329650374,292.8775600804962,291.3796850044321,623.7171252133646,0.0,1841.12007,999.74223,286.66755
2023-05-13 15:00:00,3.37027329650374,292.8775600804962,291.3796850044321,623.7171252133646,0.0,1901.90958,1036.44,298.56322
2023-05-13 16:00:00,3.0328180144534147,291.8259751502536,290.8775277255644,887.8546214108119,4.657101207896933e-05,1930.806,1044.33049,305.62736
2023-05-13 17:00:00,3.0328180144534147,291.8259751502536,290.8775277255644,887.8546214108119,4.657101207896933e-05,1974.91024,1029.5343,321.48294
2023-05-13 18:00:00,2.7263753431398228,291.30218835460107,290.55073281580866,886.0680606633048,0.0001398953182527,2026.7619,1042.43219,319.22574
2023-05-13 19:00:00,2.4517524935523767,291.3875227156805,290.6276401554394,668.0428053761597,4.657101207896933e-05,2037.14755,1042.79863,319.82784
2023-05-13 20:00:00,2.4517524935523767,291.3875227156805,290.6276401554394,668.0428053761597,4.657101207896933e-05,2026.75902,1039.46326,318.64782
2023-05-13 21:00:00,2.4517524935523767,291.3875227156805,290.6276401554394,668.0428053761597,4.657101207896933e-05,2009.44961,1033.99463,313.79791
2023-05-13 22:00:00,3.499112176627019,295.9790783723832,292.0042073045288,22.261253400954686,0.0004274609646601,1997.13452,1041.0765,304.33447
2023-05-13 23:00:00,3.499112176627019,295.9790783723832,292.0042073045288,22.261253400954686,0.0004274609646601,1999.40972,1049.58979,307.82229
2023-05-14 00:00:00,3.9098781879824136,298.5046099736826,291.0135530979398,22.344292312167404,0.0019485103737692,1822.94123,1077.41089,239.20534
2023-05-14 01:00:00,3.679003671693677,299.6945992155087,290.7802549190984,11.171876493491329,0.0034393278157591,1775.68186,1065.98593,236.31726
2023-05-14 02:00:00,3.679003671693677,299.6945992155087,290.7802549190984,11.171876493491329,0.0034393278157591,1693.37024,1045.58599,228.83184
2023-05-14 03:00:00,3.679003671693677,299.6945992155087,290.7802549190984,11.171876493491329,0.0034393278157591,1633.78253,1036.63075,224.85477
2023-05-14 04:00:00,2.789408084474552,296.7336474706559,291.89742700577034,0.0,0.0058123632329406,1560.05293,1002.33495,233.45935
2023-05-14 05:00:00,2.789408084474552,296.7336474706559,291.89742700577034,0.0,0.0058123632329406,1500.94586,973.88523,235.80923
2023-05-14 06:00:00,2.5567872103594453,292.4809746296563,290.01878944348243,0.0,0.0049238392855518,1484.12269,961.11399,231.66249
2023-05-14 07:00:00,2.3979357799345538,291.3162907177456,289.4906832499837,4.279530366792583,0.0013383282683846,1394.78453,940.26405,236.22799
2023-05-14 08:00:00,2.3979357799345538,291.3162907177456,289.4906832499837,4.279530366792583,0.0013383282683846,1365.85528,934.83557,236.11891
2023-05-14 09:00:00,2.3979357799345538,291.3162907177456,289.4906832499837,4.279530366792583,0.0013383282683846,1366.29489,940.12069,227.99083
2023-05-14 10:00:00,2.400484605384684,290.5210525306593,289.0359223485409,382.11845069790166,0.0042758218759119,1380.2439,931.19626,235.9916
2023-05-14 11:00:00,2.400484605384684,290.5210525306593,289.0359223485409,382.11845069790166,0.0042758218759119,1492.18434,924.98193,244.56225
2023-05-14 12:00:00,2.116288616514951,291.7804686188125,290.29432513198225,388.96954665047866,0.0068052129194081,1612.00045,918.13573,253.26254
2023-05-14 13:00:00,2.6952871337940856,294.2931784949068,291.1082747482476,626.4527001953472,0.0026830468677685,1728.97509,936.92944,254.57629
2023-05-14 14:00:00,2.6952871337940856,294.2931784949068,291.1082747482476,626.4527001953472,0.0026830468677685,1845.33724,959.12767,259.44087
2023-05-14 15:00:00,2.6952871337940856,294.2931784949068,291.1082747482476,626.4527001953472,0.0026830468677685,1915.79367,994.2282,271.11428
2023-05-14 16:00:00,3.433903209709561,296.216757238789,291.24804710031367,874.6209753954606,0.003972224143589,1950.15713,1002.57603,277.9446
2023-05-14 17:00:00,3.433903209709561,296.216757238789,291.24804710031367,874.6209753954606,0.003972224143589,2000.92229,990.16677,293.69623
2023-05-14 18:00:00,4.640873025180415,295.49829811840806,291.1210681481472,872.0435679936643,0.0066986460904075,2057.66104,1003.14016,292.51306
2023-05-14 19:00:00,4.660278277383159,293.5131184032944,290.6546572024653,647.1294546277427,0.0047658364419179,2067.88791,1003.23365,292.95379
2023-05-14 20:00:00,4.660278277383159,293.5131184032944,290.6546572024653,647.1294546277427,0.0047658364419179,2055.60492,1000.17288,291.69568
2023-05-14 21:00:00,4.660278277383159,293.5131184032944,290.6546572024653,647.1294546277427,0.0047658364419179,2036.83634,996.22222,287.08176
2023-05-14 22:00:00,4.7607004306476925,290.77873777473576,288.65814624280006,20.00422920971379,0.0078508964271129,2024.87665,1003.65995,278.39848
2023-05-14 23:00:00,4.7607004306476925,290.77873777473576,288.65814624280006,20.00422920971379,0.0078508964271129,2030.90493,1012.8732,282.3627
2023-05-15 00:00:00,4.610858816575528,288.6685100317752,286.52840942613483,20.01396201320498,0.0019606426192418,1844.33725,1100.75954,233.62716
2023-05-15 01:00:00,4.486914224505783,287.43829023219854,285.40473214379256,10.007023375622364,0.0045822027335356,1794.01213,1088.19045,231.11299
2023-05-15 02:00:00,4.486914224505783,287.43829023219854,285.40473214379256,10.007023375622364,0.0045822027335356,1707.28038,1066.87064,223.9731
2023-05-15 03:00:00,4.486914224505783,287.43829023219854,285.40473214379256,10.007023375622364,0.0045822027335356,1643.18417,1057.51838,220.21007
2023-05-15 04:00:00,4.275555636630549,286.6547627275494,284.7131692060562,0.0,0.0239531860943515,1563.79119,1022.12326,228.80043
2023-05-15 05:00:00,4.275555636630549,286.6547627275494,284.7131692060562,0.0,0.0239531860943515,1498.1418,992.81841,231.22031
2023-05-15 06:00:00,3.961378171177823,290.2239935912892,286.2636282209679,0.0,0.0065010268863091,1476.85115,979.30741,227.27484
2023-05-15 07:00:00,3.604516182473608,292.89191583051263,286.25711686031934,4.080594905396514,0.0664405843680829,1381.00178,957.62121,231.99658
2023-05-15 08:00:00,3.604516182473608,292.89191583051263,286.25711686031934,4.080594905396514,0.0664405843680829,1348.87047,951.75685,232.05338
2023-05-15 09:00:00,3.604516182473608,292.89191583051263,286.25711686031934,4.080594905396514,0.0664405843680829,1349.25682,956.43092,224.24339
2023-05-15 10:00:00,3.3097761660019867,293.9239738262447,286.3318813055589,311.8348585808146,0.2491235676967829,1364.54668,946.8814,232.26738
2023-05-15 11:00:00,3.3097761660019867,293.9239738262447,286.3318813055589,311.8348585808146,0.2491235676967829,1483.21468,940.05519,240.90631
2023-05-15 12:00:00,2.5621665102330407,292.1083897538151,285.7077417040482,312.43315244100484,0.2524070371003415,1610.32695,932.5833,249.66705
2023-05-15 13:00:00,2.007416784500128,288.2021635292206,283.8606424325541,486.0628044671956,0.1755289477496868,1735.40109,951.79696,251.07121
2023-05-15 14:00:00,2.007416784500128,288.2021635292206,283.8606424325541,486.0628044671956,0.1755289477496868,1858.85902,974.83161,255.97162
2023-05-15 15:00:00,2.007416784500128,288.2021635292206,283.8606424325541,486.0628044671956,0.1755289477496868,1933.89852,1011.10767,267.61671
2023-05-15 16:00:00,2.0685366656836504,286.66277278012296,283.30551648014864,553.9384793550896,0.4237519258482315,1970.91994,1019.95178,274.41723
2023-05-15 17:00:00,2.0685366656836504,286.66277278012296,283.30551648014864,553.9384793550896,0.4237519258482315,2024.97813,1007.17431,290.15563
2023-05-15 18:00:00,3.489901542723299,288.5836277442826,287.3422662104804,577.0641174288739,0.5379347793430502,2084.69467,1020.70277,289.1093
2023-05-15 19:00:00,3.752740257273581,288.41106491820767,287.1217724597068,398.44810279269336,0.533579178436226,2095.33927,1021.2736,289.52945
2023-05-15 20:00:00,3.752740257273581,288.41106491820767,287.1217724597068,398.44810279269336,0.533579178436226,2082.1716,1018.30891,288.2614
2023-05-15 21:00:00,3.752740257273581,288.41106491820767,287.1217724597068,398.44810279269336,0.533579178436226,2062.64442,1013.91561,283.67756
2023-05-15 22:00:00,4.603442222483074,298.5275360874854,289.41799426168467,9.187167538148287,1.5458408428894912,2050.96442,1021.33146,275.09369
2023-05-15 23:00:00,4.603442222483074,298.5275360874854,289.41799426168467,9.187167538148287,1.5458408428894912,2058.40279,1030.21932,279.1186
2023-05-16 00:00:00,2.723734492853038,288.18104686031086,286.58528995299025,608.8653861939126,0.2601121308449827,1774.29826,1120.5148,237.97954
2023-05-16 01:00:00,3.885358894673802,292.010909175238,287.01874366376336,423.2500806010358,0.3054751874502381,1730.90165,1107.28304,235.17365
2023-05-16 02:00:00,3.885358894673802,292.010909175238,287.01874366376336,423.2500806010358,0.3054751874502381,1653.06198,1085.63442,227.76417
2023-05-16 03:00:00,3.885358894673802,292.010909175238,287.01874366376336,423.2500806010358,0.3054751874502381,1597.1741,1076.2951,223.83412
2023-05-16 04:00:00,4.273717474997618,295.29826610751206,286.8965795642803,11.635728812755112,1.0643063901705847,1527.54852,1040.33562,232.43558
2023-05-16 05:00:00,4.273717474997618,295.29826610751206,286.8965795642803,11.635728812755112,1.0643063901705847,1471.5367,1010.75464,234.80086
2023-05-16 06:00:00,4.273717474997618,295.29826610751206,286.8965795642803,11.635728812755112,1.0643063901705847,1455.78204,996.9417,230.69831
2023-05-16 07:00:00,4.094487078068801,296.1622630031501,290.60761129785595,5.818014020854514,1.0690740993203256,1369.71187,974.86137,235.29816
2023-05-16 08:00:00,4.094487078068801,296.1622630031501,290.60761129785595,5.818014020854514,1.0690740993203256,1342.37796,968.73488,235.22554
2023-05-16 09:00:00,4.094487078068801,296.1622630031501,290.60761129785595,5.818014020854514,1.0690740993203256,1343.29792,972.88533,227.16735
2023-05-16 10:00:00,3.701494077814728,291.69121705903586,289.00320211670726,0.0,2.1584084881026016,1356.1767,962.62486,235.17323
2023-05-16 11:00:00,3.701494077814728,291.69121705903586,289.00320211670726,0.0,2.1584084881026016,1463.50945,955.07247,243.75886
2023-05-16 12:00:00,3.4539493315131207,290.4720025993678,288.3806145520427,0.0,1.9729043290701207,1578.61985,946.81507,252.47247
2023-05-16 13:00:00,3.1219793836809684,289.5836312821788,287.92878229709595,2.309642858347612,0.7547203682903882,1691.4788,966.09247,253.80607
2023-05-16 14:00:00,3.1219793836809684,289.5836312821788,287.92878229709595,2.309642858347612,0.7547203682903882,1804.00581,989.58865,258.67851
2023-05-16 15:00:00,3.1219793836809684,289.5836312821788,287.92878229709595,2.309642858347612,0.7547203682903882,1872.55224,1026.59806,270.34569
2023-05-16 16:00:00,2.906309887762217,289.6444379449274,288.2968758859332,153.92260908281247,1.5701768574235255,1905.60321,1035.46063,277.16949
2023-05-16 17:00:00,2.906309887762217,289.6444379449274,288.2968758859332,153.92260908281247,1.5701768574235255,1954.57812,1021.96827,292.91822
2023-05-16 18:00:00,3.987412474527584,294.7035538106631,290.13519354700946,153.87667805168218,1.5091819266904691,2008.02844,1035.6295,291.7651
2023-05-16 19:00:00,4.256387364524048,298.2010354569626,290.5025880794374,280.2596884625129,0.5979290973596552,2016.55446,1036.40166,292.20131
2023-05-16 20:00:00,4.256387364524048,298.2010354569626,290.5025880794374,280.2596884625129,0.5979290973596552,2004.59765,1033.39263,290.94102
2023-05-16 21:00:00,4.256387364524048,298.2010354569626,290.5025880794374,280.2596884625129,0.5979290973596552,1986.35274,1028.48742,286.33369
2023-05-16 22:00:00,4.483820824797286,298.4692886087926,290.4065449655638,412.3404020953855,0.8809160572566002,1973.9317,1035.80578,277.67226
2023-05-16 23:00:00,4.483820824797286,298.4692886087926,290.4065449655638,412.3404020953855,0.8809160572566002,1980.51619,1044.42433,281.6498
2023-05-17 00:00:00,4.097403626046178,295.41030132283925,290.90012676964125,411.8048930951932,0.5070714210040276,1771.82528,1165.39365,259.3821
2023-05-17 01:00:00,3.918741100734677,292.0663074981601,289.76655028013454,308.3905243084833,0.2715088687524551,1729.82393,1150.2055,255.14157
2023-05-17 02:00:00,3.918741100734677,292.0663074981601,289.76655028013454,308.3905243084833,0.2715088687524551,1654.36382,1127.14556,246.40643
2023-05-17 03:00:00,3.918741100734677,292.0663074981601,289.76655028013454,308.3905243084833,0.2715088687524551,1601.19161,1117.32032,241.65501
2023-05-17 04:00:00,3.560057797352892,290.9333209962032,289.40573998211283,11.921704988910548,0.5384930979955422,1535.15962,1079.53827,250.31108
2023-05-17 05:00:00,3.560057797352892,290.9333209962032,289.40573998211283,11.921704988910548,0.5384930979955422,1483.8502,1048.66899,252.40783
2023-05-17 06:00:00,3.096487493941618,290.2047134367824,289.0866340750056,13.566015454915108,0.5313734450835232,1471.65675,1033.69145,247.53303
2023-05-17 07:00:00,3.203794122423301,290.25056403832747,289.3208539178688,6.782972546184155,0.2436097695327211,1390.20391,1010.25261,251.53334
2023-05-17 08:00:00,3.203794122423301,290.25056403832747,289.3208539178688,6.782972546184155,0.2436097695327211,1365.14477,1003.37301,250.82428
2023-05-17 09:00:00,3.203794122423301,290.25056403832747,289.3208539178688,6.782972546184155,0.2436097695327211,1365.95058,1006.34382,241.54563
2023-05-17 10:00:00,4.311991555831492,292.6907808191852,290.30327204040213,0.0,0.4592158086325371,1378.01175,994.73717,249.46258
2023-05-17 11:00:00,4.311991555831492,292.6907808191852,290.30327204040213,0.0,0.4592158086325371,1480.98612,985.84309,257.78609
2023-05-17 12:00:00,5.175626960886126,294.82811874145153,290.6981693658885,0.0,0.4539868687448689,1591.27234,976.17966,266.26783
2023-05-17 13:00:00,5.224457891595639,295.2884990730027,291.087527712889,2.1376261786031217,0.2142150672193943,1698.40443,996.03265,267.25449
2023-05-17 14:00:00,5.224457891595639,295.2884990730027,291.087527712889,2.1376261786031217,0.2142150672193943,1805.99111,1020.94091,271.98948
2023-05-17 15:00:00,5.224457891595639,295.2884990730027,291.087527712889,2.1376261786031217,0.2142150672193943,1871.15669,1060.00221,283.76535
2023-05-17 16:00:00,4.605777973673168,294.0220782494159,291.2715738963201,211.69953143336227,0.3991076648777489,1902.31565,1069.50006,290.70342
2023-05-17 17:00:00,4.605777973673168,294.0220782494159,291.2715738963201,211.69953143336227,0.3991076648777489,1949.00154,1054.97964,306.50296
2023-05-17 18:00:00,4.178155939317555,292.1568036379344,290.79941671176374,223.7910626006278,0.45625483229051,2000.9413,1069.4402,304.82478
2023-05-17 19:00:00,4.169649562523297,291.6179030920074,290.73231423536873,411.2255529188764,0.1399402893055686,2009.67071,1070.969,305.33987
2023-05-17 20:00:00,4.169649562523297,291.6179030920074,290.73231423536873,411.2255529188764,0.1399402893055686,1998.38051,1068.04476,304.11775
2023-05-17 21:00:00,4.169649562523297,291.6179030920074,290.73231423536873,411.2255529188764,0.1399402893055686,1980.62587,1062.17981,299.39506
2023-05-17 22:00:00,4.206991888570575,291.43091287843635,290.6333897343306,682.2599590033235,0.2793576776013946,1968.11401,1069.39339,290.35222
2023-05-17 23:00:00,4.206991888570575,291.43091287843635,290.6333897343306,682.2599590033235,0.2793576776013946,1973.27502,1077.39125,294.09687
2023-05-18 00:00:00,3.964773134814567,291.4544839222501,290.7565641526967,677.6679347740101,0.2706290589906381,1757.20361,1190.82429,237.19302
2023-05-18 01:00:00,4.798137412816903,294.50909240679874,291.70294712999345,522.4365918865303,0.0847723707781631,1716.65179,1174.41992,234.43981
2023-05-18 02:00:00,4.798137412816903,294.50909240679874,291.70294712999345,522.4365918865303,0.0847723707781631,1643.05332,1150.40142,227.07906
2023-05-18 03:00:00,4.798137412816903,294.50909240679874,291.70294712999345,522.4365918865303,0.0847723707781631,1591.60111,1140.17775,223.17919
2023-05-18 04:00:00,5.20986054276656,297.97806623487605,291.697236606508,20.71792209194598,0.5309942298164662,1527.6166,1101.23382,231.77865
2023-05-18 05:00:00,5.20986054276656,297.97806623487605,291.697236606508,20.71792209194598,0.5309942298164662,1478.33048,1069.47642,234.15379
2023-05-18 06:00:00,5.133868206498892,299.76672775663303,291.6769668926327,20.56364988732345,0.4429021514683081,1467.30154,1053.72461,230.07965
2023-05-18 07:00:00,3.756309418647725,297.7532448486802,292.4794313332618,10.281657183945896,0.8299751868473314,1387.9015,1029.40541,234.7015
2023-05-18 08:00:00,3.756309418647725,297.7532448486802,292.4794313332618,10.281657183945896,0.8299751868473314,1363.84926,1022.06129,234.6523
2023-05-18 09:00:00,3.756309418647725,297.7532448486802,292.4794313332618,10.281657183945896,0.8299751868473314,1364.7662,1024.36589,226.63896
2023-05-18 10:00:00,3.06392380098925,293.558063677193,291.04915450992394,0.0,1.408208317239827,1376.32212,1012.06082,234.64809
2023-05-18 11:00:00,3.06392380098925,293.558063677193,291.04915450992394,0.0,1.408208317239827,1476.91967,1002.48007,243.24339
2023-05-18 12:00:00,3.221684652224901,292.0635342069369,290.2242370706079,0.0,1.2606930148432478,1584.68901,992.11034,251.9655
2023-05-18 13:00:00,3.179931372573754,291.1582892489302,289.60402389230137,3.539566539135017,0.6701938005844493,1689.25715,1012.39245,253.31185
2023-05-18 14:00:00,3.179931372573754,291.1582892489302,289.60402389230137,3.539566539135017,0.6701938005844493,1794.54991,1038.18789,258.18934
2023-05-18 15:00:00,3.179931372573754,291.1582892489302,289.60402389230137,3.539566539135017,0.6701938005844493,1858.35175,1078.5041,269.85251
2023-05-18 16:00:00,3.0849953104542647,291.04118999004555,289.4810000240775,301.7044794878197,1.1159048415138968,1888.67727,1088.5035,276.67212
2023-05-18 17:00:00,3.0849953104542647,291.04118999004555,289.4810000240775,301.7044794878197,1.1159048415138968,1934.29639,1073.54302,292.41898
2023-05-18 18:00:00,3.7637691516164407,295.64413175876314,290.8600807565884,306.91701869073376,1.0899235794471327,1984.92465,1088.57559,291.28515
2023-05-18 19:00:00,3.385138377527812,299.4805478145221,290.7766444388934,519.9574130443059,0.184213931903354,1993.21259,1090.60466,291.71847
2023-05-18 20:00:00,3.385138377527812,299.4805478145221,290.7766444388934,519.9574130443059,0.184213931903354,1982.17688,1087.77262,290.45678
2023-05-18 21:00:00,3.385138377527812,299.4805478145221,290.7766444388934,519.9574130443059,0.184213931903354,1964.69085,1081.41246,285.85369
2023-05-18 22:00:00,3.231123391280881,300.5411030024542,290.8615223849467,754.3802313462693,0.2088134419250805,1952.02425,1088.59441,277.20629
2023-05-18 23:00:00,3.231123391280881,300.5411030024542,290.8615223849467,754.3802313462693,0.2088134419250805,1957.00346,1096.23864,281.19238
2023-05-19 00:00:00,3.006875351894376,297.6031739425109,292.4329888929821,762.5650108327261,0.2658945109899256,1755.94481,1227.92755,269.24534
2023-05-19 01:00:00,2.8288133884964286,293.32280064513907,290.5044204886537,576.7127547473588,0.0736783965163337,1715.71068,1209.86773,264.34367
2023-05-19 02:00:00,2.8288133884964286,293.32280064513907,290.5044204886537,576.7127547473588,0.0736783965163337,1642.61847,1184.62666,254.9976
2023-05-19 03:00:00,2.8288133884964286,293.32280064513907,290.5044204886537,576.7127547473588,0.0736783965163337,1591.72073,1173.95787,249.86769
2023-05-19 04:00:00,2.4252847385903378,292.0155884599072,290.0459863453317,21.023199081397166,0.4264216563579753,1528.45695,1133.4615,258.54892
2023-05-19 05:00:00,2.4252847385903378,292.0155884599072,290.0459863453317,21.023199081397166,0.4264216563579753,1480.07596,1100.58325,260.52192
2023-05-19 06:00:00,2.162816447000833,291.5404420612604,290.02497618658526,20.197544561838345,1.4628919590085734,1469.71133,1083.82844,255.29121
2023-05-19 07:00:00,2.085915145948592,291.656184237278,290.2776892981464,10.098803539651398,1.6121335209313457,1391.20375,1058.34711,259.01523
2023-05-19 08:00:00,2.085915145948592,291.656184237278,290.2776892981464,10.098803539651398,1.6121335209313457,1367.59126,1050.36701,258.01288
2023-05-19 09:00:00,2.085915145948592,291.656184237278,290.2776892981464,10.098803539651398,1.6121335209313457,1368.49524,1051.69718,248.1718
2023-05-19 10:00:00,2.456173407592194,295.3845055451176,291.52171464083085,0.0,3.561129655709391,1379.88491,1038.30184,256.04776
2023-05-19 11:00:00,2.456173407592194,295.3845055451176,291.52171464083085,0.0,3.561129655709391,1479.61461,1027.63788,264.25049
2023-05-19 12:00:00,2.2817636974295925,298.39031457587777,291.5474232348903,0.0,3.394577274849417,1586.42988,1016.13754,272.62536
2023-05-19 13:00:00,2.7823583758321453,298.106060171674,291.3173373900758,3.877131986159658,0.8054220942791064,1689.89008,1036.9318,273.45218
2023-05-19 14:00:00,2.7823583758321453,298.106060171674,291.3173373900758,3.877131986159658,0.8054220942791064,1794.22214,1063.92546,278.12379
2023-05-19 15:00:00,2.7823583758321453,298.106060171674,291.3173373900758,3.877131986159658,0.8054220942791064,1857.3784,1105.97051,289.94971
2023-05-19 16:00:00,3.5521713438493387,294.5288324322448,291.5776680060242,307.92729414386554,1.1905625703466258,1887.33872,1116.54498,296.94048
2023-05-19 17:00:00,3.5521713438493387,294.5288324322448,291.5776680060242,307.92729414386554,1.1905625703466258,1932.51247,1100.78459,312.76347
2023-05-19 18:00:00,3.4443019862452937,291.5199672620907,289.9267072077544,300.66014976485224,1.3283176105031376,1982.81168,1116.51993,310.8433
2023-05-19 19:00:00,3.2436586310059794,290.4118196335937,289.1536629399641,515.1405407392596,0.1651052426046511,1991.10825,1119.1998,311.39472
2023-05-19 20:00:00,3.2436586310059794,290.4118196335937,289.1536629399641,515.1405407392596,0.1651052426046511,1980.19893,1116.45361,310.19021
2023-05-19 21:00:00,3.2436586310059794,290.4118196335937,289.1536629399641,515.1405407392596,0.1651052426046511,1962.81078,1109.31693,305.41434
2023-05-19 22:00:00,3.274743152000232,289.6395687617584,288.5628884083909,802.8475421283119,0.2405115376410753,1950.11985,1116.42209,296.19573
2023-05-19 23:00:00,3.274743152000232,289.6395687617584,288.5628884083909,802.8475421283119,0.2405115376410753,1954.85004,1123.55241,299.83303
2023-05-20 00:00:00,3.2942854880157864,289.1462110837965,287.9549645914708,756.2768445945709,0.4566386844909962,1796.40392,1265.01882,283.3084
2023-05-20 01:00:00,3.392937653099176,290.82700717248974,288.39093387898413,581.5834184980303,0.1965594305396679,1753.81888,1245.30683,277.4641
2023-05-20 02:00:00,3.392937653099176,290.82700717248974,288.39093387898413,581.5834184980303,0.1965594305396679,1678.55497,1218.84742,267.24695
2023-05-20 03:00:00,3.392937653099176,290.82700717248974,288.39093387898413,581.5834184980303,0.1965594305396679,1626.39757,1207.7367,261.57734
2023-05-20 04:00:00,3.3628911167329028,292.5088242645242,288.666674295353,23.084883091412763,0.7323986635194145,1562.15424,1165.69177,270.29448
2023-05-20 05:00:00,3.3628911167329028,292.5088242645242,288.666674295353,23.084883091412763,0.7323986635194145,1514.46749,1131.69715,272.09103
2023-05-20 06:00:00,3.682645551056365,292.2551044680988,288.39732645025606,23.30118552009223,0.8018406866769476,1505.73578,1113.94238,266.3529
2023-05-20 07:00:00,3.381032272925337,290.5778410492709,288.1861760849092,11.650355461633891,0.4815751667090528,1427.71114,1087.30222,269.68295
2023-05-20 08:00:00,3.381032272925337,290.5778410492709,288.1861760849092,11.650355461633891,0.4815751667090528,1404.34911,1078.68732,268.26239
2023-05-20 09:00:00,3.381032272925337,290.5778410492709,288.1861760849092,11.650355461633891,0.4815751667090528,1404.75389,1079.04317,257.61938
2023-05-20 10:00:00,2.762722909963801,288.7277573811276,286.8965992623572,0.0,1.0643793938643076,1416.4847,1064.55639,265.43692
2023-05-20 11:00:00,2.762722909963801,288.7277573811276,286.8965992623572,0.0,1.0643793938643076,1517.08125,1052.80756,273.46742
2023-05-20 12:00:00,2.8304927661715924,287.729407500134,286.0410865895933,0.0,1.3847959566601122,1624.51332,1040.17474,281.68994
2023-05-20 13:00:00,3.2034842440977407,287.0007685278522,285.6132360895753,4.796943433802834,0.4051477614818072,1727.42897,1061.47856,282.28878
2023-05-20 14:00:00,3.2034842440977407,287.0007685278522,285.6132360895753,4.796943433802834,0.4051477614818072,1831.53836,1089.66763,286.87011
2023-05-20 15:00:00,3.2034842440977407,287.0007685278522,285.6132360895753,4.796943433802834,0.4051477614818072,1893.92206,1133.43857,298.76741
2023-05-20 16:00:00,3.3568029835523383,286.5261044198189,285.2715573842672,339.6459702274151,0.6935702641941014,1923.66114,1144.58446,305.83331
2023-05-20 17:00:00,3.3568029835523383,286.5261044198189,285.2715573842672,339.6459702274151,0.6935702641941014,1968.74363,1128.02121,321.68965
2023-05-20 18:00:00,4.073598048180269,288.8156195941955,285.55353729289084,350.8318681680231,0.5284014381270394,2020.81178,1144.45592,319.42446
2023-05-20 19:00:00,4.02371990630159,291.7716648780452,285.84095042815125,564.8545136282522,0.1850325378566566,2030.73162,1147.78459,320.02774
2023-05-20 20:00:00,4.02371990630159,291.7716648780452,285.84095042815125,564.8545136282522,0.1850325378566566,2020.01835,1145.12283,318.84833
2023-05-20 21:00:00,4.02371990630159,291.7716648780452,285.84095042815125,564.8545136282522,0.1850325378566566,2002.52815,1137.20894,313.99663
2023-05-20 22:00:00,3.981775168576102,293.3369331067259,285.8847362079973,782.753894126681,0.2954199269174373,1990.17247,1144.2366,304.52744
2023-05-20 23:00:00,3.981775168576102,293.3369331067259,285.8847362079973,782.753894126681,0.2954199269174373,1993.39597,1150.85324,308.01171
2023-05-21 00:00:00,2.9930008503574115,292.0610143569799,286.65640968995683,783.057943494183,0.215167572708655,1809.81602,1220.34929,258.86133
2023-05-21 01:00:00,2.7229407217434902,288.3286847417469,285.0437939288896,581.3430766814648,0.3984453940105209,1762.83,1201.73875,254.65573
2023-05-21 02:00:00,2.7229407217434902,288.3286847417469,285.0437939288896,581.3430766814648,0.3984453940105209,1680.34464,1175.43775,245.95281
2023-05-21 03:00:00,2.7229407217434902,288.3286847417469,285.0437939288896,581.3430766814648,0.3984453940105209,1620.13422,1163.84298,241.2214
2023-05-21 04:00:00,2.3665212716077777,286.7240020534491,284.3248057514212,19.48139910843908,1.195736120090157,1545.34115,1122.59785,249.87613
2023-05-21 05:00:00,2.3665212716077777,286.7240020534491,284.3248057514212,19.48139910843908,1.195736120090157,1484.15421,1088.64509,251.97943
2023-05-21 06:00:00,2.071849548871528,286.31456688079373,284.25499809057806,18.26617088451244,1.560381564920704,1465.37023,1071.15104,247.12342
2023-05-21 07:00:00,1.887629185580928,286.6780801480091,284.67721860650704,9.133021367304154,1.7496716683019211,1374.05901,1044.99399,251.13829
2023-05-21 08:00:00,1.887629185580928,286.6780801480091,284.67721860650704,9.133021367304154,1.7496716683019211,1344.15338,1036.83278,250.44472
2023-05-21 09:00:00,1.887629185580928,286.6780801480091,284.67721860650704,9.133021367304154,1.7496716683019211,1344.8115,1038.38134,241.19579
2023-05-21 10:00:00,2.309862280158316,292.25399833495794,285.9786341245299,0.0,2.9816573208523733,1358.96132,1025.73934,249.1149
2023-05-21 11:00:00,2.309862280158316,292.25399833495794,285.9786341245299,0.0,2.9816573208523733,1472.30349,1015.90399,257.44479
2023-05-21 12:00:00,2.5961949613702195,296.00831799157623,286.24201706730787,0.0,2.3990597772285165,1593.79052,1005.38067,265.93217
2023-05-21 13:00:00,2.6430293362798065,297.1365185116551,286.23992292602026,3.999415193434809,0.857436496437125,1713.19322,1026.92005,266.92729
2023-05-21 14:00:00,2.6430293362798065,297.1365185116551,286.23992292602026,3.999415193434809,0.857436496437125,1831.56384,1054.38646,271.66559
2023-05-21 15:00:00,2.6430293362798065,297.1365185116551,286.23992292602026,3.999415193434809,0.857436496437125,1903.61101,1096.83911,283.43883
2023-05-21 16:00:00,2.553439449228524,294.91085269295263,288.28153954432344,254.60562058029635,1.4599440170527456,1938.79093,1108.46551,290.37414
2023-05-21 17:00:00,2.553439449228524,294.91085269295263,288.28153954432344,254.60562058029635,1.4599440170527456,1990.48281,1094.04423,306.17245
2023-05-21 18:00:00,2.7085394265585885,290.14911522648924,286.14982076058624,285.19732832569827,0.6181855658856283,2047.19593,1110.61712,304.50704
2023-05-21 19:00:00,2.5112169395643305,288.53727732889047,285.72949401976274,471.6894677618267,0.3773022853912344,2056.77793,1113.75445,305.02019
2023-05-21 20:00:00,2.5112169395643305,288.53727732889047,285.72949401976274,471.6894677618267,0.3773022853912344,2044.16603,1111.35659,303.79717
2023-05-21 21:00:00,2.5112169395643305,288.53727732889047,285.72949401976274,471.6894677618267,0.3773022853912344,2025.24141,1104.77899,299.07727
2023-05-21 22:00:00,2.361569983983791,287.73776294273523,285.44267804879445,641.6580752741526,0.7704447936300329,2013.20039,1112.13004,290.0437
2023-05-21 23:00:00,2.361569983983791,287.73776294273523,285.44267804879445,641.6580752741526,0.7704447936300329,2020.30984,1119.34798,293.79401
2023-05-22 00:00:00,2.338707369288832,288.1139960901186,286.1878644668906,668.2587878397172,0.8109741651754347,1800.80893,1200.58674,237.03026
2023-05-22 01:00:00,3.291207230199433,294.0739866729963,287.96604575101765,469.0397802298675,0.6968012924531317,1752.74865,1182.48293,234.28798
2023-05-22 02:00:00,3.291207230199433,294.0739866729963,287.96604575101765,469.0397802298675,0.6968012924531317,1667.63269,1156.28107,226.93728
2023-05-22 03:00:00,3.291207230199433,294.0739866729963,287.96604575101765,469.0397802298675,0.6968012924531317,1603.99696,1144.49449,223.04366
2023-05-22 04:00:00,3.4279253295758565,297.74335905669057,288.39300419159474,15.954540405603758,1.816700470394094,1524.47313,1103.62674,231.6427
2023-05-22 05:00:00,3.4279253295758565,297.74335905669057,288.39300419159474,15.954540405603758,1.816700470394094,1456.55963,1069.72126,234.01989
2023-05-22 06:00:00,3.309742346967824,298.06065699378973,288.78281154608896,16.218357339484527,2.0142952350745915,1432.18826,1052.36327,229.95164
2023-05-22 07:00:00,2.80029317621122,295.48528122354867,290.33906834148564,8.109461131109496,0.9090458828686578,1334.17654,1026.44024,234.57804
2023-05-22 08:00:00,2.80029317621122,295.48528122354867,290.33906834148564,8.109461131109496,0.9090458828686578,1300.83681,1018.48672,234.53364
2023-05-22 09:00:00,2.80029317621122,295.48528122354867,290.33906834148564,8.109461131109496,0.9090458828686578,1301.41936,1020.56248,226.52961
2023-05-22 10:00:00,2.6603670545464926,291.5242875544606,288.6756105097859,0.0,1.6177590591104531,1315.74191,1008.72498,234.53943
2023-05-22 11:00:00,2.6603670545464926,291.5242875544606,288.6756105097859,0.0,1.6177590591104531,1433.59936,999.72282,243.13667
2023-05-22 12:00:00,2.775796934684299,290.2899145903341,288.2971209106063,0.0,1.961738894259252,1560.17226,990.1162,251.86057
2023-05-22 13:00:00,2.8281528459050422,289.38677355265315,287.8653442512184,2.747381793762499,0.6098638670190683,1686.54623,1011.74119,253.20957
2023-05-22 14:00:00,2.8281528459050422,289.38677355265315,287.8653442512184,2.747381793762499,0.6098638670190683,1811.42892,1038.87185,258.08811
2023-05-22 15:00:00,2.8281528459050422,289.38677355265315,287.8653442512184,2.747381793762499,0.6098638670190683,1888.31942,1080.72438,269.75047
2023-05-22 16:00:00,3.1111870737995067,289.1123120027157,287.53527841989643,151.2192272018543,1.243100231800554,1926.48405,1092.53777,276.56918
2023-05-22 17:00:00,3.1111870737995067,289.1123120027157,287.53527841989643,151.2192272018543,1.243100231800554,1982.00588,1079.03824,292.31565
2023-05-22 18:00:00,4.124123032380409,291.1875860562172,287.4061470499262,159.5411794097564,1.1894200267063832,2041.46878,1095.65052,291.18584
2023-05-22 19:00:00,4.474039991139215,292.8396799058554,287.0843827962485,265.3978700870238,0.9199860560001164,2051.67608,1098.69025,291.61853
2023-05-22 20:00:00,4.474039991139215,292.8396799058554,287.0843827962485,265.3978700870238,0.9199860560001164,2039.06878,1096.40093,290.35656
2023-05-22 21:00:00,4.474039991139215,292.8396799058554,287.0843827962485,265.3978700870238,0.9199860560001164,2020.35936,1090.40568,285.75433
2023-05-22 22:00:00,4.979488005487658,292.46186861152205,286.5619215265935,390.56911837765017,2.1437415322601003,2008.98467,1097.89492,277.10985
2023-05-22 23:00:00,4.979488005487658,292.46186861152205,286.5619215265935,390.56911837765017,2.1437415322601003,2018.97159,1105.3791,281.09772
2023-05-23 00:00:00,5.018624380256103,289.9096798975368,285.1984577134186,391.34337208640375,2.002208108834687,1852.20803,1239.02264,267.06992
2023-05-23 01:00:00,4.121838722582334,286.355418576146,283.1936680442726,304.95594975944914,0.999615933261402,1803.56045,1219.56866,262.31408
2023-05-23 02:00:00,4.121838722582334,286.355418576146,283.1936680442726,304.95594975944914,0.999615933261402,1720.23862,1192.63745,253.10275
2023-05-23 03:00:00,4.121838722582334,286.355418576146,283.1936680442726,304.95594975944914,0.999615933261402,1660.39815,1180.80666,248.05632
2023-05-23 04:00:00,3.581038129565167,284.0810468438029,281.92607563224783,15.58372440475054,2.0381131741263347,1586.84185,1138.7682,256.73198
2023-05-23 05:00:00,3.581038129565167,284.0810468438029,281.92607563224783,15.58372440475054,2.0381131741263347,1529.4211,1104.23626,258.73229
2023-05-23 06:00:00,3.3333138660418573,283.507957427384,282.1771242549887,16.640114956498035,2.043506375815322,1514.69262,1086.22642,253.58009
2023-05-23 07:00:00,3.0494787910882413,283.1850122333217,281.5479231188566,8.319938527880556,1.0536020514665605,1426.86359,1059.47395,257.36504
2023-05-23 08:00:00,3.0494787910882413,283.1850122333217,281.5479231188566,8.319938527880556,1.0536020514665605,1398.68717,1050.98923,256.42738
2023-05-23 09:00:00,3.0494787910882413,283.1850122333217,281.5479231188566,8.319938527880556,1.0536020514665605,1398.72964,1052.04752,246.71031
2023-05-23 10:00:00,3.5496849443001075,288.2780013877372,282.22485633980915,0.0,2.0212950152807245,1412.72644,1038.86303,254.59532
2023-05-23 11:00:00,3.5496849443001075,288.2780013877372,282.22485633980915,0.0,2.0212950152807245,1524.21949,1028.48954,262.82473
2023-05-23 12:00:00,3.011584394006589,292.3726706393973,282.4239627430149,0.0,1.9333859651917968,1643.28724,1017.40562,271.22315
2023-05-23 13:00:00,2.786797059622864,294.1627379882149,282.602784558086,3.049297659041801,1.0937673840015305,1758.43045,1039.21266,272.08522
2023-05-23 14:00:00,2.786797059622864,294.1627379882149,282.602784558086,3.049297659041801,1.0937673840015305,1873.39518,1067.29023,276.77082
2023-05-23 15:00:00,2.786797059622864,294.1627379882149,282.602784558086,3.049297659041801,1.0937673840015305,1942.43735,1110.62182,288.58569
2023-05-23 16:00:00,2.244096917438536,292.54308452960584,284.80499027415675,193.54935272340407,2.2932470723512326,1976.16516,1122.55116,295.56485
2023-05-23 17:00:00,2.244096917438536,292.54308452960584,284.80499027415675,193.54935272340407,2.2932470723512326,2026.29178,1107.74086,311.38266
2023-05-23 18:00:00,2.30342117149665,287.1711385275056,282.82234081376845,176.96206397627518,3.0666719158604643,2083.95997,1124.67878,309.51587
2023-05-23 19:00:00,2.1970420496146854,285.44580693724254,282.28760683975463,311.3833011994619,1.1251614644278565,2095.43672,1128.15057,310.05928
2023-05-23 20:00:00,2.1970420496146854,285.44580693724254,282.28760683975463,311.3833011994619,1.1251614644278565,2083.4648,1125.79986,308.85087
2023-05-23 21:00:00,2.1970420496146854,285.44580693724254,282.28760683975463,311.3833011994619,1.1251614644278565,2064.74329,1118.83618,304.08673
2023-05-23 22:00:00,1.7848012190529268,284.95171892783947,282.42254363595475,620.6129327864883,1.608248986797467,2053.0083,1126.15137,294.90689
2023-05-23 23:00:00,1.7848012190529268,284.95171892783947,282.42254363595475,620.6129327864883,1.608248986797467,2057.56862,1133.11035,298.56788
2023-05-24 00:00:00,1.895348502291,284.7883686099502,282.1640324143291,666.1192387461015,1.59382420007906,1825.21729,1270.35515,228.64458
2023-05-24 01:00:00,2.1039979030241778,294.5721422711244,283.71561068308245,521.8326971723523,0.566914582929184,1779.46574,1249.47751,226.46437
2023-05-24 02:00:00,2.1039979030241778,294.5721422711244,283.71561068308245,521.8326971723523,0.566914582929184,1699.9766,1221.47578,219.63313
2023-05-24 03:00:00,2.1039979030241778,294.5721422711244,283.71561068308245,521.8326971723523,0.566914582929184,1643.77607,1209.23986,216.0613
2023-05-24 04:00:00,2.2609116845958988,295.8104656731823,283.80793650071473,23.14306045262359,1.2625957674500714,1574.62234,1165.8597,224.63894
2023-05-24 05:00:00,2.2609116845958988,295.8104656731823,283.80793650071473,23.14306045262359,1.2625957674500714,1521.77271,1130.34357,227.12135
2023-05-24 06:00:00,2.3729135648205104,293.8011304534248,286.3631744247557,22.924698910899263,1.663787436663399,1509.83922,1111.45937,223.35567
2023-05-24 07:00:00,2.6309740941749338,288.7179098604916,284.01820091447,11.462250255554764,0.7975298218729956,1426.61816,1083.69919,228.21699
2023-05-24 08:00:00,2.6309740941749338,288.7179098604916,284.01820091447,11.462250255554764,0.7975298218729956,1400.70442,1074.66846,228.42197
2023-05-24 09:00:00,2.6309740941749338,288.7179098604916,284.01820091447,11.462250255554764,0.7975298218729956,1400.92624,1074.90448,220.8961
2023-05-24 10:00:00,2.4398631867370257,286.838640243727,283.4642121047194,0.0,1.724994762342464,1413.85008,1060.81459,228.94077
2023-05-24 11:00:00,2.4398631867370257,286.838640243727,283.4642121047194,0.0,1.724994762342464,1520.19695,1049.54369,237.64071
2023-05-24 12:00:00,2.225251187513825,285.8612323236392,283.40234036180266,0.0,2.1384894467533915,1633.7749,1037.52686,246.45545
2023-05-24 13:00:00,2.226938293350312,286.4779134377766,284.02295655206166,4.672694489908266,1.3293254160569712,1743.1701,1059.79088,247.94038
2023-05-24 14:00:00,2.226938293350312,286.4779134377766,284.02295655206166,4.672694489908266,1.3293254160569712,1853.02722,1088.90099,252.87277
2023-05-24 15:00:00,2.226938293350312,286.4779134377766,284.02295655206166,4.672694489908266,1.3293254160569712,1918.9478,1133.71446,264.49255
2023-05-24 16:00:00,3.090963355262498,292.6852835953576,285.75435790758115,297.5864431504537,2.3285063787137967,1950.80143,1146.16312,271.2665
2023-05-24 17:00:00,3.090963355262498,292.6852835953576,285.75435790758115,297.5864431504537,2.3285063787137967,1998.5544,1130.71154,286.99304
2023-05-24 18:00:00,3.3980223057655827,295.8034195334287,285.6700929091899,316.06632828555473,1.957512020006825,2053.55442,1148.27122,286.06897
2023-05-24 19:00:00,3.37754338172969,296.5005310244405,285.99230672083297,533.3205294668284,0.3306382775976672,2064.26942,1152.30948,286.47075
2023-05-24 20:00:00,3.37754338172969,296.5005310244405,285.99230672083297,533.3205294668284,0.3306382775976672,2052.88681,1150.0418,285.19382
2023-05-24 21:00:00,3.37754338172969,296.5005310244405,285.99230672083297,533.3205294668284,0.3306382775976672,2034.74683,1142.43414,280.63681
2023-05-24 22:00:00,2.969895688961957,294.13910739863985,288.142267161644,765.6275601738237,0.6960995699277445,2022.71358,1149.691,272.14173
2023-05-24 23:00:00,2.969895688961957,294.13910739863985,288.142267161644,765.6275601738237,0.6960995699277445,2026.67107,1156.21568,276.22087
2023-05-25 00:00:00,2.8049995280481914,289.9012890323313,285.7451593904421,770.2344069282732,0.841524189782006,1858.14217,1301.86159,268.19741
2023-05-25 01:00:00,2.609610047912212,288.3348026246164,285.36126739443426,566.0938117400624,0.571468573224331,1810.94829,1279.55841,263.366
2023-05-25 02:00:00,2.609610047912212,288.3348026246164,285.36126739443426,566.0938117400624,0.571468573224331,1730.53646,1250.48887,254.0848
2023-05-25 03:00:00,2.609610047912212,288.3348026246164,285.36126739443426,566.0938117400624,0.571468573224331,1674.30282,1237.85205,248.99511
2023-05-25 04:00:00,2.3957351370307545,287.4205422810273,285.24094775684443,20.737634857416985,1.5552941652347267,1605.6804,1193.12972,257.67369
2023-05-25 05:00:00,2.3957351370307545,287.4205422810273,285.24094775684443,20.737634857416985,1.5552941652347267,1555.17952,1156.63257,259.65983
2023-05-25 06:00:00,2.1324705568066085,288.2328327907029,286.2936515232907,20.867601538670336,1.760153853216588,1545.95119,1136.87531,254.46695
2023-05-25 07:00:00,3.129984600817588,294.0604921838335,288.0959535224494,10.433837286678097,1.17747096952838,1464.87031,1108.10789,258.2203
2023-05-25 08:00:00,3.129984600817588,294.0604921838335,288.0959535224494,10.433837286678097,1.17747096952838,1440.02133,1098.52996,257.2491
2023-05-25 09:00:00,3.129984600817588,294.0604921838335,288.0959535224494,10.433837286678097,1.17747096952838,1439.78267,1097.93902,247.46776
2023-05-25 10:00:00,3.622379606242788,297.3658395869772,288.0610762880672,0.0,1.809742305711328,1452.68434,1082.93526,255.34809
2023-05-25 11:00:00,3.622379606242788,297.3658395869772,288.0610762880672,0.0,1.809742305711328,1558.11802,1070.75826,263.56367
2023-05-25 12:00:00,3.869750809084103,296.7141237010354,289.20182082837874,0.0,1.6795900091841576,1670.39845,1057.79804,271.9499
2023-05-25 13:00:00,3.2324002963926413,294.8551640946338,290.31800628509575,4.785954018026637,0.4841839203132143,1777.18508,1080.51611,272.79367
2023-05-25 14:00:00,3.2324002963926413,294.8551640946338,290.31800628509575,4.785954018026637,0.4841839203132143,1884.9986,1110.65969,277.47204
2023-05-25 15:00:00,3.2324002963926413,294.8551640946338,290.31800628509575,4.785954018026637,0.4841839203132143,1949.00154,1156.95844,289.29264
2023-05-25 16:00:00,2.943563987355568,290.9240917805424,288.849360348618,271.54689404509963,1.1670258695289235,1979.95869,1169.92184,296.27782
2023-05-25 17:00:00,2.943563987355568,290.9240917805424,288.849360348618,271.54689404509963,1.1670258695289235,2026.77457,1153.81758,312.09828
2023-05-25 18:00:00,2.790728834280552,289.4399716512044,287.79437422637204,285.17575808125946,0.9212089009312334,2082.68692,1171.99607,310.20382
2023-05-25 19:00:00,2.4279061530417585,288.45413207891386,287.3696182205484,450.90238590687113,0.4326281491585905,2094.8369,1176.60022,310.75141
2023-05-25 20:00:00,2.4279061530417585,288.45413207891386,287.3696182205484,450.90238590687113,0.4326281491585905,2083.869,1174.41369,309.54503
2023-05-25 21:00:00,2.4279061530417585,288.45413207891386,287.3696182205484,450.90238590687113,0.4326281491585905,2065.82791,1166.15558,304.77481
2023-05-25 22:00:00,2.277359104167727,288.8290838390219,287.6654994527894,561.5522467322176,1.3550920336197023,2054.04096,1173.35247,295.57489
2023-05-25 23:00:00,2.277359104167727,288.8290838390219,287.6654994527894,561.5522467322176,1.3550920336197023,2056.20258,1179.44038,299.22357
2023-05-26 00:00:00,3.633277339378471,292.60421566191224,288.5269629355304,576.6521132458871,1.1405831410528229,1823.0918,1302.00506,271.16632
2023-05-26 01:00:00,4.007550705934559,295.33083358845613,288.6695940745867,405.9518766794477,1.09895018983068,1778.30972,1279.46632,266.13588
2023-05-26 02:00:00,4.007550705934559,295.33083358845613,288.6695940745867,405.9518766794477,1.09895018983068,1700.45292,1250.05493,256.67081
2023-05-26 03:00:00,4.007550705934559,295.33083358845613,288.6695940745867,405.9518766794477,1.09895018983068,1646.10165,1237.15421,251.46717
2023-05-26 04:00:00,3.766408876149643,296.27858705673657,288.83042413284767,12.43398057671702,3.049530101612201,1579.38693,1192.15129,260.15332
2023-05-26 05:00:00,3.766408876149643,296.27858705673657,288.83042413284767,12.43398057671702,3.049530101612201,1529.70726,1155.31404,262.10222
2023-05-26 06:00:00,2.899199701177742,294.8328608341669,290.1354767071949,12.01129588840972,3.180957375216085,1520.16182,1135.30958,256.80222
2023-05-26 07:00:00,2.712105225045564,291.40888270623793,288.4363106438983,6.005651300755081,2.0954967228671286,1440.05559,1106.30249,260.4724
2023-05-26 08:00:00,2.712105225045564,291.40888270623793,288.4363106438983,6.005651300755081,2.0954967228671286,1415.67602,1096.64213,259.41291
2023-05-26 09:00:00,2.712105225045564,291.40888270623793,288.4363106438983,6.005651300755081,2.0954967228671286,1415.8263,1096.05236,249.46229
2023-05-26 10:00:00,2.6002275630593275,289.92564749013974,287.7312380984605,0.0,3.429156088694066,1428.19364,1081.18102,257.33029
2023-05-26 11:00:00,2.6002275630593275,289.92564749013974,287.7312380984605,0.0,3.429156088694066,1531.58575,1069.15631,265.50949
2023-05-26 12:00:00,2.82323374114889,288.71339366553445,286.797076158073,0.0,3.232655152063468,1641.89701,1056.3839,273.86355
2023-05-26 13:00:00,2.9758091212190108,288.81708664754944,286.8067696631511,2.533015509640272,0.9429520344885114,1747.42843,1079.32295,274.65921
2023-05-26 14:00:00,2.9758091212190108,288.81708664754944,286.8067696631511,2.533015509640272,0.9429520344885114,1853.94991,1109.65609,279.3185
2023-05-26 15:00:00,2.9758091212190108,288.81708664754944,286.8067696631511,2.533015509640272,0.9429520344885114,1917.59442,1156.15747,291.15419
2023-05-26 16:00:00,3.769004405265553,293.15184025978215,287.84652746819137,137.96489258804314,2.0697734068717013,1948.17213,1169.42439,298.15522
2023-05-26 17:00:00,3.769004405265553,293.15184025978215,287.84652746819137,137.96489258804314,2.0697734068717013,1994.37926,1153.61978,313.98275
2023-05-26 18:00:00,4.159652237872015,297.0871801646223,287.54145409942885,142.56663126112858,1.939839085195203,2048.33871,1172.05369,312.01543
2023-05-26 19:00:00,4.275517682075839,297.89680267858466,287.5477390260702,246.05730707497744,1.1374879140231235,2059.17304,1176.81249,312.57395
2023-05-26 20:00:00,4.275517682075839,297.89680267858466,287.5477390260702,246.05730707497744,1.1374879140231235,2048.23867,1174.72051,311.37288
2023-05-26 21:00:00,4.275517682075839,297.89680267858466,287.5477390260702,246.05730707497744,1.1374879140231235,2030.43106,1166.56271,306.58665
2023-05-26 22:00:00,3.760654120749668,295.2767641032987,288.91568789678786,381.1681566858567,2.320546545760834,2018.33276,1173.81851,297.33382
2023-05-26 23:00:00,3.760654120749668,295.2767641032987,288.91568789678786,381.1681566858567,2.320546545760834,2021.34524,1179.89996,300.95022
2023-05-27 00:00:00,3.957839549885993,289.9130885834695,286.8888786861202,413.5773476689941,2.346692208385148,1822.23705,1330.05842,240.46161
2023-05-27 01:00:00,3.814519359863246,288.2697114723262,285.7938766120824,297.8987489713776,0.8263115632376956,1777.55919,1306.23125,237.48931
2023-05-27 02:00:00,3.814519359863246,288.2697114723262,285.7938766120824,297.8987489713776,0.8263115632376956,1699.8459,1275.84095,229.92611
2023-05-27 03:00:00,3.814519359863246,288.2697114723262,285.7938766120824,297.8987489713776,0.8263115632376956,1645.63613,1262.56168,225.90081
2023-05-27 04:00:00,3.392212920294228,286.8527313668961,284.7657549340155,11.122843690233136,1.6799959471039552,1579.09602,1216.3409,234.50857
2023-05-27 05:00:00,3.392212920294228,286.8527313668961,284.7657549340155,11.122843690233136,1.6799959471039552,1529.60808,1178.60213,236.84273
2023-05-27 06:00:00,3.793483734639185,286.16355299755867,283.22370764289155,10.731182707866488,1.7877482416708206,1520.18759,1157.80011,232.65065
2023-05-27 07:00:00,4.968896741482546,290.972717681101,284.13666391015533,5.365964689807102,0.6599455776601615,1440.27323,1127.87656,237.18095
2023-05-27 08:00:00,4.968896741482546,290.972717681101,284.13666391015533,5.365964689807102,0.6599455776601615,1415.98809,1117.72239,237.03451
2023-05-27 09:00:00,4.968896741482546,290.972717681101,284.13666391015533,5.365964689807102,0.6599455776601615,1416.14269,1116.39657,228.83481
2023-05-27 10:00:00,5.068079193636728,294.954818764508,284.9784183615147,0.0,1.1128839158911787,1428.46814,1100.72296,236.83038
2023-05-27 11:00:00,5.068079193636728,294.954818764508,284.9784183615147,0.0,1.1128839158911787,1531.65455,1087.90445,245.38562
2023-05-27 12:00:00,3.786076276595808,292.9856985057711,286.78370956745204,0.0,1.2025698985786897,1641.74443,1074.30813,254.07232
2023-05-27 13:00:00,3.608233101732304,288.6181990896941,284.51299614710973,2.427186381121635,0.3786460912750375,1747.03676,1097.6696,255.3657
2023-05-27 14:00:00,3.608233101732304,288.6181990896941,284.51299614710973,2.427186381121635,0.3786460912750375,1853.34707,1128.93825,260.22219
2023-05-27 15:00:00,3.608233101732304,288.6181990896941,284.51299614710973,2.427186381121635,0.3786460912750375,1916.85886,1176.77839,271.90198
2023-05-27 16:00:00,3.566962641077636,286.8272730061426,283.28703838846815,179.25288263521009,0.920045619397342,1947.35826,1190.52865,278.73901
2023-05-27 17:00:00,3.566962641077636,286.8272730061426,283.28703838846815,179.25288263521009,0.920045619397342,1993.46737,1174.16814,294.49363
2023-05-27 18:00:00,2.879318926118695,284.8612363306621,281.6301801022748,190.62532453221223,0.4781691638913064,2047.3285,1193.17418,293.27965
2023-05-27 19:00:00,2.960723101446243,285.51644391082675,282.2074328503355,347.05452554914814,0.1299772939315493,2058.14167,1198.44947,293.72498
2023-05-27 20:00:00,2.960723101446243,285.51644391082675,282.2074328503355,347.05452554914814,0.1299772939315493,2047.23264,1196.43746,292.46913
2023-05-27 21:00:00,2.960723101446243,285.51644391082675,282.2074328503355,347.05452554914814,0.1299772939315493,2029.44849,1187.70931,287.8484
2023-05-27 22:00:00,4.457407082383089,292.5177228923558,283.9663561221721,551.2310832356992,0.1953700336099468,2017.33997,1194.91654,279.14276
2023-05-27 23:00:00,4.457407082383089,292.5177228923558,283.9663561221721,551.2310832356992,0.1953700336099468,2020.31834,1200.60873,283.0933
2023-05-28 00:00:00,4.059038855636052,296.36173030463823,283.96802272793195,557.7191120805085,0.2891138930031957,1865.89391,1291.18857,230.57865
2023-05-28 01:00:00,3.799017691347067,297.62676867511675,284.39841116119027,437.1789648249041,0.1346091105209665,1814.97026,1268.2654,228.26883
2023-05-28 02:00:00,3.799017691347067,297.62676867511675,284.39841116119027,437.1789648249041,0.1346091105209665,1728.25551,1237.93284,221.31777
2023-05-28 03:00:00,3.799017691347067,297.62676867511675,284.39841116119027,437.1789648249041,0.1346091105209665,1664.86721,1224.16988,217.67174
2023-05-28 04:00:00,3.101038471357721,295.25207660684146,287.22164539838434,23.174658836691044,0.3130927646844282,1586.79881,1178.57978,226.2543
2023-05-28 05:00:00,3.101038471357721,295.25207660684146,287.22164539838434,23.174658836691044,0.3130927646844282,1523.99897,1140.79774,228.71245
2023-05-28 06:00:00,2.8216247549729445,289.74697904554387,284.1536449326662,22.51252754949201,0.4779865752143016,1505.4915,1120.16459,224.87698
2023-05-28 07:00:00,2.5929392133309177,287.6596911509083,283.2242002582078,11.25609025778216,0.1216639567457896,1412.32771,1090.6056,229.68413
2023-05-28 08:00:00,2.5929392133309177,287.6596911509083,283.2242002582078,11.25609025778216,0.1216639567457896,1381.5266,1080.82717,229.83156
2023-05-28 09:00:00,2.5929392133309177,287.6596911509083,283.2242002582078,11.25609025778216,0.1216639567457896,1381.57137,1080.54046,222.19542
2023-05-28 10:00:00,2.247376176268053,286.1318666027946,282.6610021938972,0.0,0.1567400940295157,1396.62645,1066.50467,230.23205
2023-05-28 11:00:00,2.247376176268053,286.1318666027946,282.6610021938972,0.0,0.1567400940295157,1513.50652,1055.38818,238.90834
2023-05-28 12:00:00,2.4573228227955,287.0525223644212,284.1293554954908,0.0,0.1486833849955815,1638.44607,1043.67322,247.7021
2023-05-28 13:00:00,3.554187239799876,293.5966545547989,285.8097002944097,6.039359851196153,0.0087643455460877,1760.21998,1067.29176,249.15567
2023-05-28 14:00:00,3.554187239799876,293.5966545547989,285.8097002944097,6.039359851196153,0.0087643455460877,1880.97059,1097.97559,254.07566
2023-05-28 15:00:00,3.554187239799876,293.5966545547989,285.8097002944097,6.039359851196153,0.0087643455460877,1953.80701,1144.71499,265.70527
2023-05-28 16:00:00,3.8104730436646665,297.3672654765367,285.5786250257043,332.8582009780026,0.0142077407647478,1989.71472,1158.95517,272.48952
2023-05-28 17:00:00,3.8104730436646665,297.3672654765367,285.5786250257043,332.8582009780026,0.0142077407647478,2042.5252,1144.53071,288.22066
2023-05-28 18:00:00,3.2460114240748075,296.46739503508894,285.6484843397729,331.8262177983659,0.0255578734092415,2102.45117,1163.71691,287.24914
2023-05-28 19:00:00,2.9639318049739387,294.245351810926,287.4889999824417,549.0767922992693,0.0007721333548178,2114.1188,1168.86203,287.65804
2023-05-28 20:00:00,2.9639318049739387,294.245351810926,287.4889999824417,549.0767922992693,0.0007721333548178,2101.41045,1167.10179,286.38456
2023-05-28 21:00:00,2.9639318049739387,294.245351810926,287.4889999824417,549.0767922992693,0.0007721333548178,2082.08177,1159.56105,281.81714
2023-05-28 22:00:00,2.854227035775544,290.01052802343474,285.5457167698263,811.7057533084205,0.0272387432811026,2070.54341,1167.06381,273.2876
2023-05-28 23:00:00,2.854227035775544,290.01052802343474,285.5457167698263,811.7057533084205,0.0272387432811026,2076.38716,1173.27814,277.34568
2023-05-29 00:00:00,2.5497794321219853,288.11392390411834,285.0189048154033,832.5890497230276,0.0148514731287732,1885.0641,1255.44924,199.25096
2023-05-29 01:00:00,2.0949466364347367,287.08052445213826,284.7147897443499,616.3843704815949,0.0681752835022004,1831.19447,1233.6602,199.66776
2023-05-29 02:00:00,2.0949466364347367,287.08052445213826,284.7147897443499,616.3843704815949,0.0681752835022004,1740.16165,1203.82709,195.25513
2023-05-29 03:00:00,2.0949466364347367,287.08052445213826,284.7147897443499,616.3843704815949,0.0681752835022004,1672.3135,1189.96628,191.93972
2023-05-29 04:00:00,1.8888893318059248,287.91711078819367,285.1915222717237,26.88229858033284,0.2063212974737558,1588.60821,1145.31934,201.79345
2023-05-29 05:00:00,1.8888893318059248,287.91711078819367,285.1915222717237,26.88229858033284,0.2063212974737558,1519.19134,1107.94172,206.16776
2023-05-29 06:00:00,3.265311874639711,292.8993228422163,286.6878792046435,27.57993309083073,0.1449744599794037,1496.09836,1087.78591,204.79669
2023-05-29 07:00:00,3.231266854456086,296.0127165716513,287.1781665549312,13.790106504079771,0.0192613168214646,1396.36088,1058.87337,212.17423
2023-05-29 08:00:00,3.231266854456086,296.0127165716513,287.1781665549312,13.790106504079771,0.0192613168214646,1362.32618,1049.54652,216.19199
2023-05-29 09:00:00,3.231266854456086,296.0127165716513,287.1781665549312,13.790106504079771,0.0192613168214646,1362.34619,1050.20837,212.05069
2023-05-29 10:00:00,2.974198486131628,296.5745977037516,287.49875525332294,0.0,0.023328369499346,1378.72946,1037.49758,222.40516
2023-05-29 11:00:00,2.974198486131628,296.5745977037516,287.49875525332294,0.0,0.023328369499346,1502.32269,1027.73925,233.30145
2023-05-29 12:00:00,2.82223843839043,296.2608913347032,290.0868366381808,0.0,0.018471652643922,1634.56128,1017.49959,242.91046
2023-05-29 13:00:00,2.6114951914320974,292.0216786278804,288.2674739136192,6.870289760972622,0.0061481838913524,1764.5094,1041.06497,245.16829
2023-05-29 14:00:00,2.6114951914320974,292.0216786278804,288.2674739136192,6.870289760972622,0.0061481838913524,1892.4066,1070.96617,251.9206
2023-05-29 15:00:00,2.6114951914320974,292.0216786278804,288.2674739136192,6.870289760972622,0.0061481838913524,1969.89505,1116.43455,265.52613
2023-05-29 16:00:00,2.4458790324382766,290.608034546084,287.78616138647226,370.0274322463017,0.0092551396283892,2008.48762,1130.72624,274.38752
2023-05-29 17:00:00,2.4458790324382766,290.608034546084,287.78616138647226,370.0274322463017,0.0092551396283892,2064.61373,1117.68111,291.70582
2023-05-29 18:00:00,2.42859511668403,289.94740645531886,287.3897977635773,371.7119755104579,0.0100528819584333,2127.43114,1136.69844,291.18955
2023-05-29 19:00:00,2.28194556357096,290.5226747288906,287.90364682673163,592.6291181548768,0.0175233569651555,2139.42465,1141.52262,290.34736
2023-05-29 20:00:00,2.28194556357096,290.5226747288906,287.90364682673163,592.6291181548768,0.0175233569651555,2125.81579,1139.8694,287.35408
2023-05-29 21:00:00,2.28194556357096,290.5226747288906,287.90364682673163,592.6291181548768,0.0175233569651555,2105.73025,1133.28381,282.19076
2023-05-29 22:00:00,3.329850473540372,298.2562931148269,287.0601270460771,749.8329646367135,0.0648108634804384,2094.45372,1140.97978,272.27771
2023-05-29 23:00:00,3.329850473540372,298.2562931148269,287.0601270460771,749.8329646367135,0.0648108634804384,2101.80213,1147.68016,274.45687
2023-05-30 00:00:00,2.334229131084299,290.087176195989,288.00846251261737,374.07481933109545,0.018940428365158,1876.34778,1309.81617,233.48458
2023-05-30 01:00:00,3.3689307622554225,295.5045203486005,288.9969082462786,599.5861125213114,0.0074143381412887,1825.72614,1286.09696,230.97998
2023-05-30 02:00:00,3.3689307622554225,295.5045203486005,288.9969082462786,599.5861125213114,0.0074143381412887,1740.08276,1255.20204,223.84892
2023-05-30 03:00:00,3.3689307622554225,295.5045203486005,288.9969082462786,599.5861125213114,0.0074143381412887,1678.28593,1241.25586,220.09136
2023-05-30 04:00:00,3.6613993774667657,298.98049367212985,288.69490154816697,758.6835003457277,0.0467189031462314,1602.53188,1194.9283,228.68133
2023-05-30 05:00:00,3.6613993774667657,298.98049367212985,288.69490154816697,758.6835003457277,0.0467189031462314,1543.35903,1156.63481,231.10303
2023-05-30 06:00:00,3.6613993774667657,298.98049367212985,288.69490154816697,758.6835003457277,0.0467189031462314,1527.93328,1135.53538,227.16268
2023-05-30 07:00:00,2.549517601875744,296.4377302276407,289.664911491406,533.9190269671489,0.0605836453506156,1438.27067,1105.42884,231.88844
2023-05-30 08:00:00,2.549517601875744,296.4377302276407,289.664911491406,533.9190269671489,0.0605836453506156,1409.19834,1095.34347,231.94948
2023-05-30 09:00:00,2.549517601875744,296.4377302276407,289.664911491406,533.9190269671489,0.0605836453506156,1409.00891,1094.56661,224.14761
2023-05-30 10:00:00,2.400389912109018,291.97975056306905,287.33634600663135,20.33358277615369,0.2215615384262865,1423.57314,1079.96257,232.17219
2023-05-30 11:00:00,2.400389912109018,291.97975056306905,287.33634600663135,20.33358277615369,0.2215615384262865,1537.54911,1068.27854,240.81287
2023-05-30 12:00:00,2.162410400959237,290.5220286635233,286.75278288453194,21.169272407299403,0.2499968043183923,1659.17015,1055.96642,249.57516
2023-05-30 13:00:00,1.9128435780430588,289.5758733786423,286.4027576739715,10.584517893015011,0.3983726079271809,1776.61836,1079.80875,250.98163
2023-05-30 14:00:00,1.9128435780430588,289.5758733786423,286.4027576739715,10.584517893015011,0.3983726079271809,1893.71204,1111.06565,255.88293
2023-05-30 15:00:00,1.9128435780430588,289.5758733786423,286.4027576739715,10.584517893015011,0.3983726079271809,1963.85813,1158.6433,267.52729
2023-05-30 16:00:00,1.9213104068116111,290.0404607192576,287.1143067409124,0.0,0.7261494912023252,1998.32408,1173.12597,274.32707
2023-05-30 17:00:00,1.9213104068116111,290.0404607192576,287.1143067409124,0.0,0.7261494912023252,2049.44378,1158.25357,290.06513
2023-05-30 18:00:00,2.812414073381073,296.1144926793778,288.56562843526314,0.0,0.6568557016859438,2108.8078,1177.754,289.0223
2023-05-30 19:00:00,3.5967319789767416,299.42775882491776,287.5290119783795,4.481802093234073,0.4723531473942052,2121.11482,1183.20264,289.44195
2023-05-30 20:00:00,3.5967319789767416,299.42775882491776,287.5290119783795,4.481802093234073,0.4723531473942052,2108.95016,1181.47098,288.17364
2023-05-30 21:00:00,3.5967319789767416,299.42775882491776,287.5290119783795,4.481802093234073,0.4723531473942052,2089.9468,1173.52463,283.59052
2023-05-30 22:00:00,3.664120159255373,299.4992842398857,287.81145929328176,210.7840530589295,1.290449510560739,2078.44399,1180.97976,275.00921
2023-05-30 23:00:00,3.664120159255373,299.4992842398857,287.81145929328176,210.7840530589295,1.290449510560739,2082.79718,1186.93679,279.03567
2023-05-31 00:00:00,3.0291660249179,296.5431745530134,289.66885096436954,219.5023734677636,1.1192994633099649,1876.82352,1341.58851,256.41434
2023-05-31 01:00:00,3.1182044009701624,292.09731774385574,287.7142130584803,352.0772594482159,1.022956998153024,1827.45434,1316.45245,252.37274
2023-05-31 02:00:00,3.1182044009701624,292.09731774385574,287.7142130584803,352.0772594482159,1.022956998153024,1744.08343,1284.51183,243.82142
2023-05-31 03:00:00,3.1182044009701624,292.09731774385574,287.7142130584803,352.0772594482159,1.022956998153024,1684.97046,1270.18522,239.18389
2023-05-31 04:00:00,3.0820801878367123,290.12021266587607,286.95233348416696,471.7644427092063,2.2500541188550947,1612.81893,1222.52948,247.8324
2023-05-31 05:00:00,3.0820801878367123,290.12021266587607,286.95233348416696,471.7644427092063,2.2500541188550947,1558.50696,1183.27743,249.96637
2023-05-31 06:00:00,2.9643737156747982,288.7302440077227,286.0051150484024,457.09797076770303,2.238782303785836,1546.8448,1161.31987,245.19868
2023-05-31 07:00:00,2.888939148334556,288.65441272845624,285.9167846802466,342.74579159746423,1.5525538037491249,1461.94044,1130.21903,249.2821
2023-05-31 08:00:00,2.888939148334556,288.65441272845624,285.9167846802466,342.74579159746423,1.5525538037491249,1435.21327,1119.58929,248.66129
2023-05-31 09:00:00,2.888939148334556,288.65441272845624,285.9167846802466,342.74579159746423,1.5525538037491249,1434.86996,1117.97805,239.55189
2023-05-31 10:00:00,3.847957143409813,294.16631292811826,286.97632772744794,19.71761149682213,3.2637954286570405,1448.62307,1102.43992,247.48117
2023-05-31 11:00:00,3.847957143409813,294.16631292811826,286.97632772744794,19.71761149682213,3.2637954286570405,1558.20582,1089.82756,255.84103
2023-05-31 12:00:00,4.511931227289862,297.9485060385413,286.43959229355335,19.629568605315285,2.799404634752671,1674.93892,1076.54676,264.35492
2023-05-31 13:00:00,4.756344949792096,298.2521546392011,286.2380447823921,9.81461669229328,1.1035002648253966,1786.4897,1100.8268,265.38968
2023-05-31 14:00:00,4.756344949792096,298.2521546392011,286.2380447823921,9.81461669229328,1.1035002648253966,1898.51405,1133.10905,270.14373
2023-05-31 15:00:00,4.756344949792096,298.2521546392011,286.2380447823921,9.81461669229328,1.1035002648253966,1965.14514,1182.16635,281.90454
2023-05-31 16:00:00,4.09523081473208,294.84468140375134,287.75826639666786,0.0,1.9588710962381808,1997.65963,1197.14059,288.82676
2023-05-31 17:00:00,4.09523081473208,294.84468140375134,287.75826639666786,0.0,1.9588710962381808,2046.43129,1181.58235,304.61928
2023-05-31 18:00:00,3.743358958589173,290.34830837976847,285.5042305947819,0.0,1.666189769576037,2104.38177,1201.68359,303.01388
2023-05-31 19:00:00,3.525735110960952,288.0973507358331,284.46208263104927,6.49329657962609,0.4903125063787941,2117.01757,1207.68883,303.51802
2023-05-31 20:00:00,3.525735110960952,288.0973507358331,284.46208263104927,6.49329657962609,0.4903125063787941,2105.54916,1206.03044,302.29063
2023-05-31 21:00:00,3.525735110960952,288.0973507358331,284.46208263104927,6.49329657962609,0.4903125063787941,2087.03954,1197.41883,297.58393
2023-05-31 22:00:00,3.254246307504576,286.17286734198376,283.3842061640994,357.3159373588005,0.7150026336480798,2075.46864,1204.80787,288.59397
2023-05-31 23:00:00,3.254246307504576,286.17286734198376,283.3842061640994,357.3159373588005,0.7150026336480798,2078.25427,1210.32495,292.3709
2023-06-01 00:00:00,3.237876565720626,286.07278486862805,283.3188647634981,356.03881445853574,1.0563756431107143,1864.25063,1357.17226,241.21401
2023-06-01 01:00:00,4.486730848613142,292.29836168651167,284.0815585398208,588.6254684426278,0.0685277316359491,1816.24504,1331.23712,238.19129
2023-06-01 02:00:00,4.486730848613142,292.29836168651167,284.0815585398208,588.6254684426278,0.0685277316359491,1734.68554,1298.62994,230.58149
2023-06-01 03:00:00,4.486730848613142,292.29836168651167,284.0815585398208,588.6254684426278,0.0685277316359491,1677.29876,1283.99769,226.5273
2023-06-01 04:00:00,4.721153235573435,296.3187378825892,283.8898771434725,864.6142457177118,0.0846836047223453,1607.23903,1235.56543,235.13701
2023-06-01 05:00:00,4.721153235573435,296.3187378825892,283.8898771434725,864.6142457177118,0.0846836047223453,1555.11158,1195.69046,237.46171
2023-06-01 06:00:00,4.70502790459839,297.3298391445162,283.79198771132235,883.4383328991862,0.0580702227021385,1544.79387,1173.20135,233.24247
2023-06-01 07:00:00,3.935141581883649,294.1920905903727,286.0480655391476,675.4962513846156,0.001693997857743,1462.09,1141.50593,237.75169
2023-06-01 08:00:00,3.935141581883649,294.1920905903727,286.0480655391476,675.4962513846156,0.001693997857743,1436.44328,1130.57277,237.58289
2023-06-01 09:00:00,3.935141581883649,294.1920905903727,286.0480655391476,675.4962513846156,0.001693997857743,1436.18202,1128.55441,229.34028
2023-06-01 10:00:00,3.708704570084116,288.9186244748016,283.6499966580935,33.761251816933346,0.0028707906495227,1449.42599,1112.62032,237.33272
2023-06-01 11:00:00,3.708704570084116,288.9186244748016,283.6499966580935,33.761251816933346,0.0028707906495227,1556.56168,1099.62399,245.87874
2023-06-01 12:00:00,3.333864077665825,286.5978531895039,282.0799933669215,33.49870528250623,0.0048204808861884,1670.68174,1085.95547,254.55729
2023-06-01 13:00:00,2.998129237617716,285.0855918296108,281.32498078229435,16.74946003389069,0.0003607155851357,1779.48806,1110.54973,255.83848
2023-06-01 14:00:00,2.998129237617716,285.0855918296108,281.32498078229435,16.74946003389069,0.0003607155851357,1889.07571,1143.41904,260.69013
2023-06-01 15:00:00,2.998129237617716,285.0855918296108,281.32498078229435,16.74946003389069,0.0003607155851357,1954.21293,1193.2913,272.37375
2023-06-01 16:00:00,2.776662065509177,285.57451003990144,281.8249335358404,0.0,0.0005672830895462,1985.83209,1208.64351,279.2148
2023-06-01 17:00:00,2.776662065509177,285.57451003990144,281.8249335358404,0.0,0.0005672830895462,2033.47147,1192.88676,294.97121
2023-06-01 18:00:00,3.828271073765365,292.4785289879637,283.65623755759776,0.0,0.0,2090.16286,1213.39761,293.73876
2023-06-01 19:00:00,3.848079239730768,296.7569053697797,284.08883488637645,7.916761639250231,0.0,2102.44714,1219.7453,294.18687
2023-06-01 20:00:00,3.848079239730768,296.7569053697797,284.08883488637645,7.916761639250231,0.0,2091.2613,1218.16534,292.93236
2023-06-01 21:00:00,3.848079239730768,296.7569053697797,284.08883488637645,7.916761639250231,0.0,2073.0282,1209.27455,288.30759
2023-06-01 22:00:00,3.890369621248992,297.8618063563455,284.4136469530282,388.8735407624175,0.0,2061.31768,1216.6583,279.58853
2023-06-01 23:00:00,3.890369621248992,297.8618063563455,284.4136469530282,388.8735407624175,0.0,2063.80476,1221.95747,283.53088
2023-06-02 00:00:00,3.262132113423489,295.09089866235536,287.4254312519684,389.53256144643615,0.0,1845.29981,1364.24802,265.30599
2023-06-02 01:00:00,3.289831081582144,290.0647608168216,285.0363153997686,609.5119459704306,0.0,1798.70892,1337.83942,260.66841
2023-06-02 02:00:00,3.289831081582144,290.0647608168216,285.0363153997686,609.5119459704306,0.0,1718.7295,1304.7669,251.56632
2023-06-02 03:00:00,3.289831081582144,290.0647608168216,285.0363153997686,609.5119459704306,0.0,1662.59374,1289.86933,246.58759
2023-06-02 04:00:00,2.957610954855664,288.12041269869485,284.28751290699176,830.8610969684937,0.0001546149999108,1593.87775,1240.95198,255.25877
2023-06-02 05:00:00,2.957610954855664,288.12041269869485,284.28751290699176,830.8610969684937,0.0001546149999108,1542.61368,1200.63213,257.28119
2023-06-02 06:00:00,2.696147030318815,287.1814069350954,283.68999298754704,829.078336701443,0.0005672840661363,1532.44827,1177.7841,252.19266
2023-06-02 07:00:00,2.488806028045162,287.6282359163447,284.239074264971,622.3215430972907,0.0009284665704576,1450.68235,1145.70507,256.027
2023-06-02 08:00:00,2.488806028045162,287.6282359163447,284.239074264971,622.3215430972907,0.0009284665704576,1425.49179,1134.59552,255.14178
2023-06-02 09:00:00,2.488806028045162,287.6282359163447,284.239074264971,622.3215430972907,0.0009284665704576,1425.42816,1132.39487,245.52533
2023-06-02 10:00:00,3.317588830480453,294.08164967753066,285.70338280347136,28.98217544772932,0.0027293973186317,1438.3127,1116.34694,253.41768
2023-06-02 11:00:00,3.317588830480453,294.08164967753066,285.70338280347136,28.98217544772932,0.0027293973186317,1543.96388,1103.25183,261.66864
2023-06-02 12:00:00,3.582728017877136,297.93546237997464,285.38592050226595,14.656458008087233,0.000308450499059,1656.59612,1089.49993,270.08619
2023-06-02 13:00:00,3.733569066022128,298.64078705236847,285.3043026592624,0.0,0.0005049556211259,1764.21475,1114.34269,270.97686
2023-06-02 14:00:00,3.733569066022128,298.64078705236847,285.3043026592624,0.0,0.0005049556211259,1872.66567,1147.56773,275.67379
2023-06-02 15:00:00,3.733569066022128,298.64078705236847,285.3043026592624,0.0,0.0005049556211259,1937.30614,1197.90475,287.4797
2023-06-02 16:00:00,3.020962579853411,295.67762419501526,288.0828302472521,7.199519230666176,0.000635176822105,1968.55161,1213.57401,294.44941
2023-06-02 17:00:00,3.020962579853411,295.67762419501526,288.0828302472521,7.199519230666176,0.000635176822105,2015.65912,1197.87323,310.26304
2023-06-02 18:00:00,2.9529444995070646,290.9617893202554,285.6826306457749,7.319050945701888,0.0053291545470202,2071.17044,1218.69219,308.43953
2023-06-02 19:00:00,2.652976613409361,288.93919339695583,284.86308031966547,388.4980366768102,0.0257464182587666,2082.77026,1225.26862,308.97644
2023-06-02 20:00:00,2.652976613409361,288.93919339695583,284.86308031966547,388.4980366768102,0.0257464182587666,2071.66244,1223.77004,307.76491
2023-06-02 21:00:00,2.652976613409361,288.93919339695583,284.86308031966547,388.4980366768102,0.0257464182587666,2053.59847,1214.80222,303.01028
2023-06-02 22:00:00,2.3272687715008176,287.93092063684264,284.5328839662326,614.2280115084114,0.0252470685051773,2041.7132,1222.21208,293.86188
2023-06-02 23:00:00,2.3272687715008176,287.93092063684264,284.5328839662326,614.2280115084114,0.0252470685051773,2044.52647,1227.41023,297.54203
2023-06-03 00:00:00,2.389205795610594,288.56067400741944,285.3996241402483,620.681089385194,0.0002453304518523,1840.71472,1396.57143,269.30209
2023-06-03 01:00:00,3.3412563658335785,294.7962339356291,287.0402008926912,851.2533995042877,0.0101538210600494,1794.48873,1368.73763,264.39664
2023-06-03 02:00:00,3.3412563658335785,294.7962339356291,287.0402008926912,851.2533995042877,0.0101538210600494,1714.93222,1334.62482,255.04704
2023-06-03 03:00:00,3.3412563658335785,294.7962339356291,287.0402008926912,851.2533995042877,0.0101538210600494,1659.14712,1319.3587,249.91495
2023-06-03 04:00:00,3.720312087888405,298.5017244966774,287.384107932152,639.6740949183371,0.0150613433741191,1590.8205,1269.10941,258.59632
2023-06-03 05:00:00,3.720312087888405,298.5017244966774,287.384107932152,639.6740949183371,0.0150613433741191,1539.85137,1227.83771,260.56861
2023-06-03 06:00:00,3.55175738366576,299.4241628806766,287.8324429692152,637.3330515436636,0.0106508440423281,1529.78902,1204.13402,255.33587
2023-06-03 07:00:00,3.022380753413419,296.9479880424378,289.888307813603,29.364691016247768,0.0453911055924131,1448.33431,1171.05985,259.05829
2023-06-03 08:00:00,3.022380753413419,296.9479880424378,289.888307813603,29.364691016247768,0.0453911055924131,1423.29576,1159.40229,258.05425
2023-06-03 09:00:00,3.022380753413419,296.9479880424378,289.888307813603,29.364691016247768,0.0453911055924131,1423.27719,1156.35222,248.20991
2023-06-03 10:00:00,2.889228537816839,292.48645715264,288.08376664347736,14.682331798857168,0.0201405032736697,1436.06039,1139.34444,256.08564
2023-06-03 11:00:00,2.889228537816839,292.48645715264,288.08376664347736,14.682331798857168,0.0201405032736697,1541.27441,1125.29395,264.28768
2023-06-03 12:00:00,2.619314976160932,290.4288381889877,287.0677507195897,14.966491329739092,0.0135435646563832,1653.45984,1110.54291,272.66195
2023-06-03 13:00:00,2.17928074321362,289.47962071023244,286.8103918733826,0.0,0.0548986329143609,1760.68636,1135.81573,273.48782
2023-06-03 14:00:00,2.17928074321362,289.47962071023244,286.8103918733826,0.0,0.0548986329143609,1868.77267,1170.07096,278.15909
2023-06-03 15:00:00,2.17928074321362,289.47962071023244,286.8103918733826,0.0,0.0548986329143609,1933.23062,1221.89961,289.9853
2023-06-03 16:00:00,2.0913809684645464,290.2116745228633,287.549339630254,8.182190654192166,0.1113646289334444,1964.35114,1238.04762,296.97636
2023-06-03 17:00:00,2.0913809684645464,290.2116745228633,287.549339630254,8.182190654192166,0.1113646289334444,2011.28822,1221.62772,312.79948
2023-06-03 18:00:00,3.1009713814411803,295.55830241568594,289.2890389207954,8.247266974431026,0.0615566852241089,2066.48876,1243.04032,310.87792
2023-06-03 19:00:00,3.382799916660601,299.1171746681709,289.5548090127876,391.5160123047691,0.0875722224522513,2077.92852,1250.17253,311.42958
2023-06-03 20:00:00,3.382799916660601,299.1171746681709,289.5548090127876,391.5160123047691,0.0875722224522513,2066.85179,1248.74157,310.22517
2023-06-03 21:00:00,3.382799916660601,299.1171746681709,289.5548090127876,391.5160123047691,0.0875722224522513,2048.83748,1239.08967,305.44896
2023-06-03 22:00:00,3.282935686738182,299.77772834131304,289.7081424232895,602.4874936106062,0.0549259066005275,2036.90889,1246.42838,296.22937
2023-06-03 23:00:00,3.282935686738182,299.77772834131304,289.7081424232895,602.4874936106062,0.0549259066005275,2039.7734,1251.17918,299.86605
2023-06-04 00:00:00,3.023046239727877,298.05423135037813,291.0940788470642,599.9810778776845,0.030745465862729,1891.25936,1329.85015,221.7656
2023-06-04 01:00:00,2.9487177222081176,293.5062163909927,289.5268415636157,792.2819158464702,0.2071556354572582,1838.37936,1303.99979,220.04649
2023-06-04 02:00:00,2.9487177222081176,293.5062163909927,289.5268415636157,792.2819158464702,0.2071556354572582,1749.43676,1270.62198,213.64131
2023-06-04 03:00:00,2.9487177222081176,293.5062163909927,289.5268415636157,792.2819158464702,0.2071556354572582,1684.24095,1255.02,210.3335
2023-06-04 04:00:00,2.898858302773246,291.9609629047551,289.1853446334217,578.242237324831,0.2538417181227199,1604.19603,1206.37077,218.89355
2023-06-04 05:00:00,2.898858302773246,291.9609629047551,289.1853446334217,578.242237324831,0.2538417181227199,1540.00179,1165.6579,221.46227
2023-06-04 06:00:00,2.468937007716589,291.1671526989009,288.8210233146869,583.2698312115322,0.3302269282411628,1521.10639,1142.70286,217.94481
2023-06-04 07:00:00,2.2941771847956645,291.67384502584537,289.509878223707,26.64123222036592,0.8942510310503258,1426.45363,1110.69803,222.99882
2023-06-04 08:00:00,2.2941771847956645,291.67384502584537,289.509878223707,26.64123222036592,0.8942510310503258,1394.9266,1099.8365,223.40835
2023-06-04 09:00:00,2.2941771847956645,291.67384502584537,289.509878223707,26.64123222036592,0.8942510310503258,1394.71429,1098.56054,216.27477
2023-06-04 10:00:00,3.2980650407923795,297.44456763343965,290.660994246713,13.321054968898697,0.3383073827507152,1410.29045,1084.10632,224.34803
2023-06-04 11:00:00,3.2980650407923795,297.44456763343965,290.660994246713,13.321054968898697,0.3383073827507152,1529.37403,1072.68266,233.13223
2023-06-04 12:00:00,4.033516483522266,301.66217394487046,290.1980446101681,13.77197015515401,0.1595547612679443,1656.54574,1060.79848,242.02148
2023-06-04 13:00:00,3.8451401937085423,301.7576808177134,290.2184542207434,0.0,0.336614676454722,1780.19958,1086.1,243.61791
2023-06-04 14:00:00,3.8451401937085423,301.7576808177134,290.2184542207434,0.0,0.336614676454722,1902.72056,1119.00247,248.59447
2023-06-04 15:00:00,3.8451401937085423,301.7576808177134,290.2184542207434,0.0,0.336614676454722,1976.39461,1168.57238,260.17934
2023-06-04 16:00:00,3.5286993796833253,298.6937528765532,291.6282557801216,7.727412051957745,0.1770041529367081,2012.89839,1184.99322,266.91654
2023-06-04 17:00:00,3.5286993796833253,298.6937528765532,291.6282557801216,7.727412051957745,0.1770041529367081,2066.53627,1171.32551,282.62676
2023-06-04 18:00:00,3.600746425482006,295.00678607463175,290.1471718875578,7.796794139932263,0.2367740500649331,2128.11214,1192.57089,281.87144
2023-06-04 19:00:00,3.310980269398345,293.21322194228725,289.8211632842457,376.83688771703794,0.3901360145587438,2140.68072,1199.19271,282.24788
2023-06-04 20:00:00,3.310980269398345,293.21322194228725,289.8211632842457,376.83688771703794,0.3901360145587438,2127.83361,1198.01647,280.95867
2023-06-04 21:00:00,3.310980269398345,293.21322194228725,289.8211632842457,376.83688771703794,0.3901360145587438,2108.25433,1190.2083,276.43875
2023-06-04 22:00:00,2.762458227030454,291.98369604387545,289.56663115959225,604.3749964429521,0.1289667565429981,2096.95333,1197.94227,268.06627
2023-06-04 23:00:00,2.762458227030454,291.98369604387545,289.56663115959225,604.3749964429521,0.1289667565429981,2102.43678,1203.59777,272.22027
2023-06-05 00:00:00,2.5561274881187286,291.976963785427,290.01353827988544,599.2173674487508,0.1269134007659655,1920.63627,1321.04156,126.46817
2023-06-05 01:00:00,4.0051579892801685,297.83216348011945,291.0574883656084,807.9180654406437,0.4911494211717844,1864.19219,1295.33185,131.13684
2023-06-05 02:00:00,4.0051579892801685,297.83216348011945,291.0574883656084,807.9180654406437,0.4911494211717844,1770.33875,1261.87255,130.63442
2023-06-05 03:00:00,4.0051579892801685,297.83216348011945,291.0574883656084,807.9180654406437,0.4911494211717844,1700.31286,1246.08734,130.98373
2023-06-05 04:00:00,4.264754253108344,301.11284629003336,290.5145144915439,574.312355328314,0.2263706948679056,1614.31337,1197.50397,139.30062
2023-06-05 05:00:00,4.264754253108344,301.11284629003336,290.5145144915439,574.312355328314,0.2263706948679056,1543.58229,1156.68702,143.06504
2023-06-05 06:00:00,3.702864541285065,300.2591302115036,290.81676811340054,572.7284934834188,0.1865118875061421,1520.44021,1133.70187,142.9862
2023-06-05 07:00:00,3.1292258578409347,297.51624826287093,291.79017066758007,25.182233290910386,0.3841295979530356,1419.24255,1101.71374,150.70971
2023-06-05 08:00:00,3.1292258578409347,297.51624826287093,291.79017066758007,25.182233290910386,0.3841295979530356,1384.4995,1090.91489,153.95307
2023-06-05 09:00:00,3.1292258578409347,297.51624826287093,291.79017066758007,25.182233290910386,0.3841295979530356,1384.13935,1089.87578,152.25373
2023-06-05 10:00:00,2.8764115107830115,294.0256366048596,290.5932030169646,12.591108365985724,0.2303879901703464,1401.14576,1075.83105,160.72299
2023-06-05 11:00:00,2.8764115107830115,294.0256366048596,290.5932030169646,12.591108365985724,0.2303879901703464,1527.24724,1064.8371,170.67427
2023-06-05 12:00:00,2.513082706986644,292.43278368238634,290.1001168995183,12.489030385034964,0.2982815738866375,1661.96931,1053.4332,180.59589
2023-06-05 13:00:00,2.284226803533725,291.4402001683723,289.7148254462164,0.0,0.6235896777469858,1793.77476,1078.85431,183.73709
2023-06-05 14:00:00,2.284226803533725,291.4402001683723,289.7148254462164,0.0,0.6235896777469858,1923.48524,1111.67622,189.32571
2023-06-05 15:00:00,2.284226803533725,291.4402001683723,289.7148254462164,0.0,0.6235896777469858,2001.68477,1161.05175,200.42677
2023-06-05 16:00:00,2.172878000113474,292.0227035861487,290.2368182673555,7.552968628424594,0.1931587902265044,2040.85572,1177.66791,206.65498
2023-06-05 17:00:00,2.172878000113474,292.0227035861487,290.2368182673555,7.552968628424594,0.1931587902265044,2097.83226,1164.52424,222.13891
2023-06-05 18:00:00,3.4071049381094065,297.5674562880424,291.37341867117186,7.807865509385908,0.2080813710670327,2162.77343,1185.88121,223.72157
2023-06-05 19:00:00,3.858597242584868,300.57429268123974,290.6246857563143,368.32515107194,0.3454648195390826,2176.07167,1192.51609,223.74678
2023-06-05 20:00:00,3.858597242584868,300.57429268123974,290.6246857563143,368.32515107194,0.3454648195390826,2162.35988,1191.42358,222.28761
2023-06-05 21:00:00,3.858597242584868,300.57429268123974,290.6246857563143,368.32515107194,0.3454648195390826,2141.98846,1183.91341,218.28135
2023-06-05 22:00:00,3.184884073502342,299.98358217289183,290.8486901964722,582.1614561297065,0.0941776442806526,2131.0351,1191.73099,211.60714
2023-06-05 23:00:00,3.184884073502342,299.98358217289183,290.8486901964722,582.1614561297065,0.0941776442806526,2137.67342,1197.5035,216.79819
2023-06-06 00:00:00,3.2506507106030886,297.6200039311926,291.7483097772851,587.187702794012,0.0859186515927696,1928.30064,1374.77474,208.8443
2023-06-06 01:00:00,2.610294692329669,293.9433332934137,290.1440591687937,784.8324160767215,0.3100393135917933,1874.11116,1347.18497,207.99132
2023-06-06 02:00:00,2.610294692329669,293.9433332934137,290.1440591687937,784.8324160767215,0.3100393135917933,1784.69326,1312.71689,202.38648
2023-06-06 03:00:00,2.610294692329669,293.9433332934137,290.1440591687937,784.8324160767215,0.3100393135917933,1720.12102,1296.87888,199.57455
2023-06-06 04:00:00,2.408404438762182,292.50473564672114,289.626114496907,571.4512354380668,0.1132602756087742,1641.55845,1246.66781,208.10164
2023-06-06 05:00:00,2.408404438762182,292.50473564672114,289.626114496907,571.4512354380668,0.1132602756087742,1581.19474,1204.98627,210.83248
2023-06-06 06:00:00,2.2469412447507544,291.47313059188764,289.28694708834314,575.0927615418425,0.1275877988353099,1566.25956,1181.09784,207.78126
2023-06-06 07:00:00,2.1210770063367206,292.04532652894443,289.86613750416967,27.43019914712072,0.4170555328218855,1475.17793,1147.95817,213.19722
2023-06-06 08:00:00,2.1210770063367206,292.04532652894443,289.86613750416967,27.43019914712072,0.4170555328218855,1445.42244,1136.41914,213.99099
2023-06-06 09:00:00,2.1210770063367206,292.04532652894443,289.86613750416967,27.43019914712072,0.4170555328218855,1444.6555,1133.95742,207.59422
2023-06-06 10:00:00,2.8360095990451124,297.7902323213746,291.0052994384006,13.715515597045933,0.2475322815546548,1460.00755,1118.02521,215.72118
2023-06-06 11:00:00,2.8360095990451124,297.7902323213746,291.0052994384006,13.715515597045933,0.2475322815546548,1576.98564,1105.10897,224.66362
2023-06-06 12:00:00,3.705896662475076,301.3127251374667,289.7720484417602,13.253600072511306,0.2117324427481503,1701.49926,1091.63354,233.69285
2023-06-06 13:00:00,3.67895438718106,301.186021744556,289.67359738263065,0.0,0.2276774443265062,1820.77572,1117.30197,235.49872
2023-06-06 14:00:00,3.67895438718106,301.186021744556,289.67359738263065,0.0,0.2276774443265062,1939.75724,1151.44148,240.55829
2023-06-06 15:00:00,3.67895438718106,301.186021744556,289.67359738263065,0.0,0.2276774443265062,2010.41563,1202.87794,252.07755
2023-06-06 16:00:00,3.1362064026297096,298.03904067489106,291.3999224873932,9.164652255329184,0.0008251870307491,2045.4339,1219.64663,258.74572
2023-06-06 17:00:00,3.1362064026297096,298.03904067489106,291.3999224873932,9.164652255329184,0.0008251870307491,2097.44303,1204.66016,274.42527
2023-06-06 18:00:00,2.7245565777624443,293.5908382516308,289.86659880564616,9.093350836653103,0.0082127981557553,2159.69387,1226.46414,273.98696
2023-06-06 19:00:00,2.540110892374788,292.20757515835766,289.32605782800533,413.7888989726221,0.0274382743292931,2173.95251,1233.69795,274.31576
2023-06-06 20:00:00,2.540110892374788,292.20757515835766,289.32605782800533,413.7888989726221,0.0274382743292931,2161.74192,1232.51654,273.00353
2023-06-06 21:00:00,2.540110892374788,292.20757515835766,289.32605782800533,413.7888989726221,0.0274382743292931,2142.39511,1223.64903,268.55324
2023-06-06 22:00:00,2.329280241193296,291.57643802969835,289.40662064886953,645.5607864426079,0.0004567362539824,2131.3535,1231.22141,260.41102
2023-06-06 23:00:00,2.329280241193296,291.57643802969835,289.40662064886953,645.5607864426079,0.0004567362539824,2134.43724,1236.25986,264.70563
2023-06-07 00:00:00,2.194160778040436,291.55163872095204,289.1397842826785,641.5705242849426,0.0,1900.38001,1389.274,234.96026
2023-06-07 01:00:00,3.920641025059044,301.21505506526705,289.25676572574446,858.7338314913414,0.0130942395346711,1849.19972,1360.94769,232.35672
2023-06-07 02:00:00,3.920641025059044,301.21505506526705,289.25676572574446,858.7338314913414,0.0130942395346711,1763.77025,1325.87009,225.13426
2023-06-07 03:00:00,3.920641025059044,301.21505506526705,289.25676572574446,858.7338314913414,0.0130942395346711,1702.99154,1309.75572,221.32009
2023-06-07 04:00:00,3.792092072857332,301.36068659295006,288.8650672768325,642.3646347093104,0.0483385926402099,1629.02083,1258.83071,229.91384
2023-06-07 05:00:00,3.792092072857332,301.36068659295006,288.8650672768325,642.3646347093104,0.0483385926402099,1573.43624,1216.57986,232.317
2023-06-07 06:00:00,3.14315693779373,297.94053873399844,290.6209841071433,628.1119505295208,0.0230282613763784,1561.43106,1192.20445,228.32342
2023-06-07 07:00:00,2.739017595624669,293.3396322437172,288.6550719738466,33.29505816775318,0.0535989535127531,1475.1657,1158.51864,233.00782
2023-06-07 08:00:00,2.739017595624669,293.3396322437172,288.6550719738466,33.29505816775318,0.0535989535127531,1447.77508,1146.69996,233.02501
2023-06-07 09:00:00,2.739017595624669,293.3396322437172,288.6550719738466,33.29505816775318,0.0535989535127531,1447.19239,1143.85934,225.139
2023-06-07 10:00:00,2.419961734087192,291.58832306669706,287.8445121301263,16.64733939545141,0.0177800137325128,1461.4257,1127.55434,233.15743
2023-06-07 11:00:00,2.419961734087192,291.58832306669706,287.8445121301263,16.64733939545141,0.0177800137325128,1573.03463,1114.27601,241.78002
2023-06-07 12:00:00,1.7858728632255425,290.87349449957327,287.4691296624287,16.87520165821013,0.0234744185715676,1691.81837,1100.4339,250.52633
2023-06-07 13:00:00,1.4988751090488055,291.57871221863604,288.2945949091984,0.0,0.0335101421191988,1805.08756,1126.38798,251.90888
2023-06-07 14:00:00,1.4988751090488055,291.57871221863604,288.2945949091984,0.0,0.0335101421191988,1918.73303,1161.06797,256.80069
2023-06-07 15:00:00,1.4988751090488055,291.57871221863604,288.2945949091984,0.0,0.0335101421191988,1986.12559,1213.25672,268.45257
2023-06-07 16:00:00,1.8987816287825567,297.78026099821665,289.4753515718403,9.166065671547694,0.0401080104168234,2019.18477,1230.36775,275.26021
2023-06-07 17:00:00,1.8987816287825567,297.78026099821665,289.4753515718403,9.166065671547694,0.0401080104168234,2068.71416,1215.18724,291.00179
2023-06-07 18:00:00,2.102391245918234,302.22392856202134,289.32963860975235,9.180113305564168,0.0279672850377082,2128.19016,1237.36448,289.92276
2023-06-07 19:00:00,2.448144143844053,301.5407819711816,289.21496018386085,411.0884639965468,0.1043559610936848,2141.66401,1244.91204,290.3478
2023-06-07 20:00:00,2.448144143844053,301.5407819711816,289.21496018386085,411.0884639965468,0.1043559610936848,2130.07023,1243.80096,289.08215
2023-06-07 21:00:00,2.448144143844053,301.5407819711816,289.21496018386085,411.0884639965468,0.1043559610936848,2111.33,1234.67038,284.4911
2023-06-07 22:00:00,2.693704597980248,297.6293289743911,290.83317872970065,634.4461444253022,0.0243892223937933,2099.9792,1242.23594,275.88349
2023-06-07 23:00:00,2.693704597980248,297.6293289743911,290.83317872970065,634.4461444253022,0.0243892223937933,2102.4231,1247.07189,279.89389
2023-06-08 00:00:00,1.946792349657377,293.7658002775442,289.3649620384309,635.1570481842052,0.0343805747394435,1896.92216,1425.58052,233.30285
2023-06-08 01:00:00,1.7432081245658604,292.2973616278508,288.9385500191092,861.0416343844114,0.1261821714549753,1846.55717,1395.6979,230.81039
2023-06-08 02:00:00,1.7432081245658604,292.2973616278508,288.9385500191092,861.0416343844114,0.1261821714549753,1762.41601,1359.51744,223.6906
2023-06-08 03:00:00,1.7432081245658604,292.2973616278508,288.9385500191092,861.0416343844114,0.1261821714549753,1703.03961,1343.03992,219.94001
2023-06-08 04:00:00,1.5971975715573756,291.3364113480033,288.6931003376583,639.9807501742216,0.1662647816406082,1630.88664,1290.67207,228.52953
2023-06-08 05:00:00,1.5971975715573756,291.3364113480033,288.6931003376583,639.9807501742216,0.1662647816406082,1577.57121,1247.41739,230.95349
2023-06-08 06:00:00,1.5156133934980212,291.84029419613324,289.41836507765413,637.3997455512377,0.0996781187051239,1567.22313,1222.12776,227.01973
2023-06-08 07:00:00,2.060188125878543,297.1904213161524,290.3980223320422,31.8780909932111,0.279233213459912,1483.19683,1187.37003,231.75055
2023-06-08 08:00:00,2.060188125878543,297.1904213161524,290.3980223320422,31.8780909932111,0.279233213459912,1456.9087,1174.95112,231.81702
2023-06-08 09:00:00,2.060188125878543,297.1904213161524,290.3980223320422,31.8780909932111,0.279233213459912,1456.2975,1171.1557,224.02554
2023-06-08 10:00:00,2.6058549958530284,300.5669273923834,290.05209477404185,15.9387156328452,0.2172429467115105,1470.11063,1153.74608,232.05083
2023-06-08 11:00:00,2.6058549958530284,300.5669273923834,290.05209477404185,15.9387156328452,0.2172429467115105,1579.53275,1139.36419,240.69374
2023-06-08 12:00:00,2.681557339620125,300.7016422178601,289.28203420204795,16.29226400873369,0.1012258864989263,1695.91476,1124.36267,249.45801
2023-06-08 13:00:00,2.901631539401535,297.5281219543614,290.7426364473609,0.0,0.1163204356727274,1806.40394,1150.75728,250.86742
2023-06-08 14:00:00,2.901631539401535,297.5281219543614,290.7426364473609,0.0,0.1163204356727274,1917.63732,1186.55847,255.7699
2023-06-08 15:00:00,2.901631539401535,297.5281219543614,290.7426364473609,0.0,0.1163204356727274,1983.41395,1240.38456,267.41334
2023-06-08 16:00:00,2.6669620982109388,293.13368567906696,289.4530483957109,8.882029300517933,0.0034241846563665,2015.55663,1257.97505,274.21215
2023-06-08 17:00:00,2.6669620982109388,293.13368567906696,289.4530483957109,8.882029300517933,0.0034241846563665,2063.96785,1241.92795,289.94976
2023-06-08 18:00:00,2.541324348282965,291.06863690857034,287.3832482642923,8.699642924037764,0.0255545330579146,2122.60437,1264.72293,288.9114
2023-06-08 19:00:00,2.500313345350099,289.3917805317694,286.3589447381335,393.3568968610201,0.0510279791191445,2136.08815,1272.8652,289.33036
2023-06-08 20:00:00,2.500313345350099,289.3917805317694,286.3589447381335,393.3568968610201,0.0510279791191445,2124.81047,1271.81186,288.06174
2023-06-08 21:00:00,2.500313345350099,289.3917805317694,286.3589447381335,393.3568968610201,0.0510279791191445,2106.31668,1261.89301,283.4796
2023-06-08 22:00:00,3.00935255803352,289.1347945609973,286.2064792811541,603.3222029228893,0.0796843329568076,2094.90269,1269.36696,274.90151
2023-06-08 23:00:00,3.00935255803352,289.1347945609973,286.2064792811541,603.3222029228893,0.0796843329568076,2096.73166,1273.70122,278.92997
2023-06-09 00:00:00,3.0086230372211,294.2039507254666,287.17153892926035,598.088719945177,0.0878771572380412,1873.26765,1467.12682,166.04787
2023-06-09 01:00:00,3.2512408120448493,297.58884340552447,287.00249050744526,788.2374396061182,0.2491719930600719,1824.60754,1435.49349,168.06352
2023-06-09 02:00:00,3.2512408120448493,297.58884340552447,287.00249050744526,788.2374396061182,0.2491719930600719,1742.32932,1398.09552,165.10951
2023-06-09 03:00:00,3.2512408120448493,297.58884340552447,287.00249050744526,788.2374396061182,0.2491719930600719,1684.38647,1381.23745,163.93992
2023-06-09 04:00:00,3.449770021644304,298.4450943403709,286.8468829555169,596.1440926092521,0.154214195142235,1613.73946,1327.25483,172.35781
2023-06-09 05:00:00,3.449770021644304,298.4450943403709,286.8468829555169,596.1440926092521,0.154214195142235,1561.27128,1282.89624,175.62563
2023-06-09 06:00:00,3.3206476011058665,296.9717024992322,290.5613853256532,594.0343510478615,0.1124197882600811,1550.93544,1256.59266,174.11863
2023-06-09 07:00:00,2.9417018377580693,292.60353986470045,289.06056301954186,32.272129094699835,0.1713362935131421,1467.85415,1220.63941,180.73342
2023-06-09 08:00:00,2.9417018377580693,292.60353986470045,289.06056301954186,32.272129094699835,0.1713362935131421,1442.02418,1207.54442,182.79981
2023-06-09 09:00:00,2.9417018377580693,292.60353986470045,289.06056301954186,32.272129094699835,0.1713362935131421,1441.66677,1202.65555,178.84348
2023-06-09 10:00:00,2.6601592768543747,290.8138904510417,288.15317000546,16.13593762723491,0.0648048895384391,1455.06994,1183.96363,187.14827
2023-06-09 11:00:00,2.6601592768543747,290.8138904510417,288.15317000546,16.13593762723491,0.0648048895384391,1562.8482,1168.29849,196.61481
2023-06-09 12:00:00,2.319542307172413,289.2776237684635,286.8938244974856,15.907088535969494,0.1501845747561878,1677.6055,1151.94457,206.10766
2023-06-09 13:00:00,2.259469383066949,289.62987099884174,287.1655632049205,0.0,0.4128984421964371,1786.89173,1178.81428,208.60727
2023-06-09 14:00:00,2.259469383066949,289.62987099884174,287.1655632049205,0.0,0.4128984421964371,1896.94692,1215.87391,213.9417
2023-06-09 15:00:00,2.259469383066949,289.62987099884174,287.1655632049205,0.0,0.4128984421964371,1962.26984,1271.54773,225.24369
2023-06-09 16:00:00,3.181980339183882,294.9521204307357,287.9446534889401,8.395888629599135,0.268137721965572,1994.03869,1289.64672,231.68331
2023-06-09 17:00:00,3.181980339183882,294.9521204307357,287.9446534889401,8.395888629599135,0.268137721965572,2041.89731,1272.56803,247.26121
2023-06-09 18:00:00,2.3179720195768274,299.41701803874525,287.8410200635764,8.339264302146697,0.19673876958213,2099.12921,1296.03628,247.87285
2023-06-09 19:00:00,2.397643546957304,299.7332027420233,287.92872776850857,378.2288750717665,0.2923840715530127,2111.74385,1304.83875,248.04394
2023-06-09 20:00:00,2.397643546957304,299.7332027420233,287.92872776850857,378.2288750717665,0.2923840715530127,2100.53066,1303.83903,246.65535
2023-06-09 21:00:00,2.397643546957304,299.7332027420233,287.92872776850857,378.2288750717665,0.2923840715530127,2082.22428,1293.00443,242.43574
2023-06-09 22:00:00,2.547243575088406,297.4386581484642,289.6056893305645,597.9980804122235,0.0422953072699977,2070.59581,1300.36572,235.0562
2023-06-09 23:00:00,2.547243575088406,297.4386581484642,289.6056893305645,597.9980804122235,0.0422953072699977,2072.90541,1304.1268,239.81653
2023-06-10 00:00:00,2.772399974212749,293.0729771533706,288.1993942005905,610.2639627345467,0.1103997014329883,1871.62811,1469.08815,245.52588
2023-06-10 01:00:00,2.701124658709576,291.1801595468051,287.4192565607307,844.3474329095391,0.1616858729526403,1823.17874,1437.20657,242.21415
2023-06-10 02:00:00,2.701124658709576,291.1801595468051,287.4192565607307,844.3474329095391,0.1616858729526403,1741.19589,1399.50708,234.33724
2023-06-10 03:00:00,2.701124658709576,291.1801595468051,287.4192565607307,844.3474329095391,0.1616858729526403,1683.54742,1382.44144,230.1176
2023-06-10 04:00:00,2.52343355449679,290.1391136520284,286.93168919773234,611.1708492450487,0.1567254602403834,1613.26602,1328.18411,238.7383
2023-06-10 05:00:00,2.52343355449679,290.1391136520284,286.93168919773234,611.1708492450487,0.1567254602403834,1561.20737,1283.53046,241.0089
2023-06-10 06:00:00,2.185196041068095,287.0984055888946,283.10084819578844,616.718286422295,0.1442244331034678,1551.14301,1257.0032,236.63408
2023-06-10 07:00:00,2.9286975796490413,293.85096766682386,283.8093876665612,34.490518538308635,0.3794634886405546,1468.47081,1220.82334,241.02252
2023-06-10 08:00:00,2.9286975796490413,293.85096766682386,283.8093876665612,34.490518538308635,0.3794634886405546,1442.84194,1207.6385,240.72549
2023-06-10 09:00:00,2.9286975796490413,293.85096766682386,283.8093876665612,34.490518538308635,0.3794634886405546,1442.49143,1202.70165,232.23699
2023-06-10 10:00:00,3.191797020896309,297.5636163333505,283.2818138899215,17.245425287446196,0.345634900893649,1455.80723,1184.04807,240.21153
2023-06-10 11:00:00,3.191797020896309,297.5636163333505,283.2818138899215,17.245425287446196,0.345634900893649,1563.15322,1168.43549,248.70474
2023-06-10 12:00:00,2.903890258862202,298.84514094433587,284.02502778776443,16.024347620429594,0.3146538094482723,1677.444,1152.15672,257.33658
2023-06-10 13:00:00,2.6355195031344163,296.7637108841883,287.01906329075103,0.0,0.5031535636997794,1786.22109,1179.20706,258.54785
2023-06-10 14:00:00,2.6355195031344163,296.7637108841883,287.01906329075103,0.0,0.5031535636997794,1895.82832,1216.45991,263.37184
2023-06-10 15:00:00,2.6355195031344163,296.7637108841883,287.01906329075103,0.0,0.5031535636997794,1960.86637,1272.36282,275.07734
2023-06-10 16:00:00,2.66010972712349,291.16242115459573,284.2280209092185,8.990660791365237,0.1669086338569845,1992.46839,1290.70359,281.94144
2023-06-10 17:00:00,2.66010972712349,291.16242115459573,284.2280209092185,8.990660791365237,0.1669086338569845,2040.11901,1273.7953,297.70807
2023-06-10 18:00:00,2.71722242125898,289.9405600190784,285.0069231559652,8.954436172838577,0.0981136410277528,2097.14996,1297.47805,296.36982
2023-06-10 19:00:00,2.6254815772751883,289.0114412832854,284.8146733490965,389.9834514668994,0.1772173470051412,2109.72674,1306.42176,296.83384
2023-06-10 20:00:00,2.6254815772751883,289.0114412832854,284.8146733490965,389.9834514668994,0.1772173470051412,2098.56811,1305.49273,295.587
2023-06-10 21:00:00,2.6254815772751883,289.0114412832854,284.8146733490965,389.9834514668994,0.1772173470051412,2080.31067,1294.68952,290.93902
2023-06-10 22:00:00,2.4097722170739946,289.51606342068624,285.9302471103116,606.0692032212584,0.0463819873676802,2068.66205,1302.08844,282.1431
2023-06-10 23:00:00,2.4097722170739946,289.51606342068624,285.9302471103116,606.0692032212584,0.0463819873676802,2070.89291,1305.81907,286.03853
2023-06-11 00:00:00,3.6126276939374,295.32730995982485,287.29960991398457,618.3803376698722,0.0049859591747897,1889.7845,1419.42251,218.61236
2023-06-11 01:00:00,3.668750740974194,298.8586408512425,287.7371027476179,810.179802424716,0.044852573926896,1836.66785,1388.90697,217.10463
2023-06-11 02:00:00,3.668750740974194,298.8586408512425,287.7371027476179,810.179802424716,0.044852573926896,1747.22605,1351.59215,210.89475
2023-06-11 03:00:00,3.668750740974194,298.8586408512425,287.7371027476179,810.179802424716,0.044852573926896,1681.39702,1334.15019,207.70793
2023-06-11 04:00:00,3.712967043891929,300.14181351320804,288.0713539239156,590.5571568430905,0.1158527089973535,1600.47807,1280.95149,216.25997
2023-06-11 05:00:00,3.712967043891929,300.14181351320804,288.0713539239156,590.5571568430905,0.1158527089973535,1535.03698,1236.55186,218.86825
2023-06-11 06:00:00,3.006153053940463,296.44689369470166,290.5318219239876,589.1352028100047,0.0972833993416513,1515.13972,1210.46478,215.46456
2023-06-11 07:00:00,2.923244498270378,292.7325735560661,289.3707438633783,32.71536116547239,0.2537643955753176,1419.27307,1174.96758,220.6069
2023-06-11 08:00:00,2.923244498270378,292.7325735560661,289.3707438633783,32.71536116547239,0.2537643955753176,1387.14737,1162.33664,221.1102
2023-06-11 09:00:00,2.923244498270378,292.7325735560661,289.3707438633783,32.71536116547239,0.2537643955753176,1386.99033,1158.7228,214.15643
2023-06-11 10:00:00,2.8248677004845235,291.29196504098564,288.9057482327788,16.35771495881715,0.1454609810559561,1402.75938,1142.03583,222.24279
2023-06-11 11:00:00,2.8248677004845235,291.29196504098564,288.9057482327788,16.35771495881715,0.1454609810559561,1522.91967,1128.45409,231.06562
2023-06-11 12:00:00,2.7205101752788456,291.39524332385315,289.9053885895137,15.596539227926764,0.3579128494833914,1651.30124,1114.40196,239.98902
2023-06-11 13:00:00,2.7275980168405285,291.5185609022436,290.25051296450954,0.0,0.515717844352478,1776.45743,1141.57919,241.63655
2023-06-11 14:00:00,2.7275980168405285,291.5185609022436,290.25051296450954,0.0,0.515717844352478,1900.26212,1177.91417,246.63338
2023-06-11 15:00:00,2.7275980168405285,291.5185609022436,290.25051296450954,0.0,0.515717844352478,1974.84662,1232.23018,258.20224
2023-06-11 16:00:00,3.928148563252293,294.9796803669998,291.2411301916053,8.469161994319425,0.3186459656327071,2011.84918,1250.91917,264.92259
2023-06-11 17:00:00,3.928148563252293,294.9796803669998,291.2411301916053,8.469161994319425,0.3186459656327071,2066.08111,1236.20541,280.62532
2023-06-11 18:00:00,4.803315775046886,297.3715624466371,290.7563273831706,8.102092257656704,0.3216174998976343,2127.95337,1259.88558,279.94736
2023-06-11 19:00:00,5.259342354100876,297.7211094331145,290.4142877401306,380.45895968250255,0.5536447384870353,2140.38506,1268.52282,280.31218
2023-06-11 20:00:00,5.259342354100876,297.7211094331145,290.4142877401306,380.45895968250255,0.5536447384870353,2127.356,1267.82875,279.01737
2023-06-11 21:00:00,5.259342354100876,297.7211094331145,290.4142877401306,380.45895968250255,0.5536447384870353,2107.65595,1258.44757,274.51443
2023-06-11 22:00:00,5.123336085961977,295.1820393853544,290.4073594318847,608.613989543406,0.0725452991899766,2096.36071,1266.16941,266.19813
2023-06-11 23:00:00,5.123336085961977,295.1820393853544,290.4073594318847,608.613989543406,0.0725452991899766,2102.28924,1270.5713,270.38643
2023-06-12 00:00:00,3.6172028837759145,291.9934027825629,289.83508209581885,600.0955324262648,0.0835150147207495,1920.02249,1399.47191,156.27726
2023-06-12 01:00:00,3.1019901898879896,290.3730575139335,289.13737960749563,743.9818042230195,0.2429418670741266,1863.30548,1368.29546,158.94784
2023-06-12 02:00:00,3.1019901898879896,290.3730575139335,289.13737960749563,743.9818042230195,0.2429418670741266,1768.93083,1329.35305,156.59901
2023-06-12 03:00:00,3.1019901898879896,290.3730575139335,289.13737960749563,743.9818042230195,0.2429418670741266,1698.27344,1310.37595,155.80438
2023-06-12 04:00:00,2.960320882154144,289.3219947309857,288.3999269290283,532.3697212632185,0.2104134098136057,1611.41719,1256.15225,164.19734
2023-06-12 05:00:00,2.960320882154144,289.3219947309857,288.3999269290283,532.3697212632185,0.2104134098136057,1539.50547,1210.08093,167.58775
2023-06-12 06:00:00,2.771186910808428,288.9425720432203,287.45336598246746,537.2252534723737,0.1042645733126398,1515.43581,1182.88559,166.4333
2023-06-12 07:00:00,3.7164028726566514,294.2510464621291,288.0266915515816,30.93838085807435,0.4453353129355365,1413.08486,1146.42019,173.32178
2023-06-12 08:00:00,3.7164028726566514,294.2510464621291,288.0266915515816,30.93838085807435,0.4453353129355365,1377.77309,1133.58863,175.67872
2023-06-12 09:00:00,3.7164028726566514,294.2510464621291,288.0266915515816,30.93838085807435,0.4453353129355365,1377.45641,1130.53256,172.27956
2023-06-12 10:00:00,3.4185347180644907,298.36530819148214,287.97813237767,15.469363376763273,0.698211014734616,1394.65412,1115.35781,180.62493
2023-06-12 11:00:00,3.4185347180644907,298.36530819148214,287.97813237767,15.469363376763273,0.698211014734616,1521.80409,1103.41835,190.21115
2023-06-12 12:00:00,3.504838338761008,298.14527004960416,284.2469211743424,14.812794498165363,0.7651114648768631,1657.69745,1091.27592,199.80986
2023-06-12 13:00:00,2.8169182721146,296.2276429248351,287.0627587286416,0.0,1.110847540597256,1790.93156,1119.66032,202.46783
2023-06-12 14:00:00,2.8169182721146,296.2276429248351,287.0627587286416,0.0,1.110847540597256,1921.86715,1156.60294,207.86501
2023-06-12 15:00:00,2.8169182721146,296.2276429248351,287.0627587286416,0.0,1.110847540597256,2000.92373,1211.31691,219.11741
2023-06-12 16:00:00,2.377050991228536,290.6281611636136,284.6828483816542,8.608243872575871,0.3338382388531589,2040.56812,1231.73709,225.50484
2023-06-12 17:00:00,2.377050991228536,290.6281611636136,284.6828483816542,8.608243872575871,0.3338382388531589,2098.1118,1219.50492,241.05953
2023-06-12 18:00:00,2.9492592859195104,289.7938123878656,285.90998224638093,8.55136128780189,0.3574047315513975,2163.37224,1244.51903,241.9109
2023-06-12 19:00:00,2.816107332410001,288.92667428395583,285.80499645180873,379.1071280100071,0.5704465319176101,2176.57116,1253.83659,242.04595
2023-06-12 20:00:00,2.816107332410001,288.92667428395583,285.80499645180873,379.1071280100071,0.5704465319176101,2162.68894,1253.73475,240.63996
2023-06-12 21:00:00,2.816107332410001,288.92667428395583,285.80499645180873,379.1071280100071,0.5704465319176101,2142.19963,1245.4697,236.473
2023-06-12 22:00:00,2.5426958886561253,289.63056021645974,286.8488124382327,589.2842737404683,0.1796293328992728,2131.25864,1253.63467,229.2676
2023-06-12 23:00:00,2.5426958886561253,289.63056021645974,286.8488124382327,589.2842737404683,0.1796293328992728,2138.29353,1258.28245,234.13426
2023-06-13 00:00:00,2.621812310278507,298.76907780116284,290.2794142056922,588.6460376433035,0.2376712435546102,1910.38363,1450.55028,69.98643
2023-06-13 01:00:00,2.149054155637568,293.5691883940204,287.6337556417117,670.7666913344505,0.7029374231640204,1856.99406,1418.87849,78.44106
2023-06-13 02:00:00,2.149054155637568,293.5691883940204,287.6337556417117,670.7666913344505,0.7029374231640204,1768.10472,1380.8803,81.43712
2023-06-13 03:00:00,2.149054155637568,293.5691883940204,287.6337556417117,670.7666913344505,0.7029374231640204,1703.58186,1363.33086,83.95399
2023-06-13 04:00:00,2.0309592491540465,291.78690374664507,287.1550267953645,461.5524593849033,0.252048099700044,1624.77214,1309.10869,92.12675
2023-06-13 05:00:00,2.0309592491540465,291.78690374664507,287.1550267953645,461.5524593849033,0.252048099700044,1563.18676,1264.10977,96.59984
2023-06-13 06:00:00,5.667666140068387,299.06299095482643,292.17942284015595,603.6942839200071,0.243188953013403,1546.82292,1237.42798,98.55904
2023-06-13 07:00:00,2.0239900347955864,292.1213379874981,287.13314245412823,654.9404130719075,0.7515064790134651,1454.63191,1201.19449,107.86473
2023-06-13 08:00:00,2.0239900347955864,292.1213379874981,287.13314245412823,654.9404130719075,0.7515064790134651,1424.3241,1188.1115,112.78767
2023-06-13 09:00:00,2.0239900347955864,292.1213379874981,287.13314245412823,654.9404130719075,0.7515064790134651,1423.80619,1183.67492,114.30915
2023-06-13 10:00:00,2.123052433591476,291.11441696747806,286.8605053447318,456.6750198378619,0.3100215571845929,1439.16068,1165.93473,123.01313
2023-06-13 11:00:00,2.123052433591476,291.11441696747806,286.8605053447318,456.6750198378619,0.3100215571845929,1556.58442,1151.28519,133.65611
2023-06-13 12:00:00,2.123052433591476,291.11441696747806,286.8605053447318,456.6750198378619,0.3100215571845929,1681.74738,1136.08939,144.18961
2023-06-13 13:00:00,2.0683228495867576,291.44409311455865,287.70089332243083,28.284041679341563,1.1113209537764843,1802.37506,1163.47407,148.24636
2023-06-13 14:00:00,2.0683228495867576,291.44409311455865,287.70089332243083,28.284041679341563,1.1113209537764843,1922.40997,1200.62649,154.19775
2023-06-13 15:00:00,2.0683228495867576,291.44409311455865,287.70089332243083,28.284041679341563,1.1113209537764843,1994.07093,1256.19411,165.01206
2023-06-13 16:00:00,2.395191708044619,297.2443423832574,288.87868013383456,14.141454287261338,0.627861962253607,2029.55429,1275.05974,170.93861
2023-06-13 17:00:00,2.395191708044619,297.2443423832574,288.87868013383456,14.141454287261338,0.627861962253607,2082.04608,1259.36755,186.28841
2023-06-13 18:00:00,2.764737808402718,301.08519117169806,288.0197147782227,13.952014415188652,0.71423263813072,2143.78389,1283.38064,189.25679
2023-06-13 19:00:00,3.098501030620761,301.6476228605999,287.5694785016058,0.0,1.1353780380018033,2157.26537,1292.40926,189.0738
2023-06-13 20:00:00,3.098501030620761,301.6476228605999,287.5694785016058,0.0,1.1353780380018033,2144.837,1291.69155,187.51389
2023-06-13 21:00:00,3.098501030620761,301.6476228605999,287.5694785016058,0.0,1.1353780380018033,2125.4421,1281.55431,183.81208
2023-06-13 22:00:00,2.942027664107311,298.19791448253625,289.99403412672274,9.116660883866002,0.165755636403287,2114.26577,1289.1515,178.14444
2023-06-13 23:00:00,2.942027664107311,298.19791448253625,289.99403412672274,9.116660883866002,0.165755636403287,2118.30876,1293.12685,183.95013
2023-06-14 00:00:00,2.9679551652566376,292.6936391837328,287.7178433816305,9.07625490955884,0.1989779485342483,1898.602,1477.17068,197.04371
2023-06-14 01:00:00,2.5777108272624387,290.833046996096,287.0073884305441,397.1295173629521,0.3123434075513547,1847.2412,1444.32936,196.98172
2023-06-14 02:00:00,2.5777108272624387,290.833046996096,287.0073884305441,397.1295173629521,0.3123434075513547,1761.39731,1405.48092,192.10782
2023-06-14 03:00:00,2.5777108272624387,290.833046996096,287.0073884305441,397.1295173629521,0.3123434075513547,1700.07492,1387.63301,189.74874
2023-06-14 04:00:00,2.4164690697680387,289.5494172455561,286.3183370506511,620.5376028098183,0.0606034159729569,1625.34533,1332.31904,198.24572
2023-06-14 05:00:00,2.4164690697680387,289.5494172455561,286.3183370506511,620.5376028098183,0.0606034159729569,1568.65351,1286.54278,201.12463
2023-06-14 06:00:00,2.156081493015721,290.1145679619773,286.69854516612224,618.7892652309969,0.1301398540679043,1555.7458,1259.16069,198.4992
2023-06-14 07:00:00,2.538503889272601,295.58070608339096,287.2044243287826,754.6381697734341,0.5424773928895773,1468.40474,1222.11223,204.24572
2023-06-14 08:00:00,2.538503889272601,295.58070608339096,287.2044243287826,754.6381697734341,0.5424773928895773,1440.48325,1208.57942,205.3904
2023-06-14 09:00:00,2.538503889272601,295.58070608339096,287.2044243287826,754.6381697734341,0.5424773928895773,1439.9554,1203.44324,199.66655
2023-06-14 10:00:00,2.5140336615192336,299.2501439064581,286.967891602719,526.5418328169483,0.1683797595375059,1454.35453,1184.90984,207.84254
2023-06-14 11:00:00,2.5140336615192336,299.2501439064581,286.967891602719,526.5418328169483,0.1683797595375059,1566.90242,1169.47073,216.92952
2023-06-14 12:00:00,3.04156088080694,299.71564315383984,287.1468703451265,520.6779895807967,0.1064793164855735,1686.74516,1153.44844,226.08657
2023-06-14 13:00:00,3.324994156649844,296.2319392014293,288.91665644285126,30.014134020077663,0.9581322119062884,1801.34571,1181.1831,228.08372
2023-06-14 14:00:00,3.324994156649844,296.2319392014293,288.91665644285126,30.014134020077663,0.9581322119062884,1916.12503,1219.18047,233.2191
2023-06-14 15:00:00,3.324994156649844,296.2319392014293,288.91665644285126,30.014134020077663,0.9581322119062884,1984.32973,1275.97278,244.67846
2023-06-14 16:00:00,2.709357077862893,291.7445619536486,286.8909511139957,15.006748580152555,0.6185239742001243,2017.83096,1295.22684,251.2836
2023-06-14 17:00:00,2.709357077862893,291.7445619536486,286.8909511139957,15.006748580152555,0.6185239742001243,2067.88503,1278.93677,266.93512
2023-06-14 18:00:00,2.549563173370098,289.73294126301033,285.5714007256994,15.573640307005626,0.7644979911162509,2127.60157,1303.43378,266.78632
2023-06-14 19:00:00,2.294647898500769,288.53662953396986,284.6321758703473,0.0,1.4376816954890463,2140.9355,1312.91728,267.07165
2023-06-14 20:00:00,2.294647898500769,288.53662953396986,284.6321758703473,0.0,1.4376816954890463,2129.17892,1312.25355,265.73834
2023-06-14 21:00:00,2.294647898500769,288.53662953396986,284.6321758703473,0.0,1.4376816954890463,2110.33361,1301.55101,261.35166
2023-06-14 22:00:00,2.125734540957325,289.0190729554473,285.2926532356805,9.596032335037131,0.3864661993397524,2098.98382,1309.08834,253.41975
2023-06-14 23:00:00,2.125734540957325,289.0190729554473,285.2926532356805,9.596032335037131,0.3864661993397524,2101.83797,1312.69549,257.84279
2023-06-15 00:00:00,2.810182336584768,295.19267570920795,286.1406998339976,9.609627643845256,0.411631915615346,1884.3723,1498.53507,229.40316
2023-06-15 01:00:00,2.798816902647017,299.1650090845246,286.3201476637345,404.44072817206415,0.6726168890959142,1834.5009,1464.7326,227.17214
2023-06-15 02:00:00,2.798816902647017,299.1650090845246,286.3201476637345,404.44072817206415,0.6726168890959142,1750.61077,1425.16821,220.29387
2023-06-15 03:00:00,2.798816902647017,299.1650090845246,286.3201476637345,404.44072817206415,0.6726168890959142,1691.12858,1407.05476,216.69294
2023-06-15 04:00:00,2.5441254530756243,300.3274041810001,286.64977054923514,622.8886417487245,0.1555929078037583,1618.61474,1350.83739,225.2725
2023-06-15 05:00:00,2.5441254530756243,300.3274041810001,286.64977054923514,622.8886417487245,0.1555929078037583,1564.19135,1304.40398,227.7454
2023-06-15 06:00:00,2.753883145122928,298.3121227186188,289.52857662658164,626.3383465638565,0.0898868221590618,1552.64796,1276.43566,223.95236
2023-06-15 07:00:00,2.9407271928766576,292.606622047364,287.05068946210463,815.7833248603802,0.3802333402875049,1467.59764,1238.70994,228.79241
2023-06-15 08:00:00,2.9407271928766576,292.606622047364,287.05068946210463,815.7833248603802,0.3802333402875049,1440.80079,1224.8081,228.97483
2023-06-15 09:00:00,2.9407271928766576,292.606622047364,287.05068946210463,815.7833248603802,0.3802333402875049,1440.37169,1219.11108,221.4057
2023-06-15 10:00:00,2.709387427824644,290.9067054454081,286.4806145934936,603.5101177079964,0.3614240509783899,1454.22901,1199.95464,229.44724
2023-06-15 11:00:00,2.709387427824644,290.9067054454081,286.4806145934936,603.5101177079964,0.3614240509783899,1564.19222,1183.89718,238.13791
2023-06-15 12:00:00,2.4494746019969496,290.10128280593995,286.1030094300951,607.0822950989101,0.2605777155433248,1681.28359,1167.23068,246.94441
2023-06-15 13:00:00,2.463827706295672,290.6159042607693,287.1260336114132,34.7002697060998,1.0624079571943983,1793.02524,1195.26793,248.41704
2023-06-15 14:00:00,2.463827706295672,290.6159042607693,287.1260336114132,34.7002697060998,1.0624079571943983,1905.25976,1233.96161,253.34455
2023-06-15 15:00:00,2.463827706295672,290.6159042607693,287.1260336114132,34.7002697060998,1.0624079571943983,1971.92079,1291.75623,264.96819
2023-06-15 16:00:00,3.4239904724295576,296.0321365777458,288.7298301077165,17.350604774100802,0.5372346236242399,2004.4907,1311.35214,271.74618
2023-06-15 17:00:00,3.4239904724295576,296.0321365777458,288.7298301077165,17.350604774100802,0.5372346236242399,2053.36197,1294.61214,287.47454
2023-06-15 18:00:00,3.454884539003499,299.16163909012994,289.727145956356,16.568561215799896,0.5210881157766982,2111.71376,1319.52275,286.53186
2023-06-15 19:00:00,3.240309095726416,299.8240157370002,290.2112545362131,0.0,0.590600036823542,2124.63702,1329.38622,286.93642
2023-06-15 20:00:00,3.240309095726416,299.8240157370002,290.2112545362131,0.0,0.590600036823542,2113.17077,1328.77505,285.66086
2023-06-15 21:00:00,3.240309095726416,299.8240157370002,290.2112545362131,0.0,0.590600036823542,2094.61753,1317.62928,281.09975
2023-06-15 22:00:00,3.000650645582468,297.3401309490285,291.42308485179694,8.880686623219514,0.0532307843859262,2083.11271,1325.12428,272.59116
2023-06-15 23:00:00,3.000650645582468,297.3401309490285,291.42308485179694,8.880686623219514,0.0532307843859262,2085.69422,1328.43542,276.66205
2023-06-16 00:00:00,2.99050391801624,293.0634451380606,290.4833828277201,8.940755940539205,0.0836712073304345,1877.20887,1525.30999,226.02488
2023-06-16 01:00:00,3.0412160005391784,291.7170716057051,290.2866570255101,376.51305467208414,0.1611929642436046,1828.04466,1490.34599,224.02028
2023-06-16 02:00:00,3.0412160005391784,291.7170716057051,290.2866570255101,376.51305467208414,0.1611929642436046,1745.06111,1449.94782,217.35129
2023-06-16 03:00:00,3.0412160005391784,291.7170716057051,290.2866570255101,376.51305467208414,0.1611929642436046,1686.41538,1431.55095,213.88001
2023-06-16 04:00:00,3.0295651139700768,290.98569478064337,290.1101913873604,592.6753343313934,0.014117292061534,1614.8962,1374.25284,222.45095
2023-06-16 05:00:00,3.0295651139700768,290.98569478064337,290.1101913873604,592.6753343313934,0.014117292061534,1561.45265,1327.05891,224.96625
2023-06-16 06:00:00,3.6058476309892233,290.83543168480503,290.0384758674618,596.1859497088954,0.0195797120661352,1550.47107,1298.40192,221.29509
2023-06-16 07:00:00,5.181811440638802,293.7556799016987,290.54684780331587,795.4767846433799,0.0479612915172527,1466.41541,1259.87135,226.22977
2023-06-16 08:00:00,5.181811440638802,293.7556799016987,290.54684780331587,795.4767846433799,0.0479612915172527,1440.10626,1245.52215,226.51263
2023-06-16 09:00:00,5.181811440638802,293.7556799016987,290.54684780331587,795.4767846433799,0.0479612915172527,1439.73214,1239.12119,219.13617
2023-06-16 10:00:00,5.977717896526503,296.2367357786105,290.0784015432475,581.6237214336422,0.1195902354993304,1453.34375,1219.15836,227.19175
2023-06-16 11:00:00,5.977717896526503,296.2367357786105,290.0784015432475,581.6237214336422,0.1195902354993304,1562.1528,1202.29664,235.92379
2023-06-16 12:00:00,6.547663493285864,296.28066001173465,289.1437220219168,566.214701626868,0.0962599824963134,1678.02237,1184.78648,244.76688
2023-06-16 13:00:00,5.562371035687376,293.85150335278286,288.413032958426,31.382055491517647,1.2071651344283738,1788.52177,1213.16194,246.29426
2023-06-16 14:00:00,5.562371035687376,293.85150335278286,288.413032958426,31.382055491517647,1.2071651344283738,1899.64431,1252.69363,251.24348
2023-06-16 15:00:00,5.562371035687376,293.85150335278286,288.413032958426,31.382055491517647,1.2071651344283738,1965.64535,1311.70753,262.84999
2023-06-16 16:00:00,4.264071031517176,289.6267599221702,286.3938040711316,15.691179886300809,0.871365428128346,1997.81164,1331.67495,269.60992
2023-06-16 17:00:00,4.264071031517176,289.6267599221702,286.3938040711316,15.691179886300809,0.871365428128346,2046.16572,1314.31413,285.33024
2023-06-16 18:00:00,3.1688425247980465,287.4499165534734,285.247453871636,15.933010772430954,0.7600789091039772,2103.87825,1339.69562,284.47044
2023-06-16 19:00:00,2.700170046603138,285.93664631462286,284.0327713270127,0.0,0.9554524394910656,2116.58458,1350.0069,284.86257
2023-06-16 20:00:00,2.700170046603138,285.93664631462286,284.0327713270127,0.0,0.9554524394910656,2105.24112,1349.44395,283.58098
2023-06-16 21:00:00,2.700170046603138,285.93664631462286,284.0327713270127,0.0,0.9554524394910656,2086.81858,1337.72299,279.03809
2023-06-16 22:00:00,2.256347283974784,286.39432865678833,284.1185001537701,9.62243212298899,0.1091531273246053,2075.23819,1345.15414,270.58969
2023-06-16 23:00:00,2.256347283974784,286.39432865678833,284.1185001537701,9.62243212298899,0.1091531273246053,2077.73405,1348.09496,274.69733
2023-06-17 00:00:00,3.057002061730476,292.48004397169245,285.24903862384,9.63702440697778,0.0731675771407071,1878.44521,1509.50256,191.10745
2023-06-17 01:00:00,3.052534186665352,296.1663528973868,284.7881292125305,406.73283114745664,0.0959304465547481,1829.32923,1474.99308,191.44337
2023-06-17 02:00:00,3.052534186665352,296.1663528973868,284.7881292125305,406.73283114745664,0.0959304465547481,1746.49452,1434.74649,186.93717
2023-06-17 03:00:00,3.052534186665352,296.1663528973868,284.7881292125305,406.73283114745664,0.0959304465547481,1688.06327,1416.25237,184.80588
2023-06-17 04:00:00,3.258354295654871,297.26626716004495,284.99830085987657,623.6489852846805,0.0012805383349812,1616.85285,1359.31505,193.28772
2023-06-17 05:00:00,3.258354295654871,297.26626716004495,284.99830085987657,623.6489852846805,0.0012805383349812,1563.88533,1312.23097,196.24111
2023-06-17 06:00:00,2.8445891930241105,295.01793826983896,286.9780588217065,618.929510787115,0.0067337388025524,1553.30449,1283.73509,193.82987
2023-06-17 07:00:00,2.3677091777839694,290.16000224964614,285.0530754286043,811.6767718580866,0.0492467547580826,1469.70888,1245.44219,199.7427
2023-06-17 08:00:00,2.3677091777839694,290.16000224964614,285.0530754286043,811.6767718580866,0.0492467547580826,1443.62716,1231.27609,201.06389
2023-06-17 09:00:00,2.3677091777839694,290.16000224964614,285.0530754286043,811.6767718580866,0.0492467547580826,1443.22382,1225.29578,195.67857
2023-06-17 10:00:00,2.634351230173654,288.74193799810126,284.73047705648315,587.7493973733799,0.0587988498359789,1456.7695,1205.94706,203.87922
2023-06-17 11:00:00,2.634351230173654,288.74193799810126,284.73047705648315,587.7493973733799,0.0587988498359789,1565.19235,1189.71815,213.03887
2023-06-17 12:00:00,2.55343490627003,287.880725691113,283.85925431724064,564.9319084277739,0.2388077286437305,1680.62202,1172.90018,222.26024
2023-06-17 13:00:00,2.5608076778201903,288.32295059323303,285.01796072296816,30.96139668302412,1.353662794241126,1790.55269,1201.29704,224.35363
2023-06-17 14:00:00,2.5608076778201903,288.32295059323303,285.01796072296816,30.96139668302412,1.353662794241126,1901.19359,1240.52063,229.52712
2023-06-17 15:00:00,2.5608076778201903,288.32295059323303,285.01796072296816,30.96139668302412,1.353662794241126,1966.84254,1299.01261,240.95636
2023-06-17 16:00:00,3.110587429272332,293.4365792439186,286.55750441265496,15.480464989877085,0.6623232425741308,1998.81925,1319.06494,247.5298
2023-06-17 17:00:00,3.110587429272332,293.4365792439186,286.55750441265496,15.480464989877085,0.6623232425741308,2046.95065,1302.37633,263.16721
2023-06-17 18:00:00,3.5018928632091657,296.9465771432183,286.4935289914669,15.416996980810389,0.5323255788235018,2104.58272,1327.73511,263.16405
2023-06-17 19:00:00,3.245666751907188,298.01476694126166,286.65447227243936,0.0,0.621732124836866,2117.36764,1337.93562,263.42749
2023-06-17 20:00:00,3.245666751907188,298.01476694126166,286.65447227243936,0.0,0.621732124836866,2106.09544,1337.43934,262.08361
2023-06-17 21:00:00,3.245666751907188,298.01476694126166,286.65447227243936,0.0,0.621732124836866,2087.71608,1326.16209,257.72894
2023-06-17 22:00:00,2.363415367606596,296.64293553627243,288.725733223942,9.588962732141878,0.0318664448099071,2076.13914,1333.69084,249.90281
2023-06-17 23:00:00,2.363415367606596,296.64293553627243,288.725733223942,9.588962732141878,0.0318664448099071,2078.44385,1336.84582,254.39043
2023-06-18 00:00:00,2.256762589144624,292.0273256578597,286.8375183035094,9.735157009764992,0.0494571245965085,1853.71816,1448.19381,229.1474
2023-06-18 01:00:00,2.342836387644215,290.41185802044686,286.1981188802947,413.328102355266,0.0603402570449185,1802.57514,1410.69636,226.93352
2023-06-18 02:00:00,2.342836387644215,290.41185802044686,286.1981188802947,413.328102355266,0.0603402570449185,1714.85018,1364.03846,220.0711
2023-06-18 03:00:00,2.342836387644215,290.41185802044686,286.1981188802947,413.328102355266,0.0603402570449185,1649.88655,1339.73219,216.47998
2023-06-18 04:00:00,2.200318817428464,289.3567190952908,285.72347535361064,636.7593020506941,0.0008154190211489,1569.49617,1278.4973,225.05888
2023-06-18 05:00:00,2.200318817428464,289.3567190952908,285.72347535361064,636.7593020506941,0.0008154190211489,1502.97347,1224.87254,227.53499
2023-06-18 06:00:00,1.865030734125456,290.2180260576706,286.90274953920334,634.1991727264804,4.657101207896933e-05,1481.26336,1191.95513,223.75117
2023-06-18 07:00:00,2.2568719673438853,296.32524943432327,288.41043752443466,874.4193844874869,0.0008410098041716,1384.51289,1149.70382,228.5984
2023-06-18 08:00:00,2.2568719673438853,296.32524943432327,288.41043752443466,874.4193844874869,0.0008410098041716,1351.94053,1134.58634,228.78842
2023-06-18 09:00:00,2.2568719673438853,296.32524943432327,288.41043752443466,874.4193844874869,0.0008410098041716,1352.24267,1130.34122,221.2339
2023-06-18 10:00:00,2.50451570095947,300.16889893540537,288.111858485829,648.6975689382177,0.0018592434707974,1367.7853,1116.21041,229.27646
2023-06-18 11:00:00,2.50451570095947,300.16889893540537,288.111858485829,648.6975689382177,0.0018592434707974,1487.59278,1105.68239,237.97028
2023-06-18 12:00:00,2.7242515627278787,300.90466695971145,287.37346753897907,636.9948052935697,0.0209415969451106,1615.89144,1095.5361,246.77955
2023-06-18 13:00:00,2.391533914303415,298.64414823020337,289.6596053428347,33.947517371572545,0.5745056354940102,1742.09498,1128.55746,248.25633
2023-06-18 14:00:00,2.391533914303415,298.64414823020337,289.6596053428347,33.947517371572545,0.5745056354940102,1866.58139,1170.4207,253.18547
2023-06-18 15:00:00,2.391533914303415,298.64414823020337,289.6596053428347,33.947517371572545,0.5745056354940102,1942.1889,1230.95458,264.80782
2023-06-18 16:00:00,2.231471139635193,293.2866261903083,287.357936492866,16.973703679572438,0.6801605194317303,1979.5745,1257.58579,271.58445
2023-06-18 17:00:00,2.231471139635193,293.2866261903083,287.357936492866,16.973703679572438,0.6801605194317303,2034.11174,1249.7888,287.3122
2023-06-18 18:00:00,1.984823633154668,291.489507074481,287.00371023691514,16.703502063062743,0.5751970309984739,2094.54398,1280.30317,286.37578
2023-06-18 19:00:00,1.870962302467421,290.2904563843722,286.6194776094242,0.0,0.6296945960283925,2105.49907,1293.23011,286.77942
2023-06-18 20:00:00,1.870962302467421,290.2904563843722,286.6194776094242,0.0,0.6296945960283925,2092.22905,1294.94754,285.50338
2023-06-18 21:00:00,1.870962302467421,290.2904563843722,286.6194776094242,0.0,0.6296945960283925,2072.57275,1287.53145,280.94366
2023-06-18 22:00:00,1.788683516682294,291.12944391488566,287.498635118517,8.439466157961832,0.0785597843833265,2060.9856,1296.66932,272.43965
2023-06-18 23:00:00,1.788683516682294,291.12944391488566,287.498635118517,8.439466157961832,0.0785597843833265,2068.40496,1300.56152,276.5133
2023-06-19 00:00:00,2.281226084407887,297.5537536767498,289.21910196126305,8.288241442389987,0.1010940354803957,1898.97223,1450.34507,221.64805
2023-06-19 01:00:00,2.730846515095672,301.7992115400473,288.49086887276485,350.8325366125567,0.1719316495675693,1843.32762,1410.77374,219.93683
2023-06-19 02:00:00,2.730846515095672,301.7992115400473,288.49086887276485,350.8325366125567,0.1719316495675693,1749.81274,1361.1308,213.53893
2023-06-19 03:00:00,2.730846515095672,301.7992115400473,288.49086887276485,350.8325366125567,0.1719316495675693,1679.49334,1334.53568,210.23561
2023-06-19 04:00:00,2.8047846808342185,302.8392298245999,287.94519212062534,552.592210106999,0.0807219737662428,1592.72187,1270.83907,218.79539
2023-06-19 05:00:00,2.8047846808342185,302.8392298245999,287.94519212062534,552.592210106999,0.0807219737662428,1519.87839,1214.24879,221.36559
2023-06-19 06:00:00,2.623665916872583,300.88606425450786,291.1046124382001,599.5475047200384,0.0782695597735551,1494.5187,1179.17225,217.85236
2023-06-19 07:00:00,2.776889247577791,295.23011151643675,288.824466717595,34.208545315639206,0.2980786325259123,1391.35763,1134.82178,222.90966
2023-06-19 08:00:00,2.776889247577791,295.23011151643675,288.824466717595,34.208545315639206,0.2980786325259123,1355.64007,1118.97554,223.32271
2023-06-19 09:00:00,2.776889247577791,295.23011151643675,288.824466717595,34.208545315639206,0.2980786325259123,1355.60034,1114.71712,216.1958
2023-06-19 10:00:00,3.2053314855794928,293.2466384315824,288.28824019883496,17.103990399352504,0.5722515424565013,1372.71658,1101.70386,224.26957
2023-06-19 11:00:00,3.2053314855794928,293.2466384315824,288.28824019883496,17.103990399352504,0.5722515424565013,1499.93335,1092.46462,233.05518
2023-06-19 12:00:00,3.182536049551298,291.7858279553205,288.34102529648953,17.06901886829506,0.4394355125607104,1636.08134,1083.91299,241.94572
2023-06-19 13:00:00,3.258160718807161,292.0345473555767,289.1412040214896,0.0,0.6377109478467962,1770.29154,1118.85464,243.54405
2023-06-19 14:00:00,3.258160718807161,292.0345473555767,289.1412040214896,0.0,0.6377109478467962,1901.93894,1162.38404,248.52137
2023-06-19 15:00:00,3.258160718807161,292.0345473555767,289.1412040214896,0.0,0.6377109478467962,1981.80982,1224.71108,260.10566
2023-06-19 16:00:00,4.017650535387046,296.9963151510234,290.4943005762299,8.780913056360331,0.1919856072880361,2021.79838,1253.97771,266.84223
2023-06-19 17:00:00,4.017650535387046,296.9963151510234,290.4943005762299,8.780913056360331,0.1919856072880361,2079.66551,1248.75074,282.55216
2023-06-19 18:00:00,3.4602468917895326,301.0944673961455,290.9306994185513,8.933687120372305,0.1988783074743777,2144.17427,1281.48893,281.79971
2023-06-19 19:00:00,3.326844167629102,302.0779726863521,291.18592291928815,373.3399042475608,0.3055097623107006,2156.49224,1295.76744,282.17573
2023-06-19 20:00:00,3.326844167629102,302.0779726863521,291.18592291928815,373.3399042475608,0.3055097623107006,2142.42634,1298.30384,280.88634
2023-06-19 21:00:00,3.326844167629102,302.0779726863521,291.18592291928815,373.3399042475608,0.3055097623107006,2121.93186,1291.73376,276.36702
2023-06-19 22:00:00,2.8482775899101034,299.8644526645639,292.60307383287613,587.8131921096146,0.051371136211339,2110.82504,1301.37955,267.99664
2023-06-19 23:00:00,2.8482775899101034,299.8644526645639,292.60307383287613,587.8131921096146,0.051371136211339,2118.82609,1305.20343,272.1519
2023-06-20 00:00:00,2.538147739226974,294.8956849365999,290.6997469723415,539.5881067085934,0.0552523909551818,1937.27116,1497.44233,226.12092
2023-06-20 01:00:00,2.502845508258747,293.10351975882696,290.2393179323418,729.1359321279112,0.0962658882130524,1882.02398,1457.79891,224.10989
2023-06-20 02:00:00,2.502845508258747,293.10351975882696,290.2393179323418,729.1359321279112,0.0962658882130524,1791.16158,1409.59362,217.43494
2023-06-20 03:00:00,2.502845508258747,293.10351975882696,290.2393179323418,729.1359321279112,0.0962658882130524,1725.17897,1384.7551,213.95997
2023-06-20 04:00:00,2.4323802940740453,291.93045725772515,289.94912823472146,549.3126432616809,0.2425568618836451,1644.88474,1321.52113,222.53114
2023-06-20 05:00:00,2.4323802940740453,291.93045725772515,289.94912823472146,549.3126432616809,0.2425568618836451,1582.6411,1266.48388,225.04524
2023-06-20 06:00:00,2.13924253544716,292.5117615113686,290.2447572537859,540.7899489764811,0.2749543800026502,1566.4988,1232.28945,221.37061
2023-06-20 07:00:00,2.724625655612562,298.0565594574263,291.419630496021,31.41351717272526,1.396122757394786,1473.53235,1188.54826,226.30261
2023-06-20 08:00:00,2.724625655612562,298.0565594574263,291.419630496021,31.41351717272526,1.396122757394786,1442.85101,1172.60465,226.58266
2023-06-20 09:00:00,2.724625655612562,298.0565594574263,291.419630496021,31.41351717272526,1.396122757394786,1442.03541,1167.06487,219.20069
2023-06-20 10:00:00,2.946695865556963,301.90484500460127,291.4068470330764,15.706873019482058,1.1152600195233666,1457.80447,1151.45641,227.25586
2023-06-20 11:00:00,2.946695865556963,301.90484500460127,291.4068470330764,15.706873019482058,1.1152600195233666,1576.8201,1139.45545,235.98672
2023-06-20 12:00:00,2.9810950063195065,302.1366368704654,291.0890790517435,15.84128917421064,1.0127786211677092,1703.52198,1127.76555,244.82879
2023-06-20 13:00:00,3.475482223784547,299.12004172074853,292.5175883663567,0.0,1.4225899419143897,1825.14676,1161.41772,246.35462
2023-06-20 14:00:00,3.475482223784547,299.12004172074853,292.5175883663567,0.0,1.4225899419143897,1946.20238,1204.82998,251.30321
2023-06-20 15:00:00,3.475482223784547,299.12004172074853,292.5175883663567,0.0,1.4225899419143897,2018.15887,1267.61472,262.91019
2023-06-20 16:00:00,3.0255788815173155,291.77446807705866,289.59000933453376,9.471303038025086,0.133943219949526,2053.94466,1294.94177,269.67064
2023-06-20 17:00:00,3.0255788815173155,291.77446807705866,289.59000933453376,9.471303038025086,0.133943219949526,2106.91707,1286.01547,285.39122
2023-06-20 18:00:00,3.851049592828948,292.7207918943505,289.47095844012097,9.755202751350748,0.0559017650262982,2170.16128,1317.40607,284.52905
2023-06-20 19:00:00,3.5336074140905644,291.00079961151664,289.41124947635205,396.8835196988996,0.1519797124200986,2184.65023,1331.1628,284.92152
2023-06-20 20:00:00,3.5336074140905644,291.00079961151664,289.41124947635205,396.8835196988996,0.1519797124200986,2172.19206,1332.97278,283.6401
2023-06-20 21:00:00,3.5336074140905644,291.00079961151664,289.41124947635205,396.8835196988996,0.1519797124200986,2152.61522,1324.50323,279.09668
2023-06-20 22:00:00,4.067710382909176,295.33849342819616,290.3099089775087,625.1379062443395,0.0626328539541422,2141.67812,1333.52585,270.6466
2023-06-20 23:00:00,4.067710382909176,295.33849342819616,290.3099089775087,625.1379062443395,0.0626328539541422,2145.07738,1336.73704,274.75318
2023-06-21 00:00:00,4.19560351810273,298.9133099527449,290.5879792629354,625.0676310429458,0.0213870318918753,1955.80353,1530.77615,111.37717
2023-06-21 01:00:00,3.9221811414534007,300.2969833757292,290.55326755362324,857.9400418713652,0.0741113827188431,1900.75571,1490.76818,117.05738
2023-06-21 02:00:00,3.9221811414534007,300.2969833757292,290.55326755362324,857.9400418713652,0.0741113827188431,1811.18926,1443.11832,117.48969
2023-06-21 03:00:00,3.9221811414534007,300.2969833757292,290.55326755362324,857.9400418713652,0.0741113827188431,1747.32019,1419.16414,118.41815
2023-06-21 04:00:00,3.1165758903801644,298.68157888511985,291.3940713932941,650.6957624935588,0.2221469922865157,1670.18023,1355.88196,126.69652
2023-06-21 05:00:00,3.1165758903801644,298.68157888511985,291.3940713932941,650.6957624935588,0.2221469922865157,1613.09257,1301.4841,130.65029
2023-06-21 06:00:00,2.462347554696019,293.9557408907781,290.15797454957976,646.7513509869945,0.2250762310368076,1601.43113,1267.58085,131.11598
2023-06-21 07:00:00,2.3479022111792167,292.2449929943322,289.6635293078342,38.35251538680283,0.9211740914185,1513.42404,1223.94879,139.26222
2023-06-21 08:00:00,2.3479022111792167,292.2449929943322,289.6635293078342,38.35251538680283,0.9211740914185,1485.19235,1207.82666,142.95434
2023-06-21 09:00:00,2.3479022111792167,292.2449929943322,289.6635293078342,38.35251538680283,0.9211740914185,1484.00063,1201.38689,142.11555
2023-06-21 10:00:00,2.174256308632536,291.2420572979752,289.30177825374494,19.176358314708,0.9489849181289072,1499.11329,1184.12874,150.64753
2023-06-21 11:00:00,2.174256308632536,291.2420572979752,289.30177825374494,19.176358314708,0.9489849181289072,1614.13631,1170.38742,160.78361
2023-06-21 12:00:00,2.147120026951912,292.2284780098842,289.98586127278526,19.11773640090992,1.0427330915247102,1736.24029,1156.73947,170.86873
2023-06-21 13:00:00,3.224159076348589,298.3575380606334,290.84972614455376,0.0,1.372008228820604,1851.74251,1189.77859,174.25454
2023-06-21 14:00:00,3.224159076348589,298.3575380606334,290.84972614455376,0.0,1.372008228820604,1967.64504,1233.36114,179.94009
2023-06-21 15:00:00,3.224159076348589,298.3575380606334,290.84972614455376,0.0,1.372008228820604,2035.75214,1296.73811,190.96454
2023-06-21 16:00:00,3.781592620348207,302.6909060121718,290.3123958888375,8.456444455147526,0.3732382621933509,2069.49377,1323.10497,197.11215
2023-06-21 17:00:00,3.781592620348207,302.6909060121718,290.3123958888375,8.456444455147526,0.3732382621933509,2120.08461,1311.97531,212.56024
2023-06-21 18:00:00,3.5804282911236696,304.567463038763,289.99776389897136,8.48955525050172,0.3954868071024028,2182.70927,1342.75804,214.51314
2023-06-21 19:00:00,3.455286575276814,302.0344424677736,292.0496535478494,336.5630547713478,1.1873437877970168,2198.25017,1356.35377,214.48272
2023-06-21 20:00:00,3.455286575276814,302.0344424677736,292.0496535478494,336.5630547713478,1.1873437877970168,2186.57391,1357.77873,212.99663
2023-06-21 21:00:00,3.455286575276814,302.0344424677736,292.0496535478494,336.5630547713478,1.1873437877970168,2167.44388,1348.10578,209.07171
2023-06-21 22:00:00,3.290158923747845,296.54594983107785,290.4241775790348,501.6397668631063,0.6978252416518167,2156.58839,1356.76866,202.66645
2023-06-21 23:00:00,3.290158923747845,296.54594983107785,290.4241775790348,501.6397668631063,0.6978252416518167,2157.75234,1359.54026,208.02173
2023-06-22 00:00:00,3.3125179083486365,294.0036870458248,289.9569797667048,497.5949667259407,0.6184455868822764,1938.22436,1552.87989,202.28596
2023-06-22 01:00:00,3.249272553355052,292.42390418256,289.4853933263896,660.6931328994536,0.8698926602490792,1884.87855,1512.79418,201.87258
2023-06-22 02:00:00,3.249272553355052,292.42390418256,289.4853933263896,660.6931328994536,0.8698926602490792,1797.47703,1465.75419,196.67398
2023-06-22 03:00:00,3.249272553355052,292.42390418256,289.4853933263896,660.6931328994536,0.8698926602490792,1735.58966,1442.57406,194.1137
2023-06-22 04:00:00,3.2242610299349392,292.7330709527961,289.7128930080492,487.2806183622391,0.5078935736707568,1660.79616,1379.45628,202.62406
2023-06-22 05:00:00,3.2242610299349392,292.7330709527961,289.7128930080492,487.2806183622391,0.5078935736707568,1605.98614,1325.72274,205.43721
2023-06-22 06:00:00,4.144732592571556,299.4992969160488,291.8511022657467,492.7399616418343,0.9085930108899092,1595.60538,1292.18676,202.62262
2023-06-22 07:00:00,4.241708358751394,303.5166111309052,291.4319559315578,30.00566864528012,2.5505984330771048,1509.91465,1248.79543,208.2223
2023-06-22 08:00:00,4.241708358751394,303.5166111309052,291.4319559315578,30.00566864528012,2.5505984330771048,1482.81898,1232.61203,209.2111
2023-06-22 09:00:00,4.241708358751394,303.5166111309052,291.4319559315578,30.00566864528012,2.5505984330771048,1481.76544,1225.57202,203.18831
2023-06-22 10:00:00,4.392201801772384,304.54670850458024,290.9436237674622,15.002815843719564,2.0105477115868355,1496.29686,1207.12224,211.34253
2023-06-22 11:00:00,4.392201801772384,304.54670850458024,290.9436237674622,15.002815843719564,2.0105477115868355,1608.60263,1192.11483,220.36529
2023-06-22 12:00:00,4.513520974433898,300.4930298705987,291.5642048664072,14.809000109499042,1.5931658423018216,1727.83677,1177.03088,229.46556
2023-06-22 13:00:00,3.697235756526077,295.21769557829515,290.33642548451235,0.0,3.2099501545413505,1840.44439,1209.50681,231.37774
2023-06-22 14:00:00,3.697235756526077,295.21769557829515,290.33642548451235,0.0,3.2099501545413505,1953.75058,1253.06995,236.47941
2023-06-22 15:00:00,3.697235756526077,295.21769557829515,290.33642548451235,0.0,3.2099501545413505,2020.33,1316.69953,247.9654
2023-06-22 16:00:00,3.5584951310224744,293.30050786769414,289.86361738403195,4.410269299313891,1.61986937416043,2053.1318,1342.2139,254.59856
2023-06-22 17:00:00,3.5584951310224744,293.30050786769414,289.86361738403195,4.410269299313891,1.61986937416043,2102.51509,1329.40621,270.26252
2023-06-22 18:00:00,3.106404454734276,291.8801922130423,289.2540500758929,4.33360478611686,1.1446098128715474,2163.6086,1359.60517,269.9851
2023-06-22 19:00:00,2.806761411987591,292.33025742331506,289.7992152035224,224.0092662702753,2.2277452647431373,2178.60885,1372.98499,270.28975
2023-06-22 20:00:00,2.806761411987591,292.33025742331506,289.7992152035224,224.0092662702753,2.2277452647431373,2167.21616,1374.08737,268.96579
2023-06-22 21:00:00,2.806761411987591,292.33025742331506,289.7992152035224,224.0092662702753,2.2277452647431373,2148.39359,1363.54265,264.55086
2023-06-22 22:00:00,4.247445224739573,298.4805552972956,290.8787140619908,366.96150520760153,0.9140600071317802,2137.35429,1371.92459,256.52553
2023-06-22 23:00:00,4.247445224739573,298.4805552972956,290.8787140619908,366.96150520760153,0.9140600071317802,2138.34881,1374.40772,260.8915
2023-06-23 00:00:00,5.313695411641145,301.8499947004376,290.52723304212736,344.6151039608865,0.8086607939508856,1912.20411,1565.65042,221.76271
2023-06-23 01:00:00,5.546883135552428,303.0202870761942,290.15203405508373,518.723543513687,1.586483655189308,1860.73318,1523.12722,220.04381
2023-06-23 02:00:00,5.546883135552428,303.0202870761942,290.15203405508373,518.723543513687,1.586483655189308,1775.38058,1472.91497,213.63881
2023-06-23 03:00:00,5.546883135552428,303.0202870761942,290.15203405508373,518.723543513687,1.586483655189308,1715.06897,1447.44505,210.33111
2023-06-23 04:00:00,4.513088888944872,300.71294653380187,291.55307703967185,422.175519261072,0.7794643283457685,1641.9307,1381.55356,218.89116
2023-06-23 05:00:00,4.513088888944872,300.71294653380187,291.55307703967185,422.175519261072,0.7794643283457685,1588.05128,1324.69562,221.45993
2023-06-23 06:00:00,4.3174031642554045,296.1441021967768,291.58620237721107,421.2519399795641,0.6240280625474262,1577.68262,1288.83069,217.94256
2023-06-23 07:00:00,3.9305027749488897,294.0304104615972,291.1268763696774,37.36177877251679,1.049439706551052,1493.02973,1243.121,222.99666
2023-06-23 08:00:00,3.9305027749488897,294.0304104615972,291.1268763696774,37.36177877251679,1.049439706551052,1466.43729,1226.06559,223.40627
2023-06-23 09:00:00,3.9305027749488897,294.0304104615972,291.1268763696774,37.36177877251679,1.049439706551052,1465.66287,1218.73076,216.27285
2023-06-23 10:00:00,3.482454114645308,292.61368412208145,290.81804911356005,18.681075778921297,0.0850986156354968,1479.74359,1201.02068,224.34612
2023-06-23 11:00:00,3.482454114645308,292.61368412208145,290.81804911356005,18.681075778921297,0.0850986156354968,1590.2427,1186.91656,233.13036
2023-06-23 12:00:00,3.4464504351264496,291.8393334792873,290.43591145528285,17.95014109532868,0.1018310171183243,1707.6912,1173.01096,242.01964
2023-06-23 13:00:00,4.687094162215312,295.771358872078,290.9077670526537,0.0,0.1138008388529882,1818.97756,1207.44846,243.6161
2023-06-23 14:00:00,4.687094162215312,295.771358872078,290.9077670526537,0.0,0.1138008388529882,1930.98939,1252.93142,248.59268
2023-06-23 15:00:00,4.687094162215312,295.771358872078,290.9077670526537,0.0,0.1138008388529882,1997.07104,1318.75447,260.17756
2023-06-23 16:00:00,5.096558417058377,298.8474164287137,291.1168814294157,9.858184972747583,0.36111366289412,2029.46202,1346.92366,266.91472
2023-06-23 17:00:00,5.096558417058377,298.8474164287137,291.1168814294157,9.858184972747583,0.36111366289412,2078.23829,1336.31097,282.62495
2023-06-23 18:00:00,4.712169694621147,303.3604326105424,288.3434895807584,9.860871482181938,0.0294124380912007,2137.78713,1368.81301,281.86968
2023-06-23 19:00:00,3.8568382039960105,300.66720864762044,290.2606714784439,400.2503505420398,0.0500180303537021,2151.83129,1383.65742,282.24612
2023-06-23 20:00:00,3.8568382039960105,300.66720864762044,290.2606714784439,400.2503505420398,0.0500180303537021,2140.50957,1385.55784,280.95691
2023-06-23 21:00:00,3.8568382039960105,300.66720864762044,290.2606714784439,400.2503505420398,0.0500180303537021,2121.89299,1375.58724,276.43699
2023-06-23 22:00:00,3.041029274437899,295.70513176803087,289.2087088164873,618.5619046774267,0.0176507387589167,2110.61776,1384.42641,268.06456
2023-06-23 23:00:00,3.041029274437899,295.70513176803087,289.2087088164873,618.5619046774267,0.0176507387589167,2112.14157,1386.69621,272.21859
2023-06-24 00:00:00,3.003173194630893,294.0137141143127,291.0766123948285,612.2746020610089,0.0113658419523451,1867.23548,1573.66463,203.78122
2023-06-24 01:00:00,2.853548823297906,292.907465994734,290.95129460519945,830.5733223502646,0.0355404897817586,1818.64303,1530.40889,203.26762
2023-06-24 02:00:00,2.853548823297906,292.907465994734,290.95129460519945,830.5733223502646,0.0355404897817586,1736.18084,1479.38003,197.97641
2023-06-24 03:00:00,2.853548823297906,292.907465994734,290.95129460519945,830.5733223502646,0.0355404897817586,1677.82948,1453.38491,195.35875
2023-06-24 04:00:00,2.630454037425581,292.9859295693631,291.4176362218284,629.8055647507941,0.0750190175384109,1606.52982,1386.70844,203.87292
2023-06-24 05:00:00,2.630454037425581,292.9859295693631,291.4176362218284,629.8055647507941,0.0750190175384109,1552.8859,1329.05835,206.6673
2023-06-24 06:00:00,2.725374539499662,297.01002399444167,291.7716669885046,637.2980407686988,0.0812286952800469,1541.4791,1292.5786,203.79876
2023-06-24 07:00:00,2.937292686956238,300.49102512421155,291.6985586324445,37.19797723908364,0.2003922887443865,1457.27561,1246.23269,209.35654
2023-06-24 08:00:00,2.937292686956238,300.49102512421155,291.6985586324445,37.19797723908364,0.2003922887443865,1430.89074,1228.90857,210.30088
2023-06-24 09:00:00,2.937292686956238,300.49102512421155,291.6985586324445,37.19797723908364,0.2003922887443865,1430.64042,1221.37159,204.19283
2023-06-24 10:00:00,2.9177495361038845,301.73562742849145,291.53340832098206,18.59900478537852,0.205109743556229,1444.173,1203.64974,212.34083
2023-06-24 11:00:00,2.9177495361038845,301.73562742849145,291.53340832098206,18.59900478537852,0.205109743556229,1552.79492,1189.56797,221.34527
2023-06-24 12:00:00,2.750990046195828,300.0744428662512,291.9159417731248,19.398744877939087,0.1809374906794503,1668.54214,1175.73292,230.42935
2023-06-24 13:00:00,2.540938874972311,295.6003283714215,290.9718686362048,0.0,0.4343361593712381,1779.21125,1210.63942,232.31729
2023-06-24 14:00:00,2.540938874972311,295.6003283714215,290.9718686362048,0.0,0.4343361593712381,1890.41929,1256.68404,237.40937
2023-06-24 15:00:00,2.540938874972311,295.6003283714215,290.9718686362048,0.0,0.4343361593712381,1956.63208,1323.2014,248.90296
2023-06-24 16:00:00,2.278595054422087,294.05797450037994,290.7513967966555,7.417513536936408,0.2523460839892685,1988.86458,1351.98822,255.54408
2023-06-24 17:00:00,2.278595054422087,294.05797450037994,290.7513967966555,7.417513536936408,0.2523460839892685,2037.25522,1341.69881,271.21159
2023-06-24 18:00:00,2.172782188236372,293.23693625406344,289.6790643614768,7.852706890260945,0.1581584888087405,2094.54052,1374.76663,270.8975
2023-06-24 19:00:00,2.081251415972757,294.1223642488813,290.3873726283898,332.6897038138552,0.2703980192301636,2106.84467,1390.00076,271.20764
2023-06-24 20:00:00,2.081251415972757,294.1223642488813,290.3873726283898,332.6897038138552,0.2703980192301636,2095.44882,1392.07393,269.88637
2023-06-24 21:00:00,2.081251415972757,294.1223642488813,290.3873726283898,332.6897038138552,0.2703980192301636,2077.0483,1382.10463,265.46339
2023-06-24 22:00:00,3.03978788576692,299.8214711628714,291.3956298986741,530.8132605627055,0.1332677955349455,2065.38586,1391.02436,257.41141
2023-06-24 23:00:00,3.03978788576692,299.8214711628714,291.3956298986741,530.8132605627055,0.1332677955349455,2068.26246,1393.17573,261.76111
2023-06-25 00:00:00,3.611434081678953,304.59954013058814,291.95239040526496,544.0805171827504,0.0336988861509577,1878.08204,1528.77496,87.91837
2023-06-25 01:00:00,3.3007647644245792,306.2158555128637,291.8313022841844,760.4153433071353,0.0832737689279714,1825.29416,1485.15666,95.17103
2023-06-25 02:00:00,3.3007647644245792,306.2158555128637,291.8313022841844,760.4153433071353,0.0832737689279714,1735.85006,1432.12237,97.05638
2023-06-25 03:00:00,3.3007647644245792,306.2158555128637,291.8313022841844,760.4153433071353,0.0832737689279714,1669.64476,1403.95965,98.8851
2023-06-25 04:00:00,2.767693944171062,304.269135082523,293.81584896748177,581.7976826259949,0.0598330756795771,1588.01745,1336.32508,107.10361
2023-06-25 05:00:00,2.767693944171062,304.269135082523,293.81584896748177,581.7976826259949,0.0598330756795771,1521.04378,1276.56243,111.35171
2023-06-25 06:00:00,3.801435169748652,298.23005996620395,291.7151488773836,586.8699421675734,0.0582758948400347,1499.64675,1238.78391,112.66388
2023-06-25 07:00:00,3.820765183902579,296.51781825500865,291.32509202591314,35.86345877721514,0.1316824000823027,1402.33618,1191.41441,121.46724
2023-06-25 08:00:00,3.820765183902579,296.51781825500865,291.32509202591314,35.86345877721514,0.1316824000823027,1369.49537,1174.03231,125.85695
2023-06-25 09:00:00,3.820765183902579,296.51781825500865,291.32509202591314,35.86345877721514,0.1316824000823027,1369.52344,1167.7259,126.35587
2023-06-25 10:00:00,3.540185773658816,295.1916978413568,291.0255984626518,17.93184165994552,0.2449941791899008,1385.4173,1152.73508,134.98533
2023-06-25 11:00:00,3.540185773658816,295.1916978413568,291.0255984626518,17.93184165994552,0.2449941791899008,1506.53525,1141.58025,145.40871
2023-06-25 12:00:00,4.788657746287536,294.98024475550733,292.1743998400414,19.12754434015558,0.1396250645181525,1636.08177,1131.09833,155.74796
2023-06-25 13:00:00,6.698708841607156,299.0053295193044,292.2758627866822,0.0,0.6444617538032433,1763.01209,1167.64616,159.51404
2023-06-25 14:00:00,6.698708841607156,299.0053295193044,292.2758627866822,0.0,0.6444617538032433,1888.27149,1214.15025,165.35025
2023-06-25 15:00:00,6.698708841607156,299.0053295193044,292.2758627866822,0.0,0.6444617538032433,1964.04151,1280.60058,176.2556
2023-06-25 16:00:00,6.943110071084918,302.9740308421402,291.18944657164405,8.324589194332587,0.5844948278331739,2001.64288,1311.80326,182.27792
2023-06-25 17:00:00,6.943110071084918,302.9740308421402,291.18944657164405,8.324589194332587,0.5844948278331739,2056.54517,1305.60997,197.67031
2023-06-25 18:00:00,4.9046953334868215,308.2477154213224,292.00619062037686,9.165736298704497,0.7648370104651078,2118.29954,1340.43826,200.19874
2023-06-25 19:00:00,4.657966260304081,304.6993792639178,293.1629716096006,355.8969895781962,1.192212236684434,2130.17675,1356.45632,200.08185
2023-06-25 20:00:00,4.657966260304081,304.6993792639178,293.1629716096006,355.8969895781962,1.192212236684434,2116.9004,1359.39914,198.55392
2023-06-25 21:00:00,4.657966260304081,304.6993792639178,293.1629716096006,355.8969895781962,1.192212236684434,2097.09397,1351.4348,194.75545
2023-06-25 22:00:00,3.92528212922899,297.8331193402563,291.3588288308465,550.5827068521806,0.2166601457620836,2085.72157,1361.06,188.76824
2023-06-25 23:00:00,3.92528212922899,297.8331193402563,291.3588288308465,550.5827068521806,0.2166601457620836,2092.51133,1363.78691,194.37881
2023-06-26 00:00:00,3.332741061363797,294.82623489424606,289.7319737179481,550.7073063593076,0.3373923760456765,1888.00159,1504.01393,89.27032
2023-06-26 01:00:00,3.241220222451872,293.2286322835944,289.4147464193318,761.055238702377,0.6292973108171532,1832.9198,1455.12233,96.43236
2023-06-26 02:00:00,3.241220222451872,293.2286322835944,289.4147464193318,761.055238702377,0.6292973108171532,1739.86008,1393.5076,98.23397
2023-06-26 03:00:00,3.241220222451872,293.2286322835944,289.4147464193318,761.055238702377,0.6292973108171532,1669.72508,1358.34521,100.0108
2023-06-26 04:00:00,3.433909611524796,293.2218580924491,289.5451463863346,575.5744187167048,0.2202839873203422,1583.00859,1284.09882,108.23277
2023-06-26 05:00:00,3.433909611524796,293.2218580924491,289.5451463863346,575.5744187167048,0.2202839873203422,1509.69427,1215.73126,112.46391
2023-06-26 06:00:00,5.713787465489506,297.28210134657826,287.4817473549278,600.1156692011324,0.1997995382495709,1483.67373,1171.84766,113.72728
2023-06-26 07:00:00,6.282889963340714,300.7830056215444,286.05102167454095,38.35761592694587,0.683659877777596,1380.10485,1118.70247,122.49279
2023-06-26 08:00:00,6.282889963340714,300.7830056215444,286.05102167454095,38.35761592694587,0.683659877777596,1344.18289,1099.51345,126.84229
2023-06-26 09:00:00,6.282889963340714,300.7830056215444,286.05102167454095,38.35761592694587,0.683659877777596,1344.28711,1093.9966,127.26412
2023-06-26 10:00:00,6.138070940822731,302.1312071817839,285.72991350459733,19.17892404767398,0.692667857613013,1361.35829,1083.54067,135.88796
2023-06-26 11:00:00,6.138070940822731,302.1312071817839,285.72991350459733,19.17892404767398,0.692667857613013,1488.59665,1077.4671,146.29477
2023-06-26 12:00:00,3.596414141812069,300.4912282828007,287.3072238264134,19.14839556183379,0.6665728133258058,1624.86254,1073.09273,156.61938
2023-06-26 13:00:00,2.676198325139954,294.0428633284581,285.51854669758575,0.0,0.8848749892671781,1759.56359,1115.39544,160.36355
2023-06-26 14:00:00,2.676198325139954,294.0428633284581,285.51854669758575,0.0,0.8848749892671781,1891.56625,1166.24802,166.19106
2023-06-26 15:00:00,2.676198325139954,294.0428633284581,285.51854669758575,0.0,0.8848749892671781,1971.85083,1237.00356,177.10329
2023-06-26 16:00:00,2.546472977511897,291.889329816103,284.7017112004446,10.096429595809749,0.1180874743289062,2012.01299,1276.21292,183.13283
2023-06-26 17:00:00,2.546472977511897,291.889329816103,284.7017112004446,10.096429595809749,0.1180874743289062,2070.04162,1278.98957,198.52842
2023-06-26 18:00:00,2.695222416943764,290.30589725641494,285.10699525029213,10.149014755120543,0.0207005986227371,2134.15424,1320.38841,201.02369
2023-06-26 19:00:00,2.4743216577456177,290.7927410489044,285.97227719187333,412.7323259103217,0.0590639046718462,2146.01389,1340.20894,200.91178
2023-06-26 20:00:00,2.4743216577456177,290.7927410489044,285.97227719187333,412.7323259103217,0.0590639046718462,2131.85458,1345.7192,199.38626
2023-06-26 21:00:00,2.4743216577456177,290.7927410489044,285.97227719187333,412.7323259103217,0.0590639046718462,2111.35894,1341.14633,195.58051
2023-06-26 22:00:00,5.05677894551458,303.3831266129803,290.2118926531782,638.4076895408534,0.0624223337328356,2100.16547,1352.47462,189.56922
2023-06-26 23:00:00,5.05677894551458,303.3831266129803,290.2118926531782,638.4076895408534,0.0624223337328356,2108.66529,1355.41991,195.16506
2023-06-27 00:00:00,3.149743625670492,293.89684341665566,289.38659703017737,10.23792769733394,0.0685769636944106,1946.2388,1532.52839,163.84194
2023-06-27 01:00:00,4.553347317872606,300.4052983786361,290.4607640385935,418.0371258111577,0.1301306948887225,1890.324,1482.00086,166.00546
2023-06-27 02:00:00,4.553347317872606,300.4052983786361,290.4607640385935,418.0371258111577,0.1301306948887225,1798.71727,1418.91036,163.18809
2023-06-27 03:00:00,4.553347317872606,300.4052983786361,290.4607640385935,418.0371258111577,0.1301306948887225,1732.14663,1382.98969,162.10315
2023-06-27 04:00:00,5.11907132447365,306.198895817818,289.8081549541488,644.837760638737,0.0975614303540142,1651.22178,1307.11419,170.51541
2023-06-27 05:00:00,5.11907132447365,306.198895817818,289.8081549541488,644.837760638737,0.0975614303540142,1588.57683,1237.35166,173.81091
2023-06-27 06:00:00,5.11907132447365,306.198895817818,289.8081549541488,644.837760638737,0.0975614303540142,1572.36802,1192.31076,172.38349
2023-06-27 07:00:00,4.150848546430091,301.6757289222025,292.2909444536893,883.333911934234,0.1663666170663242,1478.96485,1137.89878,179.06008
2023-06-27 08:00:00,4.150848546430091,301.6757289222025,292.2909444536893,883.333911934234,0.1663666170663242,1448.07104,1118.09377,181.19207
2023-06-27 09:00:00,4.150848546430091,301.6757289222025,292.2909444536893,883.333911934234,0.1663666170663242,1447.16173,1111.83592,177.36152
2023-06-27 10:00:00,3.689717869449442,296.0940246522273,290.8086577157899,669.1694300223339,0.0160450591504349,1463.09978,1100.7593,185.67549
2023-06-27 11:00:00,3.689717869449442,296.0940246522273,290.8086577157899,669.1694300223339,0.0160450591504349,1582.81124,1094.10185,195.16905
2023-06-27 12:00:00,3.424050476042426,294.15189375854646,290.0625901161136,668.0832522773387,0.0482998098018343,1710.20996,1089.16395,204.68579
2023-06-27 13:00:00,3.15894044135038,292.6784112121161,289.8526981839365,39.37540871181779,0.2433271527378102,1832.38821,1132.208,207.22117
2023-06-27 14:00:00,3.15894044135038,292.6784112121161,289.8526981839365,39.37540871181779,0.2433271527378102,1953.97427,1184.27515,212.56975
2023-06-27 15:00:00,3.15894044135038,292.6784112121161,289.8526981839365,39.37540871181779,0.2433271527378102,2026.16035,1256.67063,223.86057
2023-06-27 16:00:00,3.051192247873078,292.9314756976302,290.4295529663646,19.68752612824577,1.124753246004486,2062.12032,1296.80068,230.28838
2023-06-27 17:00:00,3.051192247873078,292.9314756976302,290.4295529663646,19.68752612824577,1.124753246004486,2115.34104,1299.44385,245.86105
2023-06-27 18:00:00,4.353534631035371,298.99960382728705,291.7119572321735,19.593215474995542,0.8993888703815035,2179.14144,1341.78431,246.52681
2023-06-27 19:00:00,4.907404018749903,302.5218292166776,291.00297105501204,0.0,1.0829046766663035,2193.95456,1362.34655,246.68976
2023-06-27 20:00:00,4.907404018749903,302.5218292166776,291.00297105501204,0.0,1.0829046766663035,2181.46069,1368.07249,245.29725
2023-06-27 21:00:00,4.907404018749903,302.5218292166776,291.00297105501204,0.0,1.0829046766663035,2161.80454,1363.06685,241.08955
2023-06-27 22:00:00,4.938401033169242,303.10870921610933,290.52145583231777,9.414064728873306,0.0737791760770829,2150.94992,1374.43018,233.74931
2023-06-27 23:00:00,4.938401033169242,303.10870921610933,290.52145583231777,9.414064728873306,0.0737791760770829,2154.19257,1376.97351,238.53364
2023-06-28 00:00:00,3.9552242296208497,300.040893371686,291.9842067758125,9.479516713704374,0.0754094066197859,1941.43794,1550.11288,160.77004
2023-06-28 01:00:00,3.2730769471831045,295.3384371429601,290.6208562956208,388.39554989429934,0.222430899411939,1887.15951,1495.58907,163.13947
2023-06-28 02:00:00,3.2730769471831045,295.3384371429601,290.6208562956208,388.39554989429934,0.222430899411939,1798.24685,1427.18752,160.51237
2023-06-28 03:00:00,3.2730769471831045,295.3384371429601,290.6208562956208,388.39554989429934,0.222430899411939,1734.68712,1387.38158,159.54532
2023-06-28 04:00:00,2.922163976746995,293.2524109157736,290.2076487986576,611.3671347905608,0.0425673333957773,1657.71026,1306.91945,167.94974
2023-06-28 05:00:00,2.922163976746995,293.2524109157736,290.2076487986576,611.3671347905608,0.0425673333957773,1600.12828,1231.91631,171.28378
2023-06-28 06:00:00,2.346024249493728,292.05475603707464,290.15351970007475,593.6986132762811,0.0748111020058139,1587.69574,1182.98884,169.96721
2023-06-28 07:00:00,2.234469351969331,292.5365058958579,290.47199626399106,847.7284538893848,0.0979099712414815,1499.27436,1124.72723,176.72985
2023-06-28 08:00:00,2.234469351969331,292.5365058958579,290.47199626399106,847.7284538893848,0.0979099712414815,1470.8341,1103.49738,178.95319
2023-06-28 09:00:00,2.234469351969331,292.5365058958579,290.47199626399106,847.7284538893848,0.0979099712414815,1469.8272,1096.84781,175.29782
2023-06-28 10:00:00,3.2576254475566566,298.25083080487303,290.84755067662746,634.7819908247419,0.0122509997791964,1484.86041,1087.17157,183.62455
2023-06-28 11:00:00,3.2576254475566566,298.25083080487303,290.84755067662746,634.7819908247419,0.0122509997791964,1599.80052,1082.19532,193.15572
2023-06-28 12:00:00,3.7619696615780094,302.141939650391,289.10760390367625,581.0537554499331,0.0576175532596862,1721.93559,1079.41703,202.70575
2023-06-28 13:00:00,3.5291278183358306,302.6848950078652,288.2249816607252,39.97285030072545,0.6266633746769873,1837.93226,1125.77387,205.29091
2023-06-28 14:00:00,3.5291278183358306,302.6848950078652,288.2249816607252,39.97285030072545,0.6266633746769873,1954.17263,1181.00093,210.65923
2023-06-28 15:00:00,3.5291278183358306,302.6848950078652,288.2249816607252,39.97285030072545,0.6266633746769873,2022.73316,1256.96463,221.93446
2023-06-28 16:00:00,3.066735452615099,299.93850973911225,290.0107003483944,19.986642097494205,0.9262780348800322,2056.65299,1301.59217,228.34585
2023-06-28 17:00:00,3.066735452615099,299.93850973911225,290.0107003483944,19.986642097494205,0.9262780348800322,2107.39598,1308.10427,243.91123
2023-06-28 18:00:00,2.5761128072370645,295.2268124851224,288.56564839263785,20.227909567001905,0.8160294929582095,2169.46573,1354.32258,244.65236
2023-06-28 19:00:00,2.1477042520255702,293.2672454284099,287.98928938855573,0.0,1.1046825071972857,2184.41473,1377.32655,244.80397
2023-06-28 20:00:00,2.1477042520255702,293.2672454284099,287.98928938855573,0.0,1.1046825071972857,2172.63325,1384.41477,243.406
2023-06-28 21:00:00,2.1477042520255702,293.2672454284099,287.98928938855573,0.0,1.1046825071972857,2153.51416,1380.48799,239.21483
2023-06-28 22:00:00,2.0792867238438806,292.20365313073927,287.70199070100534,9.13367871879325,0.1732723778381588,2142.54337,1392.64676,231.92937
2023-06-28 23:00:00,2.0792867238438806,292.20365313073927,287.70199070100534,9.13367871879325,0.1732723778381588,2144.32138,1394.88387,236.74711
2023-06-29 00:00:00,1.9445100722722568,293.0312381439291,288.62926840573056,9.559948988084988,0.2940425071518524,1955.58185,1594.63376,133.16388
2023-06-29 01:00:00,2.786295915974999,298.71353230191414,289.73918794176325,387.36274597308375,0.4444459340890011,1901.08448,1542.23933,137.38374
2023-06-29 02:00:00,2.786295915974999,298.71353230191414,289.73918794176325,387.36274597308375,0.4444459340890011,1812.49484,1478.43429,136.46657
2023-06-29 03:00:00,2.786295915974999,298.71353230191414,289.73918794176325,387.36274597308375,0.4444459340890011,1749.76553,1442.80268,136.55894
2023-06-29 04:00:00,3.5083720595217933,302.8627737605965,289.2756988135233,606.7576214197738,0.0551414155749089,1674.14837,1365.41285,144.89291
2023-06-29 05:00:00,3.5083720595217933,302.8627737605965,289.2756988135233,606.7576214197738,0.0551414155749089,1619.09451,1295.10018,148.57333
2023-06-29 06:00:00,3.523290444398824,304.3373816749754,288.81599555498497,598.6259178195503,0.1697358618274951,1608.99617,1249.34039,148.25288
2023-06-29 07:00:00,3.066658434116106,301.8449134484076,291.5935351160396,828.6823426793104,0.2464906632067723,1522.982,1193.91188,155.78883
2023-06-29 08:00:00,3.066658434116106,301.8449134484076,291.5935351160396,828.6823426793104,0.2464906632067723,1495.7323,1173.35858,158.83308
2023-06-29 09:00:00,3.066658434116106,301.8449134484076,291.5935351160396,828.6823426793104,0.2464906632067723,1494.48128,1165.44998,156.75193
2023-06-29 10:00:00,3.0815090087093293,296.7301988024886,289.78340627360325,621.7245836652028,0.1815294225305199,1509.24977,1152.00878,165.19337
2023-06-29 11:00:00,3.0815090087093293,296.7301988024886,289.78340627360325,621.7245836652028,0.1815294225305199,1622.41921,1142.9203,175.06263
2023-06-29 12:00:00,3.6305121920774086,294.9339342913711,289.3305429014167,638.2870874704995,0.2202411533819662,1742.46434,1135.3311,184.91173
2023-06-29 13:00:00,3.673033752487491,293.94685023606894,289.2945636017694,37.99614103868838,0.6741814222732099,1855.49617,1178.36834,187.94438
2023-06-29 14:00:00,3.673033752487491,293.94685023606894,289.2945636017694,37.99614103868838,0.6741814222732099,1969.27248,1231.71121,193.49
2023-06-29 15:00:00,3.673033752487491,293.94685023606894,289.2945636017694,37.99614103868838,0.6741814222732099,2035.91192,1306.22678,204.62506
2023-06-29 16:00:00,3.387064960364236,294.04630497023226,290.25914950115026,18.998246205830885,1.9045100722797104,2068.83651,1346.1301,210.88903
2023-06-29 17:00:00,3.387064960364236,294.04630497023226,290.25914950115026,18.998246205830885,1.9045100722797104,2118.44248,1346.23876,226.38885
2023-06-29 18:00:00,4.861517356589458,300.0087195519182,291.59065537308936,19.06200399834423,2.17340314970495,2180.45509,1388.75773,227.80725
2023-06-29 19:00:00,5.4426713446075,305.05087543359656,291.14672483487846,0.0,4.99674784687986,2196.11719,1409.8086,227.85714
2023-06-29 20:00:00,5.4426713446075,305.05087543359656,291.14672483487846,0.0,4.99674784687986,2184.73127,1415.30604,226.40991
2023-06-29 21:00:00,5.4426713446075,305.05087543359656,291.14672483487846,0.0,4.99674784687986,2165.80953,1408.59355,222.36754
2023-06-29 22:00:00,5.355371467394119,306.60086498748205,290.34897819433684,6.7011348384717415,2.041627628466764,2154.92208,1419.59421,215.57403
2023-06-29 23:00:00,5.355371467394119,306.60086498748205,290.34897819433684,6.7011348384717415,2.041627628466764,2155.44345,1421.29506,220.6922
2023-06-30 00:00:00,4.778387614987373,304.2352085818483,291.61598830593744,6.440803373870372,1.5711483137213706,1918.71014,1595.28185,185.09728
2023-06-30 01:00:00,3.963835990266855,298.4282431264047,290.3849965890312,291.003684520049,2.750928559957769,1866.76276,1541.25125,185.83606
2023-06-30 02:00:00,3.963835990266855,298.4282431264047,290.3849965890312,291.003684520049,2.750928559957769,1780.88432,1475.05706,181.70212
2023-06-30 03:00:00,3.963835990266855,298.4282431264047,290.3849965890312,291.003684520049,2.750928559957769,1720.16276,1437.57889,179.80148
2023-06-30 04:00:00,3.578953950867957,296.00850192343574,289.8700994204104,453.2923044961983,0.6946441614258141,1646.58934,1358.2349,188.26799
2023-06-30 05:00:00,3.578953950867957,296.00850192343574,289.8700994204104,453.2923044961983,0.6946441614258141,1592.44838,1285.54565,191.29679
2023-06-30 06:00:00,3.736075155721972,294.5165882860671,290.1222810092206,461.6462309381737,0.6020624578307376,1582.05452,1238.06138,189.10242
2023-06-30 07:00:00,3.980862518625817,294.11765812848955,290.2147800282613,663.1856132553238,1.075746339846875,1497.11403,1180.96165,195.18361
2023-06-30 08:00:00,3.980862518625817,294.11765812848955,290.2147800282613,663.1856132553238,1.075746339846875,1470.38197,1159.83517,196.68352
2023-06-30 09:00:00,3.980862518625817,294.11765812848955,290.2147800282613,663.1856132553238,1.075746339846875,1469.53859,1151.94457,191.64091
2023-06-30 10:00:00,5.972396538947704,299.8440401989087,289.76331619141666,517.786858598231,0.9383186686781352,1483.73677,1139.44369,199.86655
2023-06-30 11:00:00,5.972396538947704,299.8440401989087,289.76331619141666,517.786858598231,0.9383186686781352,1594.71379,1131.43443,209.09981
2023-06-30 12:00:00,6.165998558639807,303.92359539005446,288.86345090652924,527.9457545827808,1.1064544202674524,1712.63774,1125.17458,218.38629
2023-06-30 13:00:00,6.278842173103646,305.14879532113366,288.5608181383251,42.243518311904765,3.067492492297,1824.28928,1169.75708,220.57712
2023-06-30 14:00:00,6.278842173103646,305.14879532113366,288.5608181383251,42.243518311904765,3.067492492297,1936.65479,1224.41813,225.7892
2023-06-30 15:00:00,6.278842173103646,305.14879532113366,288.5608181383251,42.243518311904765,3.067492492297,2002.88153,1300.33949,237.18792
2023-06-30 16:00:00,5.755007359102446,301.27150178395743,289.57604234498547,21.121517568969537,1.5573438097339,2035.38681,1342.36713,243.72926
2023-06-30 17:00:00,5.755007359102446,301.27150178395743,289.57604234498547,21.121517568969537,1.5573438097339,2084.32876,1344.58766,259.3524
2023-06-30 18:00:00,3.7507648021556816,295.1322723727916,287.90534828071134,22.033819937432103,1.8749231473727128,2144.2723,1388.89274,259.49668
2023-06-30 19:00:00,3.5657460447644524,293.00722652582056,287.1060309224658,0.0,2.4954935465097963,2158.55382,1411.0227,259.73795
2023-06-30 20:00:00,3.5657460447644524,293.00722652582056,287.1060309224658,0.0,2.4954935465097963,2147.21008,1417.18306,258.38338
2023-06-30 21:00:00,3.5657460447644524,293.00722652582056,287.1060309224658,0.0,2.4954935465097963,2128.53909,1411.18099,254.0611
2023-06-30 22:00:00,3.7722650515536897,291.6336591803495,286.4079151934274,8.465548528180364,0.2965066074726746,2117.32331,1422.59654,246.34205
2023-06-30 23:00:00,3.7722650515536897,291.6336591803495,286.4079151934274,8.465548528180364,0.2965066074726746,2118.72389,1424.25716,250.89509
2023-07-01 00:00:00,3.784492317073112,291.32523185980574,286.5557082107851,8.61527819364932,0.0796239638571524,1955.50168,1605.05276,250.49156
2023-07-01 01:00:00,4.992922575296314,297.52303937209047,286.7585264940917,391.4951575884961,0.0907448021703528,1901.46838,1547.39385,246.84695
2023-07-01 02:00:00,4.992922575296314,297.52303937209047,286.7585264940917,391.4951575884961,0.0907448021703528,1813.70772,1476.17426,238.66249
2023-07-01 03:00:00,4.992922575296314,297.52303937209047,286.7585264940917,391.4951575884961,0.0907448021703528,1751.94975,1434.92677,234.25228
2023-07-01 04:00:00,5.448132532275437,301.62974318431867,285.9687985064731,607.9511961740034,0.0076279406510579,1677.63156,1351.34613,242.88565
2023-07-01 05:00:00,5.448132532275437,301.62974318431867,285.9687985064731,607.9511961740034,0.0076279406510579,1624.31785,1273.68017,245.09396
2023-07-01 06:00:00,5.455494259497288,303.065848577626,286.47399640767424,621.8991106431508,0.0033561023468685,1615.56022,1222.541,240.53997
2023-07-01 07:00:00,4.146865315349675,301.0481391204432,288.61116951553413,881.8820302251909,0.0237219276979182,1531.25079,1161.85613,244.78928
2023-07-01 08:00:00,4.146865315349675,301.0481391204432,288.61116951553413,881.8820302251909,0.0237219276979182,1504.8413,1139.44522,244.34461
2023-07-01 09:00:00,4.146865315349675,301.0481391204432,288.61116951553413,881.8820302251909,0.0237219276979182,1503.53802,1131.36763,235.57293
2023-07-01 10:00:00,3.189079276321767,294.9620486659608,287.2349581994522,688.6909194844475,0.0262766812345914,1518.01344,1120.4854,243.52683
2023-07-01 11:00:00,3.189079276321767,294.9620486659608,287.2349581994522,688.6909194844475,0.0262766812345914,1629.60064,1114.37256,251.95924
2023-07-01 12:00:00,3.147203363769485,292.71199242665506,286.1576761955495,695.1533995155709,0.02083960342822,1747.88776,1110.49411,260.5373
2023-07-01 13:00:00,3.010944353101366,291.1497184606513,285.73191801556374,50.36894145062939,0.0381161346245379,1858.80633,1158.26321,261.66806
2023-07-01 14:00:00,3.010944353101366,291.1497184606513,285.73191801556374,50.36894145062939,0.0381161346245379,1970.76462,1215.8164,266.46014
2023-07-01 15:00:00,3.010944353101366,291.1497184606513,285.73191801556374,50.36894145062939,0.0381161346245379,2036.14713,1294.92543,278.19085
2023-07-01 16:00:00,2.911107217229949,291.27708494269206,286.7393455953496,25.184542530173744,0.0141975938191144,2068.37258,1341.30427,285.08147
2023-07-01 17:00:00,2.911107217229949,291.27708494269206,286.7393455953496,25.184542530173744,0.0141975938191144,2117.13647,1347.53671,300.85991
2023-07-01 18:00:00,4.024751476989342,297.6735530028284,287.8096531225626,25.14256148418516,0.0202989271383014,2178.63073,1395.55042,299.39984
2023-07-01 19:00:00,4.271769359011016,302.3970913086725,287.62598127302346,0.0,0.0596510012090712,2194.40079,1419.97241,299.88216
2023-07-01 20:00:00,4.271769359011016,302.3970913086725,287.62598127302346,0.0,0.0596510012090712,2183.2636,1427.46905,298.64418
2023-07-01 21:00:00,4.271769359011016,302.3970913086725,287.62598127302346,0.0,0.0596510012090712,2164.51978,1422.70073,293.96941
2023-07-01 22:00:00,3.906304005566682,304.51667685244183,288.00885501725304,9.826516619749128,0.0727799716317649,2153.60585,1434.92278,285.08502
2023-07-01 23:00:00,3.906304005566682,304.51667685244183,288.00885501725304,9.826516619749128,0.0727799716317649,2153.57389,1436.38572,288.92641
2023-07-02 00:00:00,3.5965665837271352,302.8771864116169,290.68289212741405,10.072060053227895,0.096825699613491,1925.0112,1562.34163,233.14442
2023-07-02 01:00:00,3.875109441585874,297.13581288803454,289.1819348062245,414.9851715838164,0.124935058285419,1869.30685,1506.69027,230.66261
2023-07-02 02:00:00,3.875109441585874,297.13581288803454,289.1819348062245,414.9851715838164,0.124935058285419,1777.00313,1437.02852,223.5526
2023-07-02 03:00:00,3.875109441585874,297.13581288803454,289.1819348062245,414.9851715838164,0.124935058285419,1708.93676,1396.40996,219.80811
2023-07-02 04:00:00,4.033910058209388,294.81662624842494,289.011842089646,631.5031724552571,0.0003015724661693,1625.63782,1314.73843,228.39721
2023-07-02 05:00:00,4.033910058209388,294.81662624842494,289.011842089646,631.5031724552571,0.0003015724661693,1558.75037,1238.51249,230.82316
2023-07-02 06:00:00,3.7431952091312906,293.3294770666248,288.916598843068,634.1270616590587,0.0147660585735295,1538.69247,1188.63623,226.89514
2023-07-02 07:00:00,4.099739501388355,293.3876712052481,289.7328003004352,883.6437967201634,0.0263980583643936,1441.23781,1129.39395,231.63039
2023-07-02 08:00:00,4.099739501388355,293.3876712052481,289.7328003004352,883.6437967201634,0.0263980583643936,1408.34057,1107.75074,231.70155
2023-07-02 09:00:00,4.099739501388355,293.3876712052481,289.7328003004352,883.6437967201634,0.0263980583643936,1407.81157,1100.79282,223.91908
2023-07-02 10:00:00,5.571987519282279,299.6640138524979,290.69986972460214,689.5361973238877,0.0441447584179672,1424.2219,1091.1047,231.94509
2023-07-02 11:00:00,5.571987519282279,299.6640138524979,290.69986972460214,689.5361973238877,0.0441447584179672,1546.99767,1086.16903,240.58991
2023-07-02 12:00:00,5.273450999448032,306.80652039695,290.46018369040314,696.8080326215509,0.0463371115871817,1677.98494,1083.50656,249.35589
2023-07-02 13:00:00,5.271626143593558,310.00824232630924,289.5385087081332,49.64156736925327,0.1197634467879837,1805.1568,1130.58842,250.76787
2023-07-02 14:00:00,5.271626143593558,310.00824232630924,289.5385087081332,49.64156736925327,0.1197634467879837,1930.90864,1186.68031,255.67135
2023-07-02 15:00:00,5.271626143593558,310.00824232630924,289.5385087081332,49.64156736925327,0.1197634467879837,2006.3021,1263.71181,267.314
2023-07-02 16:00:00,4.196712989566786,307.9394886739291,291.19666017813154,24.820542643037548,0.0079247295523648,2043.93557,1309.2945,274.11197
2023-07-02 17:00:00,4.196712989566786,307.9394886739291,291.19666017813154,24.820542643037548,0.0079247295523648,2099.07969,1316.31263,289.84922
2023-07-02 18:00:00,3.849862297493104,300.7606661757874,291.00293393827883,24.984219294706463,0.0159174344929005,2163.09846,1363.40483,288.81474
2023-07-02 19:00:00,3.9277591956481688,298.7698072538472,290.9222500066801,0.0,0.0513060661180816,2176.8127,1387.00996,289.23311
2023-07-02 20:00:00,3.9277591956481688,298.7698072538472,290.9222500066801,0.0,0.0513060661180816,2163.661,1394.36584,287.96422
2023-07-02 21:00:00,3.9277591956481688,298.7698072538472,290.9222500066801,0.0,0.0513060661180816,2143.66283,1390.44541,283.38295
2023-07-02 22:00:00,3.6466252160630295,297.3589318477014,290.7941753549114,9.142768571132995,0.0579646723684021,2132.68989,1402.72955,274.80767
2023-07-02 23:00:00,3.6466252160630295,297.3589318477014,290.7941753549114,9.142768571132995,0.0579646723684021,2137.9616,1404.7859,278.83784
2023-07-03 00:00:00,3.5605135504684418,297.3209678582132,291.6499199435118,9.133503529443082,0.178128450069487,1945.14842,1525.37173,124.76147
2023-07-03 01:00:00,4.973530608612482,303.78827758041905,292.34119629525753,368.6218475519529,0.4336685733968071,1886.49981,1466.07183,129.54453
2023-07-03 02:00:00,4.973530608612482,303.78827758041905,292.34119629525753,368.6218475519529,0.4336685733968071,1789.92999,1391.02083,129.14782
2023-07-03 03:00:00,4.973530608612482,303.78827758041905,292.34119629525753,368.6218475519529,0.4336685733968071,1717.49618,1346.73386,129.56263
2023-07-03 04:00:00,4.748042937298608,309.1902410769861,291.0388614843232,568.1979228713989,0.2219708404865236,1628.7004,1262.4509,137.87516
2023-07-03 05:00:00,4.748042937298608,309.1902410769861,291.0388614843232,568.1979228713989,0.2219708404865236,1555.432,1183.29013,141.66101
2023-07-03 06:00:00,5.004606373991362,311.6319613634415,289.48379802206546,580.4049944814726,0.1118596296821425,1530.99701,1132.26633,141.64374
2023-07-03 07:00:00,4.592714242512105,307.84693452062737,291.5463229503214,759.7564666854312,0.147915919491523,1427.19524,1072.06891,149.41506
2023-07-03 08:00:00,4.592714242512105,307.84693452062737,291.5463229503214,759.7564666854312,0.147915919491523,1391.1764,1051.25336,152.70917
2023-07-03 09:00:00,4.592714242512105,307.84693452062737,291.5463229503214,759.7564666854312,0.147915919491523,1390.60407,1046.93838,151.10716
2023-07-03 10:00:00,4.306041118011258,300.3587702792046,290.6041989259262,590.4954238680574,0.1391338211345638,1408.31394,1041.8075,159.58351
2023-07-03 11:00:00,4.306041118011258,300.3587702792046,290.6041989259262,590.4954238680574,0.1391338211345638,1537.62439,1041.44176,169.55568
2023-07-03 12:00:00,3.892708951345888,298.33510908960886,290.8662969504603,588.7866438088108,0.1115501763152491,1675.70399,1043.90772,179.49581
2023-07-03 13:00:00,3.372514900554481,296.95119267079144,290.5864544274843,42.08134415311935,0.2471709416790959,1810.77009,1096.26428,182.66466
2023-07-03 14:00:00,3.372514900554481,296.95119267079144,290.5864544274843,42.08134415311935,0.2471709416790959,1943.43403,1155.45363,188.26424
2023-07-03 15:00:00,3.372514900554481,296.95119267079144,290.5864544274843,42.08134415311935,0.2471709416790959,2023.30232,1234.66062,199.35664
2023-07-03 16:00:00,3.169192189693162,296.92565251684806,291.1342914993624,21.04081717418275,0.0541861495515869,2063.52724,1283.98099,205.57574
2023-07-03 17:00:00,3.169192189693162,296.92565251684806,291.1342914993624,21.04081717418275,0.0541861495515869,2121.87874,1295.3288,221.05563
2023-07-03 18:00:00,4.529023821660003,303.6345659761347,291.537783047287,21.451647294263346,0.0664220117511897,2188.7662,1345.10392,222.68016
2023-07-03 19:00:00,4.685165741378444,308.9678819610846,290.2788849259184,0.0,0.0943459868596447,2202.85901,1368.24548,222.69906
2023-07-03 20:00:00,4.685165741378444,308.9678819610846,290.2788849259184,0.0,0.0943459868596447,2188.84292,1375.17752,221.23684
2023-07-03 21:00:00,4.685165741378444,308.9678819610846,290.2788849259184,0.0,0.0943459868596447,2168.1079,1371.03283,217.23979
2023-07-03 22:00:00,5.290496815082471,310.1215581752845,289.3437428909865,8.453725693991228,0.034641245470658,2157.40169,1382.61784,210.596
2023-07-03 23:00:00,5.290496815082471,310.1215581752845,289.3437428909865,8.453725693991228,0.034641245470658,2164.07182,1382.27174,215.80562
2023-07-04 00:00:00,5.476684938326974,304.7963501457581,291.3026448397108,8.789438589081369,0.3570726019291689,1939.19844,1552.63481,184.9332
2023-07-04 01:00:00,3.9589250438096166,299.0164861741219,291.61513975021967,378.9197709121993,0.4244775819069009,1883.69072,1491.75084,185.68298
2023-07-04 02:00:00,3.9589250438096166,299.0164861741219,291.61513975021967,378.9197709121993,0.4244775819069009,1792.45824,1414.52906,181.55921
2023-07-04 03:00:00,3.9589250438096166,299.0164861741219,291.61513975021967,378.9197709121993,0.4244775819069009,1726.10252,1368.30569,179.66488
2023-07-04 04:00:00,3.184662290674127,297.0066929864264,291.8825252087722,609.984472119032,0.0597570179043026,1645.34234,1281.10296,188.13096
2023-07-04 05:00:00,3.184662290674127,297.0066929864264,291.8825252087722,609.984472119032,0.0597570179043026,1582.56884,1198.31224,191.16181
2023-07-04 06:00:00,2.535678522422897,295.4589451524006,292.1967732128347,601.5663098016902,0.0378880706948012,1566.06984,1144.03856,188.97336
2023-07-04 07:00:00,2.466650342135868,295.5550335539105,292.8995102275618,776.520372314223,0.0949630516010756,1472.57512,1080.5795,195.05915
2023-07-04 08:00:00,2.466650342135868,295.5550335539105,292.8995102275618,776.520372314223,0.0949630516010756,1441.63381,1057.91963,196.56395
2023-07-04 09:00:00,2.466650342135868,295.5550335539105,292.8995102275618,776.520372314223,0.0949630516010756,1440.81173,1051.94756,191.53069
2023-07-04 10:00:00,3.8489052711235696,300.4166141263628,293.2805457479159,561.8803404264677,0.0081091247029478,1456.69148,1046.04709,199.757
2023-07-04 11:00:00,3.8489052711235696,300.4166141263628,293.2805457479159,561.8803404264677,0.0081091247029478,1576.25943,1045.2159,208.99227
2023-07-04 12:00:00,4.47517310953501,303.0877132770815,292.4984016817833,577.2522523053242,0.039569591995725,1703.55868,1047.43089,218.28053
2023-07-04 13:00:00,5.20005747735691,302.8819191275654,291.7865957215397,36.45768727544509,0.0546545469956582,1825.84086,1100.07593,220.47402
2023-07-04 14:00:00,5.20005747735691,302.8819191275654,291.7865957215397,36.45768727544509,0.0546545469956582,1947.47371,1160.43329,225.68716
2023-07-04 15:00:00,5.20005747735691,302.8819191275654,291.7865957215397,36.45768727544509,0.0546545469956582,2019.79999,1241.6136,237.08503
2023-07-04 16:00:00,4.77345561041244,299.4734851566717,292.3136722095364,18.229281250262083,0.0119798647478591,2055.80155,1293.46178,243.62548
2023-07-04 17:00:00,4.77345561041244,299.4734851566717,292.3136722095364,18.229281250262083,0.0119798647478591,2109.04185,1306.82725,259.24825
2023-07-04 18:00:00,3.453166743108344,295.13339317489545,291.7592152296355,18.491883158323127,0.0018779045439716,2172.5368,1359.02752,259.39656
2023-07-04 19:00:00,3.1248338059046934,293.7292107032264,291.5002794991894,0.0,0.0060065532954341,2187.06707,1384.92492,259.63725
2023-07-04 20:00:00,3.1248338059046934,293.7292107032264,291.5002794991894,0.0,0.0060065532954341,2174.53779,1393.60709,258.28236
2023-07-04 21:00:00,3.1248338059046934,293.7292107032264,291.5002794991894,0.0,0.0060065532954341,2154.89877,1391.12161,253.96095
2023-07-04 22:00:00,3.010844710319904,293.0687385817241,291.4735742177543,8.683123332261506,0.0141524022653785,2143.98599,1404.05502,246.24485
2023-07-04 23:00:00,3.010844710319904,293.0687385817241,291.4735742177543,8.683123332261506,0.0141524022653785,2147.49322,1405.03839,250.79968
2023-07-05 00:00:00,3.230912566060355,293.4873688964786,291.7040287414467,8.786986248073203,0.026122817041861,1974.52303,1583.05028,237.13569
2023-07-05 01:00:00,4.621516485746319,303.06149600837705,291.2768919959036,361.3620591491773,0.2224262427014338,1918.21512,1522.08328,234.38634
2023-07-05 02:00:00,4.621516485746319,303.06149600837705,291.2768919959036,361.3620591491773,0.2224262427014338,1827.33415,1445.26898,227.02912
2023-07-05 03:00:00,4.621516485746319,303.06149600837705,291.2768919959036,361.3620591491773,0.2224262427014338,1762.5185,1399.3776,223.13146
2023-07-05 04:00:00,4.642358306931632,304.3089657435029,290.5746606895945,572.5329726052532,0.2645740057761968,1684.43829,1311.57382,231.73075
2023-07-05 05:00:00,4.642358306931632,304.3089657435029,290.5746606895945,572.5329726052532,0.2645740057761968,1627.01768,1228.282,234.10663
2023-07-05 06:00:00,3.9802148563969504,301.94521978830755,290.4641787142561,559.5136149701973,0.3693428396080978,1615.60715,1173.18124,230.03454
2023-07-05 07:00:00,3.0926125129096333,296.05743959405123,289.9536254469294,801.4284243094168,0.4572887917408443,1527.18275,1108.77927,234.65803
2023-07-05 08:00:00,3.0926125129096333,296.05743959405123,289.9536254469294,801.4284243094168,0.4572887917408443,1498.75141,1085.24493,234.6105
2023-07-05 09:00:00,3.0926125129096333,296.05743959405123,289.9536254469294,801.4284243094168,0.4572887917408443,1497.34881,1077.83883,226.60043
2023-07-05 10:00:00,2.414130971530573,294.14246641992133,289.80116297354675,600.4278963409098,0.0132994261474449,1512.72907,1070.16379,234.60982
2023-07-05 11:00:00,2.414130971530573,294.14246641992133,289.80116297354675,600.4278963409098,0.0132994261474449,1628.74647,1067.62457,243.20581
2023-07-05 12:00:00,2.221029720058972,293.59748102771374,290.3256623707585,594.3446194759997,0.0329995214311527,1751.79573,1068.017,251.92854
2023-07-05 13:00:00,2.012290943845933,294.0197873262691,290.7742665676268,38.2702595884853,0.1168451900986845,1867.84005,1119.58294,253.27581
2023-07-05 14:00:00,2.012290943845933,294.0197873262691,290.7742665676268,38.2702595884853,0.1168451900986845,1984.32253,1179.88808,258.15367
2023-07-05 15:00:00,2.012290943845933,294.0197873262691,290.7742665676268,38.2702595884853,0.1168451900986845,2052.54465,1261.64358,269.81658
2023-07-05 16:00:00,2.7036327856082565,300.4482609600603,291.1546257287216,19.13510043188581,0.325406834215575,2086.44663,1313.32465,276.63587
2023-07-05 17:00:00,2.7036327856082565,300.4482609600603,291.1546257287216,19.13510043188581,0.325406834215575,2137.31154,1325.70534,292.38257
2023-07-05 18:00:00,3.044589453138206,305.5352214767211,289.9260693858571,18.62603668048112,0.2118754023581995,2200.94785,1378.03697,291.25019
2023-07-05 19:00:00,3.144073526416347,306.63496953027754,289.13349187847655,0.0,1.0595849576685288,2217.19826,1404.92255,291.68327
2023-07-05 20:00:00,3.144073526416347,306.63496953027754,289.13349187847655,0.0,1.0595849576685288,2205.51912,1414.13369,290.42148
2023-07-05 21:00:00,3.144073526416347,306.63496953027754,289.13349187847655,0.0,1.0595849576685288,2186.27508,1411.7584,285.81868
2023-07-05 22:00:00,3.376733519846508,302.4603999297248,291.56980755851544,8.471277073194745,0.3749087375030578,2175.58441,1425.13681,277.1723
2023-07-05 23:00:00,3.376733519846508,302.4603999297248,291.56980755851544,8.471277073194745,0.3749087375030578,2176.26024,1426.82084,281.15905
2023-07-06 00:00:00,3.250517662696417,296.9727331337946,290.7009413830356,8.163496853065885,1.0097530893289206,1914.03624,1608.10989,223.06974
2023-07-06 01:00:00,2.891764407592971,295.17890570338704,290.77894331121684,378.66425271084006,1.4161855406811146,1862.0975,1547.4082,221.26323
2023-07-06 02:00:00,2.891764407592971,295.17890570338704,290.77894331121684,378.66425271084006,1.4161855406811146,1775.99782,1471.806,214.77727
2023-07-06 03:00:00,2.891764407592971,295.17890570338704,290.77894331121684,378.66425271084006,1.4161855406811146,1714.86759,1427.19646,211.41939
2023-07-06 04:00:00,2.33738828643404,294.10015258177066,290.7473466568429,607.524468594932,0.1768722800646089,1640.66513,1340.00291,219.98279
2023-07-06 05:00:00,2.33738828643404,294.10015258177066,290.7473466568429,607.524468594932,0.1768722800646089,1585.44731,1257.98257,222.53514
2023-07-06 06:00:00,2.515981299203567,294.51355409174903,291.6171173108739,614.7573473234918,0.1865888069772752,1574.09565,1203.6735,218.97062
2023-07-06 07:00:00,3.67535662591184,300.4875488668453,292.5123465014732,860.2492646822956,0.2072733036441475,1488.12322,1139.90762,223.98811
2023-07-06 08:00:00,3.67535662591184,300.4875488668453,292.5123465014732,860.2492646822956,0.2072733036441475,1460.88101,1116.4275,224.35884
2023-07-06 09:00:00,3.67535662591184,300.4875488668453,292.5123465014732,860.2492646822956,0.2072733036441475,1460.12587,1108.33309,217.15089
2023-07-06 10:00:00,4.235456852852662,305.1357468660193,292.1386796010984,656.4404552479116,0.0469159549703733,1474.45216,1099.09609,225.21875
2023-07-06 11:00:00,4.235456852852662,305.1357468660193,292.1386796010984,656.4404552479116,0.0469159549703733,1586.23325,1094.87989,233.98696
2023-07-06 12:00:00,0.0,0.0,0.0,0.0,0.0,1705.09141,1093.3478,242.86209
2023-07-06 13:00:00,0.0,0.0,0.0,0.0,0.0,1818.01586,1143.9373,244.43737
2023-07-06 14:00:00,0.0,0.0,0.0,0.0,0.0,1931.44771,1203.93528,249.40557
2023-07-06 15:00:00,0.0,0.0,0.0,0.0,0.0,1998.48386,1285.67443,260.99706
2023-07-06 16:00:00,0.0,0.0,0.0,0.0,0.0,2031.41507,1335.92407,267.74122
2023-07-06 17:00:00,0.0,0.0,0.0,0.0,0.0,2080.84932,1345.935,283.45455
